File Path,Label,Frame Count,Width,Height
original/000.mp4,REAL,396,640,480
original/001.mp4,REAL,460,1280,720
original/002.mp4,REAL,693,1280,720
original/003.mp4,REAL,303,640,480
original/004.mp4,REAL,309,1280,720
original/005.mp4,REAL,385,720,480
original/006.mp4,REAL,310,1280,720
original/007.mp4,REAL,505,600,480
original/008.mp4,REAL,637,640,480
original/009.mp4,REAL,588,640,480
original/010.mp4,REAL,474,640,480
original/011.mp4,REAL,632,1280,720
original/012.mp4,REAL,363,640,480
original/013.mp4,REAL,332,640,480
original/014.mp4,REAL,676,640,480
original/015.mp4,REAL,437,640,480
original/016.mp4,REAL,678,640,480
original/017.mp4,REAL,398,1280,720
original/018.mp4,REAL,432,640,480
original/019.mp4,REAL,1385,640,480
original/020.mp4,REAL,390,1280,720
original/021.mp4,REAL,431,654,480
original/022.mp4,REAL,325,1280,720
original/023.mp4,REAL,553,640,480
original/024.mp4,REAL,306,640,480
original/025.mp4,REAL,747,1440,1080
original/026.mp4,REAL,322,640,480
original/027.mp4,REAL,315,640,480
original/028.mp4,REAL,434,848,480
original/029.mp4,REAL,416,586,480
original/030.mp4,REAL,297,1920,1080
original/031.mp4,REAL,482,1280,720
original/032.mp4,REAL,310,1280,720
original/033.mp4,REAL,809,854,480
original/034.mp4,REAL,407,960,720
original/035.mp4,REAL,423,640,480
original/036.mp4,REAL,337,640,480
original/037.mp4,REAL,454,656,480
original/038.mp4,REAL,305,854,480
original/039.mp4,REAL,609,654,480
original/040.mp4,REAL,548,1280,720
original/041.mp4,REAL,349,656,480
original/042.mp4,REAL,338,640,480
original/043.mp4,REAL,495,1280,720
original/044.mp4,REAL,335,1280,720
original/045.mp4,REAL,350,1920,1080
original/046.mp4,REAL,504,1280,720
original/047.mp4,REAL,319,854,480
original/048.mp4,REAL,485,640,480
original/049.mp4,REAL,360,640,480
original/050.mp4,REAL,530,640,480
original/051.mp4,REAL,717,1280,720
original/052.mp4,REAL,323,1920,1080
original/053.mp4,REAL,417,656,480
original/054.mp4,REAL,368,640,480
original/055.mp4,REAL,394,640,480
original/056.mp4,REAL,373,1280,720
original/057.mp4,REAL,431,656,480
original/058.mp4,REAL,669,720,480
original/059.mp4,REAL,721,640,480
original/060.mp4,REAL,844,600,480
original/061.mp4,REAL,337,654,480
original/062.mp4,REAL,423,640,480
original/063.mp4,REAL,930,640,480
original/064.mp4,REAL,402,640,480
original/065.mp4,REAL,442,1280,720
original/066.mp4,REAL,435,720,480
original/067.mp4,REAL,538,1280,720
original/068.mp4,REAL,401,640,480
original/069.mp4,REAL,774,1280,720
original/070.mp4,REAL,367,640,480
original/071.mp4,REAL,453,654,480
original/072.mp4,REAL,311,656,480
original/073.mp4,REAL,703,1280,720
original/074.mp4,REAL,345,1920,1080
original/075.mp4,REAL,613,1280,720
original/076.mp4,REAL,329,1280,720
original/077.mp4,REAL,611,640,480
original/078.mp4,REAL,523,1280,720
original/079.mp4,REAL,424,1280,720
original/080.mp4,REAL,483,656,480
original/081.mp4,REAL,1170,600,480
original/082.mp4,REAL,316,640,480
original/083.mp4,REAL,545,1920,1080
original/084.mp4,REAL,375,1920,1080
original/085.mp4,REAL,329,640,480
original/086.mp4,REAL,935,1280,720
original/087.mp4,REAL,309,640,480
original/088.mp4,REAL,665,640,480
original/089.mp4,REAL,751,1280,720
original/090.mp4,REAL,687,1280,720
original/091.mp4,REAL,639,658,480
original/092.mp4,REAL,460,720,480
original/093.mp4,REAL,308,1280,720
original/094.mp4,REAL,559,1280,720
original/095.mp4,REAL,1006,640,480
original/096.mp4,REAL,504,1920,1080
original/097.mp4,REAL,478,640,480
original/098.mp4,REAL,299,656,480
original/099.mp4,REAL,613,1920,1080
original/100.mp4,REAL,423,640,480
original/101.mp4,REAL,1148,854,480
original/102.mp4,REAL,389,720,480
original/103.mp4,REAL,595,656,480
original/104.mp4,REAL,462,640,480
original/105.mp4,REAL,300,640,480
original/106.mp4,REAL,356,854,480
original/107.mp4,REAL,556,640,480
original/108.mp4,REAL,300,1440,1080
original/109.mp4,REAL,298,640,480
original/110.mp4,REAL,565,960,720
original/111.mp4,REAL,433,640,480
original/112.mp4,REAL,418,1920,1080
original/113.mp4,REAL,841,1280,720
original/114.mp4,REAL,1269,640,480
original/115.mp4,REAL,320,1280,720
original/116.mp4,REAL,327,640,480
original/117.mp4,REAL,548,1280,720
original/118.mp4,REAL,352,852,480
original/119.mp4,REAL,502,640,480
original/120.mp4,REAL,405,640,480
original/121.mp4,REAL,553,1920,1080
original/122.mp4,REAL,309,1264,720
original/123.mp4,REAL,514,640,480
original/124.mp4,REAL,318,600,480
original/125.mp4,REAL,500,1280,720
original/126.mp4,REAL,328,640,480
original/127.mp4,REAL,864,1280,720
original/128.mp4,REAL,735,640,480
original/129.mp4,REAL,330,1280,720
original/130.mp4,REAL,662,656,480
original/131.mp4,REAL,306,600,480
original/132.mp4,REAL,413,640,480
original/133.mp4,REAL,767,720,480
original/134.mp4,REAL,346,1280,720
original/135.mp4,REAL,327,1280,720
original/136.mp4,REAL,611,1280,720
original/137.mp4,REAL,606,720,480
original/138.mp4,REAL,410,600,480
original/139.mp4,REAL,378,600,480
original/140.mp4,REAL,485,640,480
original/141.mp4,REAL,508,854,480
original/142.mp4,REAL,962,600,480
original/143.mp4,REAL,414,640,480
original/144.mp4,REAL,344,1280,720
original/145.mp4,REAL,475,600,480
original/146.mp4,REAL,1003,1280,720
original/147.mp4,REAL,667,600,480
original/148.mp4,REAL,475,640,480
original/149.mp4,REAL,363,854,480
original/150.mp4,REAL,456,854,480
original/151.mp4,REAL,347,1280,720
original/152.mp4,REAL,313,656,480
original/153.mp4,REAL,732,640,480
original/154.mp4,REAL,594,1280,720
original/155.mp4,REAL,829,854,480
original/156.mp4,REAL,518,640,480
original/157.mp4,REAL,486,656,480
original/158.mp4,REAL,444,640,480
original/159.mp4,REAL,325,600,480
original/160.mp4,REAL,534,1280,720
original/161.mp4,REAL,369,640,480
original/162.mp4,REAL,685,1280,720
original/163.mp4,REAL,304,1280,720
original/164.mp4,REAL,1021,854,480
original/165.mp4,REAL,387,656,480
original/166.mp4,REAL,756,640,480
original/167.mp4,REAL,341,854,480
original/168.mp4,REAL,1228,640,480
original/169.mp4,REAL,649,640,480
original/170.mp4,REAL,504,1920,1080
original/171.mp4,REAL,541,1280,720
original/172.mp4,REAL,752,640,480
original/173.mp4,REAL,721,1280,720
original/174.mp4,REAL,414,1280,720
original/175.mp4,REAL,504,640,480
original/176.mp4,REAL,376,1920,1080
original/177.mp4,REAL,410,854,480
original/178.mp4,REAL,521,640,480
original/179.mp4,REAL,1260,640,480
original/180.mp4,REAL,569,640,480
original/181.mp4,REAL,478,640,480
original/182.mp4,REAL,620,1280,720
original/183.mp4,REAL,390,1280,720
original/184.mp4,REAL,1254,1280,720
original/185.mp4,REAL,875,854,480
original/186.mp4,REAL,334,1920,1080
original/187.mp4,REAL,986,1280,720
original/188.mp4,REAL,310,1280,720
original/189.mp4,REAL,512,640,480
original/190.mp4,REAL,331,1920,1080
original/191.mp4,REAL,372,1920,1080
original/192.mp4,REAL,287,1280,720
original/193.mp4,REAL,372,1920,1080
original/194.mp4,REAL,567,640,480
original/195.mp4,REAL,333,1280,720
original/196.mp4,REAL,426,656,480
original/197.mp4,REAL,880,640,480
original/198.mp4,REAL,392,720,480
original/199.mp4,REAL,368,1280,720
original/200.mp4,REAL,719,854,480
original/201.mp4,REAL,863,656,480
original/202.mp4,REAL,323,854,480
original/203.mp4,REAL,446,640,480
original/204.mp4,REAL,515,960,720
original/205.mp4,REAL,307,854,480
original/206.mp4,REAL,714,656,480
original/207.mp4,REAL,346,1920,1080
original/208.mp4,REAL,465,640,480
original/209.mp4,REAL,337,854,480
original/210.mp4,REAL,839,654,480
original/211.mp4,REAL,527,1280,720
original/212.mp4,REAL,415,854,480
original/213.mp4,REAL,378,1280,720
original/214.mp4,REAL,462,854,480
original/215.mp4,REAL,588,720,480
original/216.mp4,REAL,476,644,480
original/217.mp4,REAL,702,1920,1080
original/218.mp4,REAL,353,640,480
original/219.mp4,REAL,350,1280,720
original/220.mp4,REAL,357,720,480
original/221.mp4,REAL,718,1280,720
original/222.mp4,REAL,407,640,480
original/223.mp4,REAL,336,1920,1080
original/224.mp4,REAL,488,640,480
original/225.mp4,REAL,304,1280,720
original/226.mp4,REAL,328,1280,720
original/227.mp4,REAL,441,1280,720
original/228.mp4,REAL,556,854,480
original/229.mp4,REAL,392,854,480
original/230.mp4,REAL,372,1280,720
original/231.mp4,REAL,573,720,480
original/232.mp4,REAL,574,720,480
original/233.mp4,REAL,675,1280,720
original/234.mp4,REAL,528,1280,720
original/235.mp4,REAL,312,854,480
original/236.mp4,REAL,651,656,480
original/237.mp4,REAL,757,1280,720
original/238.mp4,REAL,622,640,480
original/239.mp4,REAL,588,640,480
original/240.mp4,REAL,1274,720,480
original/241.mp4,REAL,292,854,480
original/242.mp4,REAL,331,640,480
original/243.mp4,REAL,387,1280,720
original/244.mp4,REAL,557,1920,1080
original/245.mp4,REAL,334,640,480
original/246.mp4,REAL,496,1280,720
original/247.mp4,REAL,399,656,480
original/248.mp4,REAL,496,1280,720
original/249.mp4,REAL,632,854,480
original/250.mp4,REAL,564,1280,720
original/251.mp4,REAL,346,1920,1080
original/252.mp4,REAL,572,800,480
original/253.mp4,REAL,501,1280,720
original/254.mp4,REAL,427,1280,720
original/255.mp4,REAL,470,1280,720
original/256.mp4,REAL,546,1280,720
original/257.mp4,REAL,763,656,480
original/258.mp4,REAL,498,1280,720
original/259.mp4,REAL,444,640,480
original/260.mp4,REAL,302,640,480
original/261.mp4,REAL,677,600,480
original/262.mp4,REAL,397,600,480
original/263.mp4,REAL,300,1280,720
original/264.mp4,REAL,455,854,480
original/265.mp4,REAL,552,1920,1080
original/266.mp4,REAL,465,720,480
original/267.mp4,REAL,306,1280,720
original/268.mp4,REAL,1465,654,480
original/269.mp4,REAL,387,640,480
original/270.mp4,REAL,311,656,480
original/271.mp4,REAL,490,640,480
original/272.mp4,REAL,323,1280,720
original/273.mp4,REAL,322,1280,720
original/274.mp4,REAL,474,1280,720
original/275.mp4,REAL,424,640,480
original/276.mp4,REAL,331,656,480
original/277.mp4,REAL,966,1280,720
original/278.mp4,REAL,449,640,480
original/279.mp4,REAL,906,640,480
original/280.mp4,REAL,606,854,480
original/281.mp4,REAL,309,1280,720
original/282.mp4,REAL,594,854,480
original/283.mp4,REAL,966,640,480
original/284.mp4,REAL,483,1920,1080
original/285.mp4,REAL,383,1280,720
original/286.mp4,REAL,668,1280,720
original/287.mp4,REAL,475,1280,720
original/288.mp4,REAL,543,640,480
original/289.mp4,REAL,597,720,480
original/290.mp4,REAL,422,640,480
original/291.mp4,REAL,330,1920,1080
original/292.mp4,REAL,425,1280,720
original/293.mp4,REAL,758,656,480
original/294.mp4,REAL,604,1280,720
original/295.mp4,REAL,411,1920,1080
original/296.mp4,REAL,336,640,480
original/297.mp4,REAL,390,656,480
original/298.mp4,REAL,569,640,480
original/299.mp4,REAL,314,640,480
original/300.mp4,REAL,598,600,480
original/301.mp4,REAL,763,640,480
original/302.mp4,REAL,875,854,480
original/303.mp4,REAL,571,656,480
original/304.mp4,REAL,610,640,480
original/305.mp4,REAL,843,1280,720
original/306.mp4,REAL,728,600,480
original/307.mp4,REAL,378,640,480
original/308.mp4,REAL,502,1280,720
original/309.mp4,REAL,850,600,480
original/310.mp4,REAL,375,1280,720
original/311.mp4,REAL,368,960,720
original/312.mp4,REAL,428,640,480
original/313.mp4,REAL,481,654,480
original/314.mp4,REAL,413,1280,720
original/315.mp4,REAL,304,854,480
original/316.mp4,REAL,566,640,480
original/317.mp4,REAL,682,640,480
original/318.mp4,REAL,475,656,480
original/319.mp4,REAL,717,854,480
original/320.mp4,REAL,504,1280,720
original/321.mp4,REAL,567,640,480
original/322.mp4,REAL,313,1280,720
original/323.mp4,REAL,456,656,480
original/324.mp4,REAL,1249,640,480
original/325.mp4,REAL,1421,1280,720
original/326.mp4,REAL,914,640,480
original/327.mp4,REAL,495,640,480
original/328.mp4,REAL,319,1280,720
original/329.mp4,REAL,415,654,480
original/330.mp4,REAL,407,1280,720
original/331.mp4,REAL,469,1280,720
original/332.mp4,REAL,695,1280,720
original/333.mp4,REAL,429,640,480
original/334.mp4,REAL,1339,600,480
original/335.mp4,REAL,384,1280,720
original/336.mp4,REAL,507,656,480
original/337.mp4,REAL,331,640,480
original/338.mp4,REAL,889,600,480
original/339.mp4,REAL,457,640,480
original/340.mp4,REAL,293,1920,1080
original/341.mp4,REAL,827,960,720
original/342.mp4,REAL,302,1280,720
original/343.mp4,REAL,299,656,480
original/344.mp4,REAL,631,1280,720
original/345.mp4,REAL,423,854,480
original/346.mp4,REAL,615,454,480
original/347.mp4,REAL,458,854,480
original/348.mp4,REAL,414,854,480
original/349.mp4,REAL,471,1280,720
original/350.mp4,REAL,405,854,480
original/351.mp4,REAL,684,640,480
original/352.mp4,REAL,421,720,480
original/353.mp4,REAL,358,1280,720
original/354.mp4,REAL,460,1280,720
original/355.mp4,REAL,499,1920,1080
original/356.mp4,REAL,558,1280,720
original/357.mp4,REAL,346,854,480
original/358.mp4,REAL,534,640,480
original/359.mp4,REAL,456,640,480
original/360.mp4,REAL,385,1280,720
original/361.mp4,REAL,455,1280,720
original/362.mp4,REAL,455,1280,720
original/363.mp4,REAL,473,640,480
original/364.mp4,REAL,648,854,480
original/365.mp4,REAL,369,640,480
original/366.mp4,REAL,404,656,480
original/367.mp4,REAL,649,640,480
original/368.mp4,REAL,761,640,480
original/369.mp4,REAL,320,854,480
original/370.mp4,REAL,396,1920,1080
original/371.mp4,REAL,718,600,480
original/372.mp4,REAL,486,854,480
original/373.mp4,REAL,602,1280,720
original/374.mp4,REAL,586,1280,720
original/375.mp4,REAL,353,1280,720
original/376.mp4,REAL,515,1280,720
original/377.mp4,REAL,398,640,480
original/378.mp4,REAL,761,1280,720
original/379.mp4,REAL,341,640,480
original/380.mp4,REAL,455,640,480
original/381.mp4,REAL,578,656,480
original/382.mp4,REAL,313,640,480
original/383.mp4,REAL,465,1920,1080
original/384.mp4,REAL,462,1920,1080
original/385.mp4,REAL,349,1280,720
original/386.mp4,REAL,449,1920,1080
original/387.mp4,REAL,528,1280,720
original/388.mp4,REAL,636,640,480
original/389.mp4,REAL,314,1920,1080
original/390.mp4,REAL,809,1280,720
original/391.mp4,REAL,547,640,480
original/392.mp4,REAL,1496,1280,720
original/393.mp4,REAL,579,640,480
original/394.mp4,REAL,420,1280,720
original/395.mp4,REAL,448,1280,720
original/396.mp4,REAL,525,1280,720
original/397.mp4,REAL,355,1920,1080
original/398.mp4,REAL,582,656,480
original/399.mp4,REAL,862,1280,720
original/400.mp4,REAL,357,1280,720
original/401.mp4,REAL,492,1280,720
original/402.mp4,REAL,423,1920,1080
original/403.mp4,REAL,707,272,480
original/404.mp4,REAL,798,1280,720
original/405.mp4,REAL,531,640,480
original/406.mp4,REAL,512,600,480
original/407.mp4,REAL,504,600,480
original/408.mp4,REAL,306,720,480
original/409.mp4,REAL,361,640,480
original/410.mp4,REAL,459,1920,1080
original/411.mp4,REAL,529,1920,1080
original/412.mp4,REAL,572,1280,720
original/413.mp4,REAL,379,640,480
original/414.mp4,REAL,587,1920,1080
original/415.mp4,REAL,563,720,480
original/416.mp4,REAL,313,1280,720
original/417.mp4,REAL,861,854,480
original/418.mp4,REAL,319,1280,720
original/419.mp4,REAL,487,1280,720
original/420.mp4,REAL,1126,600,480
original/421.mp4,REAL,1038,640,480
original/422.mp4,REAL,316,1920,1080
original/423.mp4,REAL,1814,598,480
original/424.mp4,REAL,311,640,480
original/425.mp4,REAL,336,854,480
original/426.mp4,REAL,335,1920,1080
original/427.mp4,REAL,468,1280,720
original/428.mp4,REAL,540,1280,720
original/429.mp4,REAL,457,656,480
original/430.mp4,REAL,357,1920,1080
original/431.mp4,REAL,616,1280,720
original/432.mp4,REAL,360,640,480
original/433.mp4,REAL,532,1280,720
original/434.mp4,REAL,337,854,480
original/435.mp4,REAL,476,656,480
original/436.mp4,REAL,518,1280,720
original/437.mp4,REAL,593,1280,720
original/438.mp4,REAL,542,640,480
original/439.mp4,REAL,462,640,480
original/440.mp4,REAL,419,656,480
original/441.mp4,REAL,305,640,480
original/442.mp4,REAL,355,1920,1080
original/443.mp4,REAL,1146,640,480
original/444.mp4,REAL,437,854,480
original/445.mp4,REAL,1053,1280,720
original/446.mp4,REAL,423,1920,1080
original/447.mp4,REAL,326,654,480
original/448.mp4,REAL,528,1280,720
original/449.mp4,REAL,306,1280,720
original/450.mp4,REAL,774,1920,1080
original/451.mp4,REAL,383,1280,720
original/452.mp4,REAL,606,640,480
original/453.mp4,REAL,645,1280,718
original/454.mp4,REAL,384,854,480
original/455.mp4,REAL,370,656,480
original/456.mp4,REAL,608,1280,720
original/457.mp4,REAL,528,640,480
original/458.mp4,REAL,351,854,480
original/459.mp4,REAL,526,1920,1080
original/460.mp4,REAL,640,1280,720
original/461.mp4,REAL,612,1280,720
original/462.mp4,REAL,585,640,480
original/463.mp4,REAL,315,636,480
original/464.mp4,REAL,404,640,480
original/465.mp4,REAL,329,1280,720
original/466.mp4,REAL,334,1280,720
original/467.mp4,REAL,423,640,480
original/468.mp4,REAL,597,600,480
original/469.mp4,REAL,414,854,480
original/470.mp4,REAL,905,642,480
original/471.mp4,REAL,540,640,480
original/472.mp4,REAL,479,640,480
original/473.mp4,REAL,574,640,480
original/474.mp4,REAL,296,640,480
original/475.mp4,REAL,337,1280,720
original/476.mp4,REAL,310,640,480
original/477.mp4,REAL,365,1264,720
original/478.mp4,REAL,749,640,480
original/479.mp4,REAL,488,1920,1080
original/480.mp4,REAL,485,1280,720
original/481.mp4,REAL,414,1280,720
original/482.mp4,REAL,354,640,480
original/483.mp4,REAL,375,1280,720
original/484.mp4,REAL,319,654,480
original/485.mp4,REAL,803,854,480
original/486.mp4,REAL,564,640,480
original/487.mp4,REAL,319,1280,720
original/488.mp4,REAL,518,854,480
original/489.mp4,REAL,566,1280,720
original/490.mp4,REAL,635,1920,1080
original/491.mp4,REAL,427,1920,1080
original/492.mp4,REAL,347,1280,720
original/493.mp4,REAL,395,640,480
original/494.mp4,REAL,802,1280,720
original/495.mp4,REAL,573,640,480
original/496.mp4,REAL,1496,640,480
original/497.mp4,REAL,621,854,480
original/498.mp4,REAL,317,854,480
original/499.mp4,REAL,514,1280,720
original/500.mp4,REAL,292,1920,1080
original/501.mp4,REAL,522,600,480
original/502.mp4,REAL,317,1280,720
original/503.mp4,REAL,674,640,480
original/504.mp4,REAL,317,1280,720
original/505.mp4,REAL,543,654,480
original/506.mp4,REAL,668,854,480
original/507.mp4,REAL,469,1920,1080
original/508.mp4,REAL,603,1920,1080
original/509.mp4,REAL,563,640,480
original/510.mp4,REAL,340,854,480
original/511.mp4,REAL,809,640,480
original/512.mp4,REAL,750,640,480
original/513.mp4,REAL,494,1280,720
original/514.mp4,REAL,361,640,480
original/515.mp4,REAL,766,640,480
original/516.mp4,REAL,354,1920,1080
original/517.mp4,REAL,373,654,480
original/518.mp4,REAL,295,854,480
original/519.mp4,REAL,751,640,480
original/520.mp4,REAL,350,1280,720
original/521.mp4,REAL,304,640,480
original/522.mp4,REAL,713,602,480
original/523.mp4,REAL,375,854,480
original/524.mp4,REAL,527,854,480
original/525.mp4,REAL,517,854,480
original/526.mp4,REAL,838,1280,720
original/527.mp4,REAL,342,1280,720
original/528.mp4,REAL,377,720,480
original/529.mp4,REAL,335,1920,1080
original/530.mp4,REAL,716,1280,720
original/531.mp4,REAL,319,640,480
original/532.mp4,REAL,391,1280,720
original/533.mp4,REAL,558,1920,1080
original/534.mp4,REAL,384,1280,720
original/535.mp4,REAL,667,640,480
original/536.mp4,REAL,603,1280,720
original/537.mp4,REAL,385,1280,720
original/538.mp4,REAL,596,854,480
original/539.mp4,REAL,313,640,480
original/540.mp4,REAL,957,1280,720
original/541.mp4,REAL,390,642,480
original/542.mp4,REAL,320,1280,720
original/543.mp4,REAL,718,656,480
original/544.mp4,REAL,355,1280,720
original/545.mp4,REAL,436,640,480
original/546.mp4,REAL,714,854,480
original/547.mp4,REAL,496,1920,1080
original/548.mp4,REAL,573,1280,720
original/549.mp4,REAL,624,1280,720
original/550.mp4,REAL,444,640,480
original/551.mp4,REAL,727,1280,720
original/552.mp4,REAL,303,1280,720
original/553.mp4,REAL,364,640,480
original/554.mp4,REAL,828,1280,720
original/555.mp4,REAL,572,1920,1080
original/556.mp4,REAL,372,640,480
original/557.mp4,REAL,509,854,480
original/558.mp4,REAL,535,1280,720
original/559.mp4,REAL,334,1280,720
original/560.mp4,REAL,349,640,480
original/561.mp4,REAL,416,1920,1080
original/562.mp4,REAL,467,1280,720
original/563.mp4,REAL,390,640,480
original/564.mp4,REAL,648,1920,1080
original/565.mp4,REAL,430,656,480
original/566.mp4,REAL,723,854,480
original/567.mp4,REAL,340,854,480
original/568.mp4,REAL,570,640,480
original/569.mp4,REAL,335,1920,1080
original/570.mp4,REAL,430,1280,720
original/571.mp4,REAL,576,1280,720
original/572.mp4,REAL,347,1280,720
original/573.mp4,REAL,613,1280,720
original/574.mp4,REAL,507,656,480
original/575.mp4,REAL,557,1280,720
original/576.mp4,REAL,461,1280,720
original/577.mp4,REAL,344,1920,1080
original/578.mp4,REAL,564,1280,720
original/579.mp4,REAL,476,1920,1080
original/580.mp4,REAL,292,1280,720
original/581.mp4,REAL,382,1920,1080
original/582.mp4,REAL,431,654,480
original/583.mp4,REAL,475,1280,720
original/584.mp4,REAL,475,1280,720
original/585.mp4,REAL,359,1280,720
original/586.mp4,REAL,379,1920,1080
original/587.mp4,REAL,626,640,480
original/588.mp4,REAL,544,854,480
original/589.mp4,REAL,686,640,480
original/590.mp4,REAL,600,1920,1080
original/591.mp4,REAL,541,1280,720
original/592.mp4,REAL,383,854,480
original/593.mp4,REAL,535,1920,1080
original/594.mp4,REAL,294,1280,720
original/595.mp4,REAL,565,1280,720
original/596.mp4,REAL,557,600,480
original/597.mp4,REAL,297,640,480
original/598.mp4,REAL,686,640,480
original/599.mp4,REAL,398,1280,720
original/600.mp4,REAL,388,640,480
original/601.mp4,REAL,364,654,480
original/602.mp4,REAL,667,1920,1080
original/603.mp4,REAL,296,1280,720
original/604.mp4,REAL,825,1280,720
original/605.mp4,REAL,664,848,480
original/606.mp4,REAL,387,848,480
original/607.mp4,REAL,454,1920,1080
original/608.mp4,REAL,1205,600,480
original/609.mp4,REAL,489,600,480
original/610.mp4,REAL,394,1280,720
original/611.mp4,REAL,645,640,480
original/612.mp4,REAL,420,1280,720
original/613.mp4,REAL,415,1280,720
original/614.mp4,REAL,507,1280,720
original/615.mp4,REAL,452,1280,720
original/616.mp4,REAL,663,640,480
original/617.mp4,REAL,312,854,480
original/618.mp4,REAL,382,1280,720
original/619.mp4,REAL,305,1280,720
original/620.mp4,REAL,628,1920,1080
original/621.mp4,REAL,370,1280,720
original/622.mp4,REAL,371,1280,720
original/623.mp4,REAL,352,640,480
original/624.mp4,REAL,350,854,480
original/625.mp4,REAL,332,640,480
original/626.mp4,REAL,975,854,480
original/627.mp4,REAL,374,600,480
original/628.mp4,REAL,895,640,480
original/629.mp4,REAL,990,1280,720
original/630.mp4,REAL,423,640,480
original/631.mp4,REAL,424,656,480
original/632.mp4,REAL,427,1920,1080
original/633.mp4,REAL,512,1280,720
original/634.mp4,REAL,338,1280,720
original/635.mp4,REAL,764,854,480
original/636.mp4,REAL,335,640,480
original/637.mp4,REAL,510,1280,720
original/638.mp4,REAL,698,1280,720
original/639.mp4,REAL,662,1280,720
original/640.mp4,REAL,306,1280,720
original/641.mp4,REAL,350,1280,720
original/642.mp4,REAL,573,656,480
original/643.mp4,REAL,364,1280,720
original/644.mp4,REAL,413,854,480
original/645.mp4,REAL,554,1920,1080
original/646.mp4,REAL,440,640,480
original/647.mp4,REAL,699,1920,1080
original/648.mp4,REAL,471,1280,720
original/649.mp4,REAL,930,1280,720
original/650.mp4,REAL,693,656,480
original/651.mp4,REAL,380,1280,720
original/652.mp4,REAL,456,1280,720
original/653.mp4,REAL,731,654,480
original/654.mp4,REAL,410,640,480
original/655.mp4,REAL,678,640,480
original/656.mp4,REAL,505,640,480
original/657.mp4,REAL,546,656,480
original/658.mp4,REAL,404,656,480
original/659.mp4,REAL,1001,640,480
original/660.mp4,REAL,340,1280,720
original/661.mp4,REAL,513,1280,720
original/662.mp4,REAL,496,1280,720
original/663.mp4,REAL,316,640,480
original/664.mp4,REAL,293,1280,720
original/665.mp4,REAL,324,640,480
original/666.mp4,REAL,383,640,480
original/667.mp4,REAL,469,1920,1080
original/668.mp4,REAL,398,654,480
original/669.mp4,REAL,489,640,480
original/670.mp4,REAL,481,640,480
original/671.mp4,REAL,343,1280,720
original/672.mp4,REAL,541,1280,720
original/673.mp4,REAL,592,640,480
original/674.mp4,REAL,367,640,480
original/675.mp4,REAL,421,600,480
original/676.mp4,REAL,515,1280,720
original/677.mp4,REAL,314,1280,720
original/678.mp4,REAL,400,1920,1080
original/679.mp4,REAL,416,656,480
original/680.mp4,REAL,300,656,480
original/681.mp4,REAL,840,1280,720
original/682.mp4,REAL,965,600,480
original/683.mp4,REAL,302,1920,1080
original/684.mp4,REAL,497,1920,1080
original/685.mp4,REAL,522,1280,720
original/686.mp4,REAL,342,1280,720
original/687.mp4,REAL,469,1280,720
original/688.mp4,REAL,571,1280,720
original/689.mp4,REAL,455,640,480
original/690.mp4,REAL,331,854,480
original/691.mp4,REAL,540,1280,720
original/692.mp4,REAL,354,1280,720
original/693.mp4,REAL,595,656,480
original/694.mp4,REAL,299,854,480
original/695.mp4,REAL,310,1920,1080
original/696.mp4,REAL,405,656,480
original/697.mp4,REAL,465,1280,720
original/698.mp4,REAL,304,656,480
original/699.mp4,REAL,524,600,480
original/700.mp4,REAL,333,1280,720
original/701.mp4,REAL,393,1920,1080
original/702.mp4,REAL,749,1280,720
original/703.mp4,REAL,375,1280,720
original/704.mp4,REAL,450,600,480
original/705.mp4,REAL,473,854,480
original/706.mp4,REAL,328,1920,1080
original/707.mp4,REAL,1034,854,480
original/708.mp4,REAL,549,1920,1080
original/709.mp4,REAL,300,1920,1080
original/710.mp4,REAL,378,854,480
original/711.mp4,REAL,292,1920,1080
original/712.mp4,REAL,550,1280,720
original/713.mp4,REAL,527,1920,1080
original/714.mp4,REAL,560,1280,720
original/715.mp4,REAL,856,640,480
original/716.mp4,REAL,628,600,480
original/717.mp4,REAL,374,1280,720
original/718.mp4,REAL,578,1920,1080
original/719.mp4,REAL,402,640,480
original/720.mp4,REAL,564,656,480
original/721.mp4,REAL,581,600,480
original/722.mp4,REAL,396,1920,1080
original/723.mp4,REAL,730,854,480
original/724.mp4,REAL,600,1920,1080
original/725.mp4,REAL,699,1280,720
original/726.mp4,REAL,410,1920,1080
original/727.mp4,REAL,554,640,480
original/728.mp4,REAL,568,640,480
original/729.mp4,REAL,636,656,480
original/730.mp4,REAL,719,1280,720
original/731.mp4,REAL,778,600,480
original/732.mp4,REAL,426,600,480
original/733.mp4,REAL,518,1280,720
original/734.mp4,REAL,1098,656,480
original/735.mp4,REAL,802,640,480
original/736.mp4,REAL,414,640,480
original/737.mp4,REAL,369,640,480
original/738.mp4,REAL,417,1280,720
original/739.mp4,REAL,304,1280,720
original/740.mp4,REAL,348,1920,1080
original/741.mp4,REAL,370,640,480
original/742.mp4,REAL,623,640,480
original/743.mp4,REAL,311,1280,720
original/744.mp4,REAL,294,640,480
original/745.mp4,REAL,569,854,480
original/746.mp4,REAL,493,1280,720
original/747.mp4,REAL,470,1280,720
original/748.mp4,REAL,318,1280,720
original/749.mp4,REAL,693,854,480
original/750.mp4,REAL,441,1920,1080
original/751.mp4,REAL,331,640,480
original/752.mp4,REAL,1016,1280,720
original/753.mp4,REAL,686,1920,1080
original/754.mp4,REAL,401,1280,720
original/755.mp4,REAL,336,854,480
original/756.mp4,REAL,570,854,480
original/757.mp4,REAL,441,1280,720
original/758.mp4,REAL,391,640,480
original/759.mp4,REAL,434,1920,1080
original/760.mp4,REAL,306,854,480
original/761.mp4,REAL,343,640,480
original/762.mp4,REAL,416,640,480
original/763.mp4,REAL,812,854,480
original/764.mp4,REAL,369,1440,1080
original/765.mp4,REAL,388,640,480
original/766.mp4,REAL,860,640,480
original/767.mp4,REAL,407,640,480
original/768.mp4,REAL,330,1280,720
original/769.mp4,REAL,484,1280,720
original/770.mp4,REAL,653,1280,720
original/771.mp4,REAL,634,656,480
original/772.mp4,REAL,341,1280,720
original/773.mp4,REAL,579,1280,720
original/774.mp4,REAL,313,640,480
original/775.mp4,REAL,559,640,480
original/776.mp4,REAL,331,1920,1080
original/777.mp4,REAL,325,640,480
original/778.mp4,REAL,328,1280,720
original/779.mp4,REAL,306,1280,720
original/780.mp4,REAL,402,1280,720
original/781.mp4,REAL,475,640,480
original/782.mp4,REAL,556,600,480
original/783.mp4,REAL,403,1280,720
original/784.mp4,REAL,557,640,480
original/785.mp4,REAL,413,640,480
original/786.mp4,REAL,520,1920,1080
original/787.mp4,REAL,502,656,480
original/788.mp4,REAL,534,656,480
original/789.mp4,REAL,567,1920,1080
original/790.mp4,REAL,690,1280,720
original/791.mp4,REAL,333,720,480
original/792.mp4,REAL,383,640,480
original/793.mp4,REAL,590,1280,720
original/794.mp4,REAL,879,1280,720
original/795.mp4,REAL,550,1280,720
original/796.mp4,REAL,1001,1280,720
original/797.mp4,REAL,434,640,480
original/798.mp4,REAL,371,1920,1080
original/799.mp4,REAL,1227,1280,720
original/800.mp4,REAL,338,1280,720
original/801.mp4,REAL,444,640,480
original/802.mp4,REAL,351,656,480
original/803.mp4,REAL,297,854,480
original/804.mp4,REAL,359,854,480
original/805.mp4,REAL,411,1280,720
original/806.mp4,REAL,301,640,480
original/807.mp4,REAL,650,1920,1080
original/808.mp4,REAL,637,1280,720
original/809.mp4,REAL,367,656,480
original/810.mp4,REAL,1052,1280,720
original/811.mp4,REAL,542,1280,720
original/812.mp4,REAL,433,720,480
original/813.mp4,REAL,360,1280,720
original/814.mp4,REAL,550,1280,720
original/815.mp4,REAL,452,1280,720
original/816.mp4,REAL,411,640,480
original/817.mp4,REAL,419,1280,720
original/818.mp4,REAL,466,1280,720
original/819.mp4,REAL,927,1920,1080
original/820.mp4,REAL,665,1280,720
original/821.mp4,REAL,423,712,480
original/822.mp4,REAL,297,1920,1080
original/823.mp4,REAL,672,1280,720
original/824.mp4,REAL,577,1280,720
original/825.mp4,REAL,547,854,480
original/826.mp4,REAL,355,1280,720
original/827.mp4,REAL,311,640,480
original/828.mp4,REAL,319,640,480
original/829.mp4,REAL,801,1274,720
original/830.mp4,REAL,511,600,480
original/831.mp4,REAL,327,1920,1080
original/832.mp4,REAL,553,600,480
original/833.mp4,REAL,600,1920,1080
original/834.mp4,REAL,303,720,480
original/835.mp4,REAL,426,1920,1080
original/836.mp4,REAL,343,1280,720
original/837.mp4,REAL,443,1280,720
original/838.mp4,REAL,457,1280,720
original/839.mp4,REAL,385,640,480
original/840.mp4,REAL,840,654,480
original/841.mp4,REAL,519,854,480
original/842.mp4,REAL,447,656,480
original/843.mp4,REAL,318,854,480
original/844.mp4,REAL,852,640,480
original/845.mp4,REAL,356,854,480
original/846.mp4,REAL,353,656,480
original/847.mp4,REAL,301,1280,720
original/848.mp4,REAL,360,1920,1080
original/849.mp4,REAL,322,640,480
original/850.mp4,REAL,612,810,480
original/851.mp4,REAL,833,1280,720
original/852.mp4,REAL,427,640,480
original/853.mp4,REAL,616,1280,720
original/854.mp4,REAL,294,1280,720
original/855.mp4,REAL,630,640,480
original/856.mp4,REAL,1103,1280,720
original/857.mp4,REAL,640,640,480
original/858.mp4,REAL,483,656,480
original/859.mp4,REAL,333,640,480
original/860.mp4,REAL,459,1920,1080
original/861.mp4,REAL,594,654,480
original/862.mp4,REAL,470,1280,720
original/863.mp4,REAL,513,1280,720
original/864.mp4,REAL,326,600,480
original/865.mp4,REAL,347,1920,1080
original/866.mp4,REAL,509,1920,1080
original/867.mp4,REAL,1489,720,480
original/868.mp4,REAL,431,654,480
original/869.mp4,REAL,333,1920,1080
original/870.mp4,REAL,604,1280,720
original/871.mp4,REAL,348,854,480
original/872.mp4,REAL,474,640,480
original/873.mp4,REAL,884,1280,720
original/874.mp4,REAL,469,1920,1080
original/875.mp4,REAL,422,1280,720
original/876.mp4,REAL,313,1280,720
original/877.mp4,REAL,570,1280,720
original/878.mp4,REAL,736,1280,720
original/879.mp4,REAL,839,854,480
original/880.mp4,REAL,435,1920,1080
original/881.mp4,REAL,638,720,480
original/882.mp4,REAL,333,1920,1080
original/883.mp4,REAL,433,960,720
original/884.mp4,REAL,343,960,720
original/885.mp4,REAL,329,640,480
original/886.mp4,REAL,525,640,480
original/887.mp4,REAL,339,658,480
original/888.mp4,REAL,307,640,480
original/889.mp4,REAL,329,1920,1080
original/890.mp4,REAL,341,854,480
original/891.mp4,REAL,296,1280,720
original/892.mp4,REAL,311,1920,1080
original/893.mp4,REAL,537,854,480
original/894.mp4,REAL,328,1920,1080
original/895.mp4,REAL,294,854,480
original/896.mp4,REAL,531,640,480
original/897.mp4,REAL,333,656,480
original/898.mp4,REAL,349,640,480
original/899.mp4,REAL,560,640,480
original/900.mp4,REAL,341,640,480
original/901.mp4,REAL,523,1280,720
original/902.mp4,REAL,295,1280,720
original/903.mp4,REAL,567,598,480
original/904.mp4,REAL,359,1920,1080
original/905.mp4,REAL,382,960,720
original/906.mp4,REAL,389,1920,1080
original/907.mp4,REAL,525,1280,720
original/908.mp4,REAL,667,1920,1080
original/909.mp4,REAL,637,640,480
original/910.mp4,REAL,292,1280,720
original/911.mp4,REAL,329,1280,720
original/912.mp4,REAL,647,640,480
original/913.mp4,REAL,634,632,480
original/914.mp4,REAL,307,640,480
original/915.mp4,REAL,352,1280,720
original/916.mp4,REAL,484,1280,720
original/917.mp4,REAL,448,656,480
original/918.mp4,REAL,472,978,720
original/919.mp4,REAL,534,640,480
original/920.mp4,REAL,371,1920,1080
original/921.mp4,REAL,296,1920,1080
original/922.mp4,REAL,616,640,480
original/923.mp4,REAL,602,1280,720
original/924.mp4,REAL,1248,600,480
original/925.mp4,REAL,356,1280,720
original/926.mp4,REAL,333,640,480
original/927.mp4,REAL,697,640,480
original/928.mp4,REAL,376,1280,720
original/929.mp4,REAL,462,656,480
original/930.mp4,REAL,448,640,480
original/931.mp4,REAL,319,640,480
original/932.mp4,REAL,484,1280,720
original/933.mp4,REAL,494,1280,720
original/934.mp4,REAL,377,1280,720
original/935.mp4,REAL,540,1920,1080
original/936.mp4,REAL,297,656,480
original/937.mp4,REAL,455,640,480
original/938.mp4,REAL,369,640,480
original/939.mp4,REAL,511,640,480
original/940.mp4,REAL,309,640,480
original/941.mp4,REAL,494,854,480
original/942.mp4,REAL,495,1280,720
original/943.mp4,REAL,470,1280,720
original/944.mp4,REAL,342,720,480
original/945.mp4,REAL,761,1280,720
original/946.mp4,REAL,462,1280,720
original/947.mp4,REAL,641,1280,720
original/948.mp4,REAL,434,1920,1080
original/949.mp4,REAL,686,640,480
original/950.mp4,REAL,763,1920,1080
original/951.mp4,REAL,1176,1280,720
original/952.mp4,REAL,700,1280,720
original/953.mp4,REAL,351,1280,720
original/954.mp4,REAL,376,640,480
original/955.mp4,REAL,531,640,480
original/956.mp4,REAL,542,854,480
original/957.mp4,REAL,418,1920,1080
original/958.mp4,REAL,392,720,480
original/959.mp4,REAL,482,1920,1080
original/960.mp4,REAL,345,1280,720
original/961.mp4,REAL,323,1280,720
original/962.mp4,REAL,460,640,480
original/963.mp4,REAL,692,854,480
original/964.mp4,REAL,451,654,480
original/965.mp4,REAL,348,1920,1080
original/966.mp4,REAL,364,640,480
original/967.mp4,REAL,412,1280,720
original/968.mp4,REAL,300,1280,720
original/969.mp4,REAL,356,656,480
original/970.mp4,REAL,476,656,480
original/971.mp4,REAL,354,1920,1080
original/972.mp4,REAL,311,1920,1080
original/973.mp4,REAL,533,600,480
original/974.mp4,REAL,318,600,480
original/975.mp4,REAL,304,1280,720
original/976.mp4,REAL,328,854,480
original/977.mp4,REAL,651,854,480
original/978.mp4,REAL,757,1280,720
original/979.mp4,REAL,335,1280,720
original/980.mp4,REAL,383,656,480
original/981.mp4,REAL,372,600,480
original/982.mp4,REAL,845,854,480
original/983.mp4,REAL,406,854,480
original/984.mp4,REAL,339,1280,720
original/985.mp4,REAL,343,640,480
original/986.mp4,REAL,828,1280,720
original/987.mp4,REAL,575,600,480
original/988.mp4,REAL,455,600,480
original/989.mp4,REAL,960,656,480
original/990.mp4,REAL,305,854,480
original/991.mp4,REAL,402,640,480
original/992.mp4,REAL,718,600,480
original/993.mp4,REAL,409,640,480
original/994.mp4,REAL,316,640,480
original/995.mp4,REAL,548,640,480
original/996.mp4,REAL,312,720,480
original/997.mp4,REAL,438,600,480
original/998.mp4,REAL,344,1280,720
original/999.mp4,REAL,335,640,480
Deepfakes/000_003.mp4,FAKE,396,640,480
Deepfakes/001_870.mp4,FAKE,460,1280,720
Deepfakes/002_006.mp4,FAKE,693,1280,720
Deepfakes/003_000.mp4,FAKE,303,640,480
Deepfakes/004_982.mp4,FAKE,309,1280,720
Deepfakes/005_010.mp4,FAKE,385,720,480
Deepfakes/006_002.mp4,FAKE,310,1280,720
Deepfakes/007_132.mp4,FAKE,505,600,480
Deepfakes/008_990.mp4,FAKE,637,640,480
Deepfakes/009_027.mp4,FAKE,588,640,480
Deepfakes/010_005.mp4,FAKE,474,640,480
Deepfakes/011_805.mp4,FAKE,632,1280,720
Deepfakes/012_026.mp4,FAKE,363,640,480
Deepfakes/013_883.mp4,FAKE,332,640,480
Deepfakes/014_790.mp4,FAKE,676,640,480
Deepfakes/015_919.mp4,FAKE,437,640,480
Deepfakes/016_209.mp4,FAKE,678,640,480
Deepfakes/017_803.mp4,FAKE,398,1280,720
Deepfakes/018_019.mp4,FAKE,432,640,480
Deepfakes/019_018.mp4,FAKE,1385,640,480
Deepfakes/020_344.mp4,FAKE,390,1280,720
Deepfakes/021_312.mp4,FAKE,431,654,480
Deepfakes/022_489.mp4,FAKE,325,1280,720
Deepfakes/023_923.mp4,FAKE,553,640,480
Deepfakes/024_073.mp4,FAKE,306,640,480
Deepfakes/025_067.mp4,FAKE,747,1440,1080
Deepfakes/026_012.mp4,FAKE,322,640,480
Deepfakes/027_009.mp4,FAKE,315,640,480
Deepfakes/028_068.mp4,FAKE,434,848,480
Deepfakes/029_048.mp4,FAKE,416,586,480
Deepfakes/030_193.mp4,FAKE,297,1920,1080
Deepfakes/031_163.mp4,FAKE,482,1280,720
Deepfakes/032_944.mp4,FAKE,310,1280,720
Deepfakes/033_097.mp4,FAKE,809,854,480
Deepfakes/034_590.mp4,FAKE,407,960,720
Deepfakes/035_036.mp4,FAKE,423,640,480
Deepfakes/036_035.mp4,FAKE,337,640,480
Deepfakes/037_072.mp4,FAKE,454,656,480
Deepfakes/038_125.mp4,FAKE,305,854,480
Deepfakes/039_058.mp4,FAKE,609,654,480
Deepfakes/040_997.mp4,FAKE,548,1280,720
Deepfakes/041_063.mp4,FAKE,349,656,480
Deepfakes/042_084.mp4,FAKE,338,640,480
Deepfakes/043_110.mp4,FAKE,495,1280,720
Deepfakes/044_945.mp4,FAKE,335,1280,720
Deepfakes/045_889.mp4,FAKE,350,1920,1080
Deepfakes/046_904.mp4,FAKE,504,1280,720
Deepfakes/047_862.mp4,FAKE,319,854,480
Deepfakes/048_029.mp4,FAKE,485,640,480
Deepfakes/049_946.mp4,FAKE,360,640,480
Deepfakes/050_059.mp4,FAKE,530,640,480
Deepfakes/051_332.mp4,FAKE,717,1280,720
Deepfakes/052_108.mp4,FAKE,323,1920,1080
Deepfakes/053_095.mp4,FAKE,417,656,480
Deepfakes/054_071.mp4,FAKE,368,640,480
Deepfakes/055_147.mp4,FAKE,394,640,480
Deepfakes/056_996.mp4,FAKE,373,1280,720
Deepfakes/057_070.mp4,FAKE,431,656,480
Deepfakes/058_039.mp4,FAKE,669,720,480
Deepfakes/059_050.mp4,FAKE,721,640,480
Deepfakes/060_088.mp4,FAKE,844,600,480
Deepfakes/061_080.mp4,FAKE,337,654,480
Deepfakes/062_066.mp4,FAKE,423,640,480
Deepfakes/063_041.mp4,FAKE,930,640,480
Deepfakes/064_991.mp4,FAKE,402,640,480
Deepfakes/065_089.mp4,FAKE,442,1280,720
Deepfakes/066_062.mp4,FAKE,435,720,480
Deepfakes/067_025.mp4,FAKE,538,1280,720
Deepfakes/068_028.mp4,FAKE,401,640,480
Deepfakes/069_961.mp4,FAKE,774,1280,720
Deepfakes/070_057.mp4,FAKE,367,640,480
Deepfakes/071_054.mp4,FAKE,453,654,480
Deepfakes/072_037.mp4,FAKE,311,656,480
Deepfakes/073_024.mp4,FAKE,703,1280,720
Deepfakes/074_825.mp4,FAKE,345,1920,1080
Deepfakes/075_977.mp4,FAKE,613,1280,720
Deepfakes/076_079.mp4,FAKE,329,1280,720
Deepfakes/077_100.mp4,FAKE,611,640,480
Deepfakes/078_955.mp4,FAKE,523,1280,720
Deepfakes/079_076.mp4,FAKE,424,1280,720
Deepfakes/080_061.mp4,FAKE,483,656,480
Deepfakes/081_087.mp4,FAKE,1170,600,480
Deepfakes/082_103.mp4,FAKE,316,640,480
Deepfakes/083_213.mp4,FAKE,545,1920,1080
Deepfakes/084_042.mp4,FAKE,375,1920,1080
Deepfakes/085_124.mp4,FAKE,329,640,480
Deepfakes/086_090.mp4,FAKE,935,1280,720
Deepfakes/087_081.mp4,FAKE,309,640,480
Deepfakes/088_060.mp4,FAKE,665,640,480
Deepfakes/089_065.mp4,FAKE,751,1280,720
Deepfakes/090_086.mp4,FAKE,687,1280,720
Deepfakes/091_116.mp4,FAKE,639,658,480
Deepfakes/092_098.mp4,FAKE,460,720,480
Deepfakes/093_121.mp4,FAKE,308,1280,720
Deepfakes/094_111.mp4,FAKE,559,1280,720
Deepfakes/095_053.mp4,FAKE,1006,640,480
Deepfakes/096_101.mp4,FAKE,504,1920,1080
Deepfakes/097_033.mp4,FAKE,478,640,480
Deepfakes/098_092.mp4,FAKE,299,656,480
Deepfakes/099_295.mp4,FAKE,613,1920,1080
Deepfakes/100_077.mp4,FAKE,423,640,480
Deepfakes/101_096.mp4,FAKE,1148,854,480
Deepfakes/102_114.mp4,FAKE,389,720,480
Deepfakes/103_082.mp4,FAKE,595,656,480
Deepfakes/104_126.mp4,FAKE,462,640,480
Deepfakes/105_180.mp4,FAKE,300,640,480
Deepfakes/106_198.mp4,FAKE,356,854,480
Deepfakes/107_109.mp4,FAKE,556,640,480
Deepfakes/108_052.mp4,FAKE,300,1440,1080
Deepfakes/109_107.mp4,FAKE,298,640,480
Deepfakes/110_043.mp4,FAKE,565,960,720
Deepfakes/111_094.mp4,FAKE,433,640,480
Deepfakes/112_892.mp4,FAKE,418,1920,1080
Deepfakes/113_983.mp4,FAKE,841,1280,720
Deepfakes/114_102.mp4,FAKE,1269,640,480
Deepfakes/115_939.mp4,FAKE,320,1280,720
Deepfakes/116_091.mp4,FAKE,327,640,480
Deepfakes/117_217.mp4,FAKE,548,1280,720
Deepfakes/118_120.mp4,FAKE,352,852,480
Deepfakes/119_123.mp4,FAKE,502,640,480
Deepfakes/120_118.mp4,FAKE,405,640,480
Deepfakes/121_093.mp4,FAKE,553,1920,1080
Deepfakes/122_144.mp4,FAKE,309,1264,720
Deepfakes/123_119.mp4,FAKE,514,640,480
Deepfakes/124_085.mp4,FAKE,318,600,480
Deepfakes/125_038.mp4,FAKE,500,1280,720
Deepfakes/126_104.mp4,FAKE,328,640,480
Deepfakes/127_129.mp4,FAKE,864,1280,720
Deepfakes/128_896.mp4,FAKE,735,640,480
Deepfakes/129_127.mp4,FAKE,330,1280,720
Deepfakes/130_139.mp4,FAKE,662,656,480
Deepfakes/131_518.mp4,FAKE,306,600,480
Deepfakes/132_007.mp4,FAKE,413,640,480
Deepfakes/133_148.mp4,FAKE,767,720,480
Deepfakes/134_192.mp4,FAKE,346,1280,720
Deepfakes/135_880.mp4,FAKE,327,1280,720
Deepfakes/136_285.mp4,FAKE,611,1280,720
Deepfakes/137_165.mp4,FAKE,606,720,480
Deepfakes/138_142.mp4,FAKE,410,600,480
Deepfakes/139_130.mp4,FAKE,378,600,480
Deepfakes/140_143.mp4,FAKE,485,640,480
Deepfakes/141_161.mp4,FAKE,508,854,480
Deepfakes/142_138.mp4,FAKE,962,600,480
Deepfakes/143_140.mp4,FAKE,414,640,480
Deepfakes/144_122.mp4,FAKE,344,1280,720
Deepfakes/145_299.mp4,FAKE,475,600,480
Deepfakes/146_256.mp4,FAKE,1003,1280,720
Deepfakes/147_055.mp4,FAKE,667,600,480
Deepfakes/148_133.mp4,FAKE,475,640,480
Deepfakes/149_152.mp4,FAKE,363,854,480
Deepfakes/150_153.mp4,FAKE,456,854,480
Deepfakes/151_225.mp4,FAKE,347,1280,720
Deepfakes/152_149.mp4,FAKE,313,656,480
Deepfakes/153_150.mp4,FAKE,732,640,480
Deepfakes/154_386.mp4,FAKE,594,1280,720
Deepfakes/155_576.mp4,FAKE,829,854,480
Deepfakes/156_243.mp4,FAKE,518,640,480
Deepfakes/157_245.mp4,FAKE,486,656,480
Deepfakes/158_379.mp4,FAKE,444,640,480
Deepfakes/159_175.mp4,FAKE,325,600,480
Deepfakes/160_928.mp4,FAKE,534,1280,720
Deepfakes/161_141.mp4,FAKE,369,640,480
Deepfakes/162_330.mp4,FAKE,685,1280,720
Deepfakes/163_031.mp4,FAKE,304,1280,720
Deepfakes/164_216.mp4,FAKE,1021,854,480
Deepfakes/165_137.mp4,FAKE,387,656,480
Deepfakes/166_167.mp4,FAKE,756,640,480
Deepfakes/167_166.mp4,FAKE,341,854,480
Deepfakes/168_222.mp4,FAKE,1228,640,480
Deepfakes/169_227.mp4,FAKE,649,640,480
Deepfakes/170_186.mp4,FAKE,504,1920,1080
Deepfakes/171_173.mp4,FAKE,541,1280,720
Deepfakes/172_582.mp4,FAKE,752,640,480
Deepfakes/173_171.mp4,FAKE,721,1280,720
Deepfakes/174_964.mp4,FAKE,414,1280,720
Deepfakes/175_159.mp4,FAKE,504,640,480
Deepfakes/176_190.mp4,FAKE,376,1920,1080
Deepfakes/177_211.mp4,FAKE,410,854,480
Deepfakes/178_598.mp4,FAKE,521,640,480
Deepfakes/179_212.mp4,FAKE,1260,640,480
Deepfakes/180_105.mp4,FAKE,569,640,480
Deepfakes/181_199.mp4,FAKE,478,640,480
Deepfakes/182_242.mp4,FAKE,620,1280,720
Deepfakes/183_253.mp4,FAKE,390,1280,720
Deepfakes/184_205.mp4,FAKE,1254,1280,720
Deepfakes/185_276.mp4,FAKE,875,854,480
Deepfakes/186_170.mp4,FAKE,334,1920,1080
Deepfakes/187_234.mp4,FAKE,986,1280,720
Deepfakes/188_191.mp4,FAKE,310,1280,720
Deepfakes/189_200.mp4,FAKE,512,640,480
Deepfakes/190_176.mp4,FAKE,331,1920,1080
Deepfakes/191_188.mp4,FAKE,372,1920,1080
Deepfakes/192_134.mp4,FAKE,287,1280,720
Deepfakes/193_030.mp4,FAKE,372,1920,1080
Deepfakes/194_235.mp4,FAKE,567,640,480
Deepfakes/195_442.mp4,FAKE,333,1280,720
Deepfakes/196_310.mp4,FAKE,426,656,480
Deepfakes/197_224.mp4,FAKE,880,640,480
Deepfakes/198_106.mp4,FAKE,392,720,480
Deepfakes/199_181.mp4,FAKE,368,1280,720
Deepfakes/200_189.mp4,FAKE,719,854,480
Deepfakes/201_203.mp4,FAKE,863,656,480
Deepfakes/202_348.mp4,FAKE,323,854,480
Deepfakes/203_201.mp4,FAKE,446,640,480
Deepfakes/204_230.mp4,FAKE,515,960,720
Deepfakes/205_184.mp4,FAKE,307,854,480
Deepfakes/206_221.mp4,FAKE,714,656,480
Deepfakes/207_908.mp4,FAKE,346,1920,1080
Deepfakes/208_215.mp4,FAKE,465,640,480
Deepfakes/209_016.mp4,FAKE,337,854,480
Deepfakes/210_241.mp4,FAKE,839,654,480
Deepfakes/211_177.mp4,FAKE,527,1280,720
Deepfakes/212_179.mp4,FAKE,415,854,480
Deepfakes/213_083.mp4,FAKE,378,1280,720
Deepfakes/214_255.mp4,FAKE,462,854,480
Deepfakes/215_208.mp4,FAKE,588,720,480
Deepfakes/216_164.mp4,FAKE,476,644,480
Deepfakes/217_117.mp4,FAKE,702,1920,1080
Deepfakes/218_239.mp4,FAKE,353,640,480
Deepfakes/219_220.mp4,FAKE,350,1280,720
Deepfakes/220_219.mp4,FAKE,357,720,480
Deepfakes/221_206.mp4,FAKE,718,1280,720
Deepfakes/222_168.mp4,FAKE,407,640,480
Deepfakes/223_586.mp4,FAKE,336,1920,1080
Deepfakes/224_197.mp4,FAKE,488,640,480
Deepfakes/225_151.mp4,FAKE,304,1280,720
Deepfakes/226_491.mp4,FAKE,328,1280,720
Deepfakes/227_169.mp4,FAKE,441,1280,720
Deepfakes/228_289.mp4,FAKE,556,854,480
Deepfakes/229_247.mp4,FAKE,392,854,480
Deepfakes/230_204.mp4,FAKE,372,1280,720
Deepfakes/231_663.mp4,FAKE,573,720,480
Deepfakes/232_248.mp4,FAKE,574,720,480
Deepfakes/233_995.mp4,FAKE,675,1280,720
Deepfakes/234_187.mp4,FAKE,528,1280,720
Deepfakes/235_194.mp4,FAKE,312,854,480
Deepfakes/236_237.mp4,FAKE,651,656,480
Deepfakes/237_236.mp4,FAKE,757,1280,720
Deepfakes/238_282.mp4,FAKE,622,640,480
Deepfakes/239_218.mp4,FAKE,588,640,480
Deepfakes/240_290.mp4,FAKE,1274,720,480
Deepfakes/241_210.mp4,FAKE,292,854,480
Deepfakes/242_182.mp4,FAKE,331,640,480
Deepfakes/243_156.mp4,FAKE,387,1280,720
Deepfakes/244_822.mp4,FAKE,557,1920,1080
Deepfakes/245_157.mp4,FAKE,334,640,480
Deepfakes/246_258.mp4,FAKE,496,1280,720
Deepfakes/247_229.mp4,FAKE,399,656,480
Deepfakes/248_232.mp4,FAKE,496,1280,720
Deepfakes/249_280.mp4,FAKE,632,854,480
Deepfakes/250_461.mp4,FAKE,564,1280,720
Deepfakes/251_375.mp4,FAKE,346,1920,1080
Deepfakes/252_266.mp4,FAKE,572,800,480
Deepfakes/253_183.mp4,FAKE,501,1280,720
Deepfakes/254_261.mp4,FAKE,427,1280,720
Deepfakes/255_214.mp4,FAKE,470,1280,720
Deepfakes/256_146.mp4,FAKE,546,1280,720
Deepfakes/257_420.mp4,FAKE,763,656,480
Deepfakes/258_246.mp4,FAKE,498,1280,720
Deepfakes/259_345.mp4,FAKE,444,640,480
Deepfakes/260_331.mp4,FAKE,302,640,480
Deepfakes/261_254.mp4,FAKE,677,600,480
Deepfakes/262_301.mp4,FAKE,397,600,480
Deepfakes/263_284.mp4,FAKE,300,1280,720
Deepfakes/264_271.mp4,FAKE,455,854,480
Deepfakes/265_475.mp4,FAKE,552,1920,1080
Deepfakes/266_252.mp4,FAKE,465,720,480
Deepfakes/267_286.mp4,FAKE,306,1280,720
Deepfakes/268_269.mp4,FAKE,1465,654,480
Deepfakes/269_268.mp4,FAKE,387,640,480
Deepfakes/270_297.mp4,FAKE,311,656,480
Deepfakes/271_264.mp4,FAKE,490,640,480
Deepfakes/272_396.mp4,FAKE,323,1280,720
Deepfakes/273_807.mp4,FAKE,322,1280,720
Deepfakes/274_412.mp4,FAKE,474,1280,720
Deepfakes/275_887.mp4,FAKE,424,640,480
Deepfakes/276_185.mp4,FAKE,331,656,480
Deepfakes/277_335.mp4,FAKE,966,1280,720
Deepfakes/278_306.mp4,FAKE,449,640,480
Deepfakes/279_298.mp4,FAKE,906,640,480
Deepfakes/280_249.mp4,FAKE,606,854,480
Deepfakes/281_474.mp4,FAKE,309,1280,720
Deepfakes/282_238.mp4,FAKE,594,854,480
Deepfakes/283_313.mp4,FAKE,966,640,480
Deepfakes/284_263.mp4,FAKE,483,1920,1080
Deepfakes/285_136.mp4,FAKE,383,1280,720
Deepfakes/286_267.mp4,FAKE,668,1280,720
Deepfakes/287_426.mp4,FAKE,475,1280,720
Deepfakes/288_321.mp4,FAKE,543,640,480
Deepfakes/289_228.mp4,FAKE,597,720,480
Deepfakes/290_240.mp4,FAKE,422,640,480
Deepfakes/291_874.mp4,FAKE,330,1920,1080
Deepfakes/292_294.mp4,FAKE,425,1280,720
Deepfakes/293_296.mp4,FAKE,758,656,480
Deepfakes/294_292.mp4,FAKE,604,1280,720
Deepfakes/295_099.mp4,FAKE,411,1920,1080
Deepfakes/296_293.mp4,FAKE,336,640,480
Deepfakes/297_270.mp4,FAKE,390,656,480
Deepfakes/298_279.mp4,FAKE,569,640,480
Deepfakes/299_145.mp4,FAKE,314,640,480
Deepfakes/300_304.mp4,FAKE,598,600,480
Deepfakes/301_262.mp4,FAKE,763,640,480
Deepfakes/302_323.mp4,FAKE,875,854,480
Deepfakes/303_309.mp4,FAKE,571,656,480
Deepfakes/304_300.mp4,FAKE,610,640,480
Deepfakes/305_513.mp4,FAKE,843,1280,720
Deepfakes/306_278.mp4,FAKE,728,600,480
Deepfakes/307_365.mp4,FAKE,378,640,480
Deepfakes/308_388.mp4,FAKE,502,1280,720
Deepfakes/309_303.mp4,FAKE,850,600,480
Deepfakes/310_196.mp4,FAKE,375,1280,720
Deepfakes/311_387.mp4,FAKE,368,960,720
Deepfakes/312_021.mp4,FAKE,428,640,480
Deepfakes/313_283.mp4,FAKE,481,654,480
Deepfakes/314_347.mp4,FAKE,413,1280,720
Deepfakes/315_322.mp4,FAKE,304,854,480
Deepfakes/316_369.mp4,FAKE,566,640,480
Deepfakes/317_359.mp4,FAKE,682,640,480
Deepfakes/318_334.mp4,FAKE,475,656,480
Deepfakes/319_352.mp4,FAKE,717,854,480
Deepfakes/320_328.mp4,FAKE,504,1280,720
Deepfakes/321_288.mp4,FAKE,567,640,480
Deepfakes/322_315.mp4,FAKE,313,1280,720
Deepfakes/323_302.mp4,FAKE,456,656,480
Deepfakes/324_356.mp4,FAKE,1249,640,480
Deepfakes/325_492.mp4,FAKE,1421,1280,720
Deepfakes/326_501.mp4,FAKE,914,640,480
Deepfakes/327_329.mp4,FAKE,495,640,480
Deepfakes/328_320.mp4,FAKE,319,1280,720
Deepfakes/329_327.mp4,FAKE,415,654,480
Deepfakes/330_162.mp4,FAKE,407,1280,720
Deepfakes/331_260.mp4,FAKE,469,1280,720
Deepfakes/332_051.mp4,FAKE,695,1280,720
Deepfakes/333_377.mp4,FAKE,429,640,480
Deepfakes/334_318.mp4,FAKE,1339,600,480
Deepfakes/335_277.mp4,FAKE,384,1280,720
Deepfakes/336_338.mp4,FAKE,507,656,480
Deepfakes/337_522.mp4,FAKE,331,640,480
Deepfakes/338_336.mp4,FAKE,889,600,480
Deepfakes/339_392.mp4,FAKE,457,640,480
Deepfakes/340_341.mp4,FAKE,293,1920,1080
Deepfakes/341_340.mp4,FAKE,827,960,720
Deepfakes/342_416.mp4,FAKE,302,1280,720
Deepfakes/343_363.mp4,FAKE,299,656,480
Deepfakes/344_020.mp4,FAKE,631,1280,720
Deepfakes/345_259.mp4,FAKE,423,854,480
Deepfakes/346_351.mp4,FAKE,615,454,480
Deepfakes/347_314.mp4,FAKE,458,854,480
Deepfakes/348_202.mp4,FAKE,414,854,480
Deepfakes/349_350.mp4,FAKE,471,1280,720
Deepfakes/350_349.mp4,FAKE,405,854,480
Deepfakes/351_346.mp4,FAKE,684,640,480
Deepfakes/352_319.mp4,FAKE,421,720,480
Deepfakes/353_383.mp4,FAKE,358,1280,720
Deepfakes/354_362.mp4,FAKE,460,1280,720
Deepfakes/355_748.mp4,FAKE,499,1920,1080
Deepfakes/356_324.mp4,FAKE,558,1280,720
Deepfakes/357_432.mp4,FAKE,346,854,480
Deepfakes/358_380.mp4,FAKE,534,640,480
Deepfakes/359_317.mp4,FAKE,456,640,480
Deepfakes/360_437.mp4,FAKE,385,1280,720
Deepfakes/361_448.mp4,FAKE,455,1280,720
Deepfakes/362_354.mp4,FAKE,455,1280,720
Deepfakes/363_343.mp4,FAKE,473,640,480
Deepfakes/364_440.mp4,FAKE,648,854,480
Deepfakes/365_307.mp4,FAKE,369,640,480
Deepfakes/366_473.mp4,FAKE,404,656,480
Deepfakes/367_371.mp4,FAKE,649,640,480
Deepfakes/368_378.mp4,FAKE,761,640,480
Deepfakes/369_316.mp4,FAKE,320,854,480
Deepfakes/370_483.mp4,FAKE,396,1920,1080
Deepfakes/371_367.mp4,FAKE,718,600,480
Deepfakes/372_413.mp4,FAKE,486,854,480
Deepfakes/373_394.mp4,FAKE,602,1280,720
Deepfakes/374_407.mp4,FAKE,586,1280,720
Deepfakes/375_251.mp4,FAKE,353,1280,720
Deepfakes/376_381.mp4,FAKE,515,1280,720
Deepfakes/377_333.mp4,FAKE,398,640,480
Deepfakes/378_368.mp4,FAKE,761,1280,720
Deepfakes/379_158.mp4,FAKE,341,640,480
Deepfakes/380_358.mp4,FAKE,455,640,480
Deepfakes/381_376.mp4,FAKE,578,656,480
Deepfakes/382_409.mp4,FAKE,313,640,480
Deepfakes/383_353.mp4,FAKE,465,1920,1080
Deepfakes/384_932.mp4,FAKE,462,1920,1080
Deepfakes/385_414.mp4,FAKE,349,1280,720
Deepfakes/386_154.mp4,FAKE,449,1920,1080
Deepfakes/387_311.mp4,FAKE,528,1280,720
Deepfakes/388_308.mp4,FAKE,636,640,480
Deepfakes/389_480.mp4,FAKE,314,1920,1080
Deepfakes/390_709.mp4,FAKE,809,1280,720
Deepfakes/391_406.mp4,FAKE,547,640,480
Deepfakes/392_339.mp4,FAKE,1496,1280,720
Deepfakes/393_405.mp4,FAKE,579,640,480
Deepfakes/394_373.mp4,FAKE,420,1280,720
Deepfakes/395_401.mp4,FAKE,448,1280,720
Deepfakes/396_272.mp4,FAKE,525,1280,720
Deepfakes/397_602.mp4,FAKE,355,1920,1080
Deepfakes/398_457.mp4,FAKE,582,656,480
Deepfakes/399_488.mp4,FAKE,862,1280,720
Deepfakes/400_476.mp4,FAKE,357,1280,720
Deepfakes/401_395.mp4,FAKE,492,1280,720
Deepfakes/402_453.mp4,FAKE,423,1920,1080
Deepfakes/403_497.mp4,FAKE,707,272,480
Deepfakes/404_429.mp4,FAKE,798,1280,720
Deepfakes/405_393.mp4,FAKE,531,640,480
Deepfakes/406_391.mp4,FAKE,512,600,480
Deepfakes/407_374.mp4,FAKE,504,600,480
Deepfakes/408_424.mp4,FAKE,306,720,480
Deepfakes/409_382.mp4,FAKE,361,640,480
Deepfakes/410_411.mp4,FAKE,459,1920,1080
Deepfakes/411_410.mp4,FAKE,529,1920,1080
Deepfakes/412_274.mp4,FAKE,572,1280,720
Deepfakes/413_372.mp4,FAKE,379,640,480
Deepfakes/414_385.mp4,FAKE,587,1920,1080
Deepfakes/415_484.mp4,FAKE,563,720,480
Deepfakes/416_342.mp4,FAKE,313,1280,720
Deepfakes/417_496.mp4,FAKE,861,854,480
Deepfakes/418_507.mp4,FAKE,319,1280,720
Deepfakes/419_824.mp4,FAKE,487,1280,720
Deepfakes/420_257.mp4,FAKE,1126,600,480
Deepfakes/421_423.mp4,FAKE,1038,640,480
Deepfakes/422_695.mp4,FAKE,316,1920,1080
Deepfakes/423_421.mp4,FAKE,1814,598,480
Deepfakes/424_408.mp4,FAKE,311,640,480
Deepfakes/425_485.mp4,FAKE,336,854,480
Deepfakes/426_287.mp4,FAKE,335,1920,1080
Deepfakes/427_637.mp4,FAKE,468,1280,720
Deepfakes/428_466.mp4,FAKE,540,1280,720
Deepfakes/429_404.mp4,FAKE,457,656,480
Deepfakes/430_459.mp4,FAKE,357,1920,1080
Deepfakes/431_447.mp4,FAKE,616,1280,720
Deepfakes/432_357.mp4,FAKE,360,640,480
Deepfakes/433_498.mp4,FAKE,532,1280,720
Deepfakes/434_438.mp4,FAKE,337,854,480
Deepfakes/435_456.mp4,FAKE,476,656,480
Deepfakes/436_526.mp4,FAKE,518,1280,720
Deepfakes/437_360.mp4,FAKE,593,1280,720
Deepfakes/438_434.mp4,FAKE,542,640,480
Deepfakes/439_441.mp4,FAKE,462,640,480
Deepfakes/440_364.mp4,FAKE,419,656,480
Deepfakes/441_439.mp4,FAKE,305,640,480
Deepfakes/442_195.mp4,FAKE,355,1920,1080
Deepfakes/443_514.mp4,FAKE,1146,640,480
Deepfakes/444_655.mp4,FAKE,437,854,480
Deepfakes/445_494.mp4,FAKE,1053,1280,720
Deepfakes/446_667.mp4,FAKE,423,1920,1080
Deepfakes/447_431.mp4,FAKE,326,654,480
Deepfakes/448_361.mp4,FAKE,528,1280,720
Deepfakes/449_451.mp4,FAKE,306,1280,720
Deepfakes/450_533.mp4,FAKE,774,1920,1080
Deepfakes/451_449.mp4,FAKE,383,1280,720
Deepfakes/452_550.mp4,FAKE,606,640,480
Deepfakes/453_402.mp4,FAKE,645,1280,718
Deepfakes/454_527.mp4,FAKE,384,854,480
Deepfakes/455_471.mp4,FAKE,370,656,480
Deepfakes/456_435.mp4,FAKE,608,1280,720
Deepfakes/457_398.mp4,FAKE,528,640,480
Deepfakes/458_722.mp4,FAKE,351,854,480
Deepfakes/459_430.mp4,FAKE,526,1920,1080
Deepfakes/460_678.mp4,FAKE,640,1280,720
Deepfakes/461_250.mp4,FAKE,612,1280,720
Deepfakes/462_467.mp4,FAKE,585,640,480
Deepfakes/463_464.mp4,FAKE,315,636,480
Deepfakes/464_463.mp4,FAKE,404,640,480
Deepfakes/465_482.mp4,FAKE,329,1280,720
Deepfakes/466_428.mp4,FAKE,334,1280,720
Deepfakes/467_462.mp4,FAKE,423,640,480
Deepfakes/468_470.mp4,FAKE,597,600,480
Deepfakes/469_481.mp4,FAKE,414,854,480
Deepfakes/470_468.mp4,FAKE,905,642,480
Deepfakes/471_455.mp4,FAKE,540,640,480
Deepfakes/472_511.mp4,FAKE,479,640,480
Deepfakes/473_366.mp4,FAKE,574,640,480
Deepfakes/474_281.mp4,FAKE,296,640,480
Deepfakes/475_265.mp4,FAKE,337,1280,720
Deepfakes/476_400.mp4,FAKE,310,640,480
Deepfakes/477_487.mp4,FAKE,365,1264,720
Deepfakes/478_506.mp4,FAKE,749,640,480
Deepfakes/479_706.mp4,FAKE,488,1920,1080
Deepfakes/480_389.mp4,FAKE,485,1280,720
Deepfakes/481_469.mp4,FAKE,414,1280,720
Deepfakes/482_465.mp4,FAKE,354,640,480
Deepfakes/483_370.mp4,FAKE,375,1280,720
Deepfakes/484_415.mp4,FAKE,319,654,480
Deepfakes/485_425.mp4,FAKE,803,854,480
Deepfakes/486_680.mp4,FAKE,564,640,480
Deepfakes/487_477.mp4,FAKE,319,1280,720
Deepfakes/488_399.mp4,FAKE,518,854,480
Deepfakes/489_022.mp4,FAKE,566,1280,720
Deepfakes/490_534.mp4,FAKE,635,1920,1080
Deepfakes/491_226.mp4,FAKE,427,1920,1080
Deepfakes/492_325.mp4,FAKE,347,1280,720
Deepfakes/493_538.mp4,FAKE,395,640,480
Deepfakes/494_445.mp4,FAKE,802,1280,720
Deepfakes/495_512.mp4,FAKE,573,640,480
Deepfakes/496_417.mp4,FAKE,1496,640,480
Deepfakes/497_403.mp4,FAKE,621,854,480
Deepfakes/498_433.mp4,FAKE,317,854,480
Deepfakes/499_539.mp4,FAKE,514,1280,720
Deepfakes/500_592.mp4,FAKE,292,1920,1080
Deepfakes/501_326.mp4,FAKE,522,600,480
Deepfakes/502_504.mp4,FAKE,317,1280,720
Deepfakes/503_756.mp4,FAKE,674,640,480
Deepfakes/504_502.mp4,FAKE,317,1280,720
Deepfakes/505_600.mp4,FAKE,543,654,480
Deepfakes/506_478.mp4,FAKE,668,854,480
Deepfakes/507_418.mp4,FAKE,469,1920,1080
Deepfakes/508_831.mp4,FAKE,603,1920,1080
Deepfakes/509_525.mp4,FAKE,563,640,480
Deepfakes/510_528.mp4,FAKE,340,854,480
Deepfakes/511_472.mp4,FAKE,809,640,480
Deepfakes/512_495.mp4,FAKE,750,640,480
Deepfakes/513_305.mp4,FAKE,494,1280,720
Deepfakes/514_443.mp4,FAKE,361,640,480
Deepfakes/515_519.mp4,FAKE,766,640,480
Deepfakes/516_555.mp4,FAKE,354,1920,1080
Deepfakes/517_521.mp4,FAKE,373,654,480
Deepfakes/518_131.mp4,FAKE,295,854,480
Deepfakes/519_515.mp4,FAKE,751,640,480
Deepfakes/520_542.mp4,FAKE,350,1280,720
Deepfakes/521_517.mp4,FAKE,304,640,480
Deepfakes/522_337.mp4,FAKE,713,602,480
Deepfakes/523_541.mp4,FAKE,375,854,480
Deepfakes/524_580.mp4,FAKE,527,854,480
Deepfakes/525_509.mp4,FAKE,517,854,480
Deepfakes/526_436.mp4,FAKE,838,1280,720
Deepfakes/527_454.mp4,FAKE,342,1280,720
Deepfakes/528_510.mp4,FAKE,377,720,480
Deepfakes/529_633.mp4,FAKE,335,1920,1080
Deepfakes/530_594.mp4,FAKE,716,1280,720
Deepfakes/531_549.mp4,FAKE,319,640,480
Deepfakes/532_544.mp4,FAKE,391,1280,720
Deepfakes/533_450.mp4,FAKE,558,1920,1080
Deepfakes/534_490.mp4,FAKE,384,1280,720
Deepfakes/535_587.mp4,FAKE,667,640,480
Deepfakes/536_540.mp4,FAKE,603,1280,720
Deepfakes/537_563.mp4,FAKE,385,1280,720
Deepfakes/538_493.mp4,FAKE,596,854,480
Deepfakes/539_499.mp4,FAKE,313,640,480
Deepfakes/540_536.mp4,FAKE,957,1280,720
Deepfakes/541_523.mp4,FAKE,390,642,480
Deepfakes/542_520.mp4,FAKE,320,1280,720
Deepfakes/543_559.mp4,FAKE,718,656,480
Deepfakes/544_532.mp4,FAKE,355,1280,720
Deepfakes/545_553.mp4,FAKE,436,640,480
Deepfakes/546_621.mp4,FAKE,714,854,480
Deepfakes/547_574.mp4,FAKE,496,1920,1080
Deepfakes/548_632.mp4,FAKE,573,1280,720
Deepfakes/549_531.mp4,FAKE,624,1280,720
Deepfakes/550_452.mp4,FAKE,444,640,480
Deepfakes/551_631.mp4,FAKE,727,1280,720
Deepfakes/552_851.mp4,FAKE,303,1280,720
Deepfakes/553_545.mp4,FAKE,364,640,480
Deepfakes/554_572.mp4,FAKE,828,1280,720
Deepfakes/555_516.mp4,FAKE,572,1920,1080
Deepfakes/556_588.mp4,FAKE,372,640,480
Deepfakes/557_560.mp4,FAKE,509,854,480
Deepfakes/558_583.mp4,FAKE,535,1280,720
Deepfakes/559_543.mp4,FAKE,334,1280,720
Deepfakes/560_557.mp4,FAKE,349,640,480
Deepfakes/561_998.mp4,FAKE,416,1920,1080
Deepfakes/562_626.mp4,FAKE,467,1280,720
Deepfakes/563_537.mp4,FAKE,390,640,480
Deepfakes/564_971.mp4,FAKE,648,1920,1080
Deepfakes/565_589.mp4,FAKE,430,656,480
Deepfakes/566_617.mp4,FAKE,723,854,480
Deepfakes/567_606.mp4,FAKE,340,854,480
Deepfakes/568_628.mp4,FAKE,570,640,480
Deepfakes/569_921.mp4,FAKE,335,1920,1080
Deepfakes/570_624.mp4,FAKE,430,1280,720
Deepfakes/571_746.mp4,FAKE,576,1280,720
Deepfakes/572_554.mp4,FAKE,347,1280,720
Deepfakes/573_757.mp4,FAKE,613,1280,720
Deepfakes/574_547.mp4,FAKE,507,656,480
Deepfakes/575_603.mp4,FAKE,557,1280,720
Deepfakes/576_155.mp4,FAKE,461,1280,720
Deepfakes/577_593.mp4,FAKE,344,1920,1080
Deepfakes/578_636.mp4,FAKE,564,1280,720
Deepfakes/579_701.mp4,FAKE,476,1920,1080
Deepfakes/580_524.mp4,FAKE,292,1280,720
Deepfakes/581_697.mp4,FAKE,382,1920,1080
Deepfakes/582_172.mp4,FAKE,431,654,480
Deepfakes/583_558.mp4,FAKE,475,1280,720
Deepfakes/584_823.mp4,FAKE,475,1280,720
Deepfakes/585_599.mp4,FAKE,359,1280,720
Deepfakes/586_223.mp4,FAKE,379,1920,1080
Deepfakes/587_535.mp4,FAKE,626,640,480
Deepfakes/588_556.mp4,FAKE,544,854,480
Deepfakes/589_565.mp4,FAKE,686,640,480
Deepfakes/590_034.mp4,FAKE,600,1920,1080
Deepfakes/591_605.mp4,FAKE,541,1280,720
Deepfakes/592_500.mp4,FAKE,383,854,480
Deepfakes/593_577.mp4,FAKE,535,1920,1080
Deepfakes/594_530.mp4,FAKE,294,1280,720
Deepfakes/595_597.mp4,FAKE,565,1280,720
Deepfakes/596_609.mp4,FAKE,557,600,480
Deepfakes/597_595.mp4,FAKE,297,640,480
Deepfakes/598_178.mp4,FAKE,686,640,480
Deepfakes/599_585.mp4,FAKE,398,1280,720
Deepfakes/600_505.mp4,FAKE,388,640,480
Deepfakes/601_653.mp4,FAKE,364,654,480
Deepfakes/602_397.mp4,FAKE,667,1920,1080
Deepfakes/603_575.mp4,FAKE,296,1280,720
Deepfakes/604_703.mp4,FAKE,825,1280,720
Deepfakes/605_591.mp4,FAKE,664,848,480
Deepfakes/606_567.mp4,FAKE,387,848,480
Deepfakes/607_683.mp4,FAKE,454,1920,1080
Deepfakes/608_675.mp4,FAKE,1205,600,480
Deepfakes/609_596.mp4,FAKE,489,600,480
Deepfakes/610_692.mp4,FAKE,394,1280,720
Deepfakes/611_760.mp4,FAKE,645,640,480
Deepfakes/612_702.mp4,FAKE,420,1280,720
Deepfakes/613_685.mp4,FAKE,415,1280,720
Deepfakes/614_616.mp4,FAKE,507,1280,720
Deepfakes/615_687.mp4,FAKE,452,1280,720
Deepfakes/616_614.mp4,FAKE,663,640,480
Deepfakes/617_566.mp4,FAKE,312,854,480
Deepfakes/618_629.mp4,FAKE,382,1280,720
Deepfakes/619_620.mp4,FAKE,305,1280,720
Deepfakes/620_619.mp4,FAKE,628,1920,1080
Deepfakes/621_546.mp4,FAKE,370,1280,720
Deepfakes/622_647.mp4,FAKE,371,1280,720
Deepfakes/623_630.mp4,FAKE,352,640,480
Deepfakes/624_570.mp4,FAKE,350,854,480
Deepfakes/625_650.mp4,FAKE,332,640,480
Deepfakes/626_562.mp4,FAKE,975,854,480
Deepfakes/627_658.mp4,FAKE,374,600,480
Deepfakes/628_568.mp4,FAKE,895,640,480
Deepfakes/629_618.mp4,FAKE,990,1280,720
Deepfakes/630_623.mp4,FAKE,423,640,480
Deepfakes/631_551.mp4,FAKE,424,656,480
Deepfakes/632_548.mp4,FAKE,427,1920,1080
Deepfakes/633_529.mp4,FAKE,512,1280,720
Deepfakes/634_660.mp4,FAKE,338,1280,720
Deepfakes/635_642.mp4,FAKE,764,854,480
Deepfakes/636_578.mp4,FAKE,335,640,480
Deepfakes/637_427.mp4,FAKE,510,1280,720
Deepfakes/638_640.mp4,FAKE,698,1280,720
Deepfakes/639_841.mp4,FAKE,662,1280,720
Deepfakes/640_638.mp4,FAKE,306,1280,720
Deepfakes/641_662.mp4,FAKE,350,1280,720
Deepfakes/642_635.mp4,FAKE,573,656,480
Deepfakes/643_646.mp4,FAKE,364,1280,720
Deepfakes/644_657.mp4,FAKE,413,854,480
Deepfakes/645_688.mp4,FAKE,554,1920,1080
Deepfakes/646_643.mp4,FAKE,440,640,480
Deepfakes/647_622.mp4,FAKE,699,1920,1080
Deepfakes/648_654.mp4,FAKE,471,1280,720
Deepfakes/649_816.mp4,FAKE,930,1280,720
Deepfakes/650_625.mp4,FAKE,693,656,480
Deepfakes/651_835.mp4,FAKE,380,1280,720
Deepfakes/652_773.mp4,FAKE,456,1280,720
Deepfakes/653_601.mp4,FAKE,731,654,480
Deepfakes/654_648.mp4,FAKE,410,640,480
Deepfakes/655_444.mp4,FAKE,678,640,480
Deepfakes/656_666.mp4,FAKE,505,640,480
Deepfakes/657_644.mp4,FAKE,546,656,480
Deepfakes/658_627.mp4,FAKE,404,656,480
Deepfakes/659_749.mp4,FAKE,1001,640,480
Deepfakes/660_634.mp4,FAKE,340,1280,720
Deepfakes/661_670.mp4,FAKE,513,1280,720
Deepfakes/662_641.mp4,FAKE,496,1280,720
Deepfakes/663_231.mp4,FAKE,316,640,480
Deepfakes/664_668.mp4,FAKE,293,1280,720
Deepfakes/665_679.mp4,FAKE,324,640,480
Deepfakes/666_656.mp4,FAKE,383,640,480
Deepfakes/667_446.mp4,FAKE,469,1920,1080
Deepfakes/668_664.mp4,FAKE,398,654,480
Deepfakes/669_682.mp4,FAKE,489,640,480
Deepfakes/670_661.mp4,FAKE,481,640,480
Deepfakes/671_677.mp4,FAKE,343,1280,720
Deepfakes/672_720.mp4,FAKE,541,1280,720
Deepfakes/673_728.mp4,FAKE,592,640,480
Deepfakes/674_744.mp4,FAKE,367,640,480
Deepfakes/675_608.mp4,FAKE,421,600,480
Deepfakes/676_776.mp4,FAKE,515,1280,720
Deepfakes/677_671.mp4,FAKE,314,1280,720
Deepfakes/678_460.mp4,FAKE,400,1920,1080
Deepfakes/679_665.mp4,FAKE,416,656,480
Deepfakes/680_486.mp4,FAKE,300,656,480
Deepfakes/681_711.mp4,FAKE,840,1280,720
Deepfakes/682_669.mp4,FAKE,965,600,480
Deepfakes/683_607.mp4,FAKE,302,1920,1080
Deepfakes/684_717.mp4,FAKE,497,1920,1080
Deepfakes/685_613.mp4,FAKE,522,1280,720
Deepfakes/686_696.mp4,FAKE,342,1280,720
Deepfakes/687_615.mp4,FAKE,469,1280,720
Deepfakes/688_645.mp4,FAKE,571,1280,720
Deepfakes/689_690.mp4,FAKE,455,640,480
Deepfakes/690_689.mp4,FAKE,331,854,480
Deepfakes/691_732.mp4,FAKE,540,1280,720
Deepfakes/692_610.mp4,FAKE,354,1280,720
Deepfakes/693_698.mp4,FAKE,595,656,480
Deepfakes/694_767.mp4,FAKE,299,854,480
Deepfakes/695_422.mp4,FAKE,310,1920,1080
Deepfakes/696_686.mp4,FAKE,405,656,480
Deepfakes/697_581.mp4,FAKE,465,1280,720
Deepfakes/698_693.mp4,FAKE,304,656,480
Deepfakes/699_734.mp4,FAKE,524,600,480
Deepfakes/700_813.mp4,FAKE,333,1280,720
Deepfakes/701_579.mp4,FAKE,393,1920,1080
Deepfakes/702_612.mp4,FAKE,749,1280,720
Deepfakes/703_604.mp4,FAKE,375,1280,720
Deepfakes/704_723.mp4,FAKE,450,600,480
Deepfakes/705_707.mp4,FAKE,473,854,480
Deepfakes/706_479.mp4,FAKE,328,1920,1080
Deepfakes/707_705.mp4,FAKE,1034,854,480
Deepfakes/708_772.mp4,FAKE,549,1920,1080
Deepfakes/709_390.mp4,FAKE,300,1920,1080
Deepfakes/710_788.mp4,FAKE,378,854,480
Deepfakes/711_681.mp4,FAKE,292,1920,1080
Deepfakes/712_716.mp4,FAKE,550,1280,720
Deepfakes/713_726.mp4,FAKE,527,1920,1080
Deepfakes/714_842.mp4,FAKE,560,1280,720
Deepfakes/715_721.mp4,FAKE,856,640,480
Deepfakes/716_712.mp4,FAKE,628,600,480
Deepfakes/717_684.mp4,FAKE,374,1280,720
Deepfakes/718_972.mp4,FAKE,578,1920,1080
Deepfakes/719_737.mp4,FAKE,402,640,480
Deepfakes/720_672.mp4,FAKE,564,656,480
Deepfakes/721_715.mp4,FAKE,581,600,480
Deepfakes/722_458.mp4,FAKE,396,1920,1080
Deepfakes/723_704.mp4,FAKE,730,854,480
Deepfakes/724_725.mp4,FAKE,600,1920,1080
Deepfakes/725_724.mp4,FAKE,699,1280,720
Deepfakes/726_713.mp4,FAKE,410,1920,1080
Deepfakes/727_729.mp4,FAKE,554,640,480
Deepfakes/728_673.mp4,FAKE,568,640,480
Deepfakes/729_727.mp4,FAKE,636,656,480
Deepfakes/730_815.mp4,FAKE,719,1280,720
Deepfakes/731_741.mp4,FAKE,778,600,480
Deepfakes/732_691.mp4,FAKE,426,600,480
Deepfakes/733_935.mp4,FAKE,518,1280,720
Deepfakes/734_699.mp4,FAKE,1098,656,480
Deepfakes/735_774.mp4,FAKE,802,640,480
Deepfakes/736_785.mp4,FAKE,414,640,480
Deepfakes/737_719.mp4,FAKE,369,640,480
Deepfakes/738_804.mp4,FAKE,417,1280,720
Deepfakes/739_865.mp4,FAKE,304,1280,720
Deepfakes/740_796.mp4,FAKE,348,1920,1080
Deepfakes/741_731.mp4,FAKE,370,640,480
Deepfakes/742_775.mp4,FAKE,623,640,480
Deepfakes/743_750.mp4,FAKE,311,1280,720
Deepfakes/744_674.mp4,FAKE,294,640,480
Deepfakes/745_777.mp4,FAKE,569,854,480
Deepfakes/746_571.mp4,FAKE,493,1280,720
Deepfakes/747_854.mp4,FAKE,470,1280,720
Deepfakes/748_355.mp4,FAKE,318,1280,720
Deepfakes/749_659.mp4,FAKE,693,854,480
Deepfakes/750_743.mp4,FAKE,441,1920,1080
Deepfakes/751_752.mp4,FAKE,331,640,480
Deepfakes/752_751.mp4,FAKE,1016,1280,720
Deepfakes/753_789.mp4,FAKE,686,1920,1080
Deepfakes/754_758.mp4,FAKE,401,1280,720
Deepfakes/755_759.mp4,FAKE,336,854,480
Deepfakes/756_503.mp4,FAKE,570,854,480
Deepfakes/757_573.mp4,FAKE,441,1280,720
Deepfakes/758_754.mp4,FAKE,391,640,480
Deepfakes/759_755.mp4,FAKE,434,1920,1080
Deepfakes/760_611.mp4,FAKE,306,854,480
Deepfakes/761_766.mp4,FAKE,343,640,480
Deepfakes/762_832.mp4,FAKE,416,640,480
Deepfakes/763_930.mp4,FAKE,812,854,480
Deepfakes/764_850.mp4,FAKE,369,1440,1080
Deepfakes/765_867.mp4,FAKE,388,640,480
Deepfakes/766_761.mp4,FAKE,860,640,480
Deepfakes/767_694.mp4,FAKE,407,640,480
Deepfakes/768_793.mp4,FAKE,330,1280,720
Deepfakes/769_784.mp4,FAKE,484,1280,720
Deepfakes/770_791.mp4,FAKE,653,1280,720
Deepfakes/771_849.mp4,FAKE,634,656,480
Deepfakes/772_708.mp4,FAKE,341,1280,720
Deepfakes/773_652.mp4,FAKE,579,1280,720
Deepfakes/774_735.mp4,FAKE,313,640,480
Deepfakes/775_742.mp4,FAKE,559,640,480
Deepfakes/776_676.mp4,FAKE,331,1920,1080
Deepfakes/777_745.mp4,FAKE,325,640,480
Deepfakes/778_798.mp4,FAKE,328,1280,720
Deepfakes/779_794.mp4,FAKE,306,1280,720
Deepfakes/780_869.mp4,FAKE,402,1280,720
Deepfakes/781_806.mp4,FAKE,475,640,480
Deepfakes/782_787.mp4,FAKE,556,600,480
Deepfakes/783_916.mp4,FAKE,403,1280,720
Deepfakes/784_769.mp4,FAKE,557,640,480
Deepfakes/785_736.mp4,FAKE,413,640,480
Deepfakes/786_819.mp4,FAKE,520,1920,1080
Deepfakes/787_782.mp4,FAKE,502,656,480
Deepfakes/788_710.mp4,FAKE,534,656,480
Deepfakes/789_753.mp4,FAKE,567,1920,1080
Deepfakes/790_014.mp4,FAKE,690,1280,720
Deepfakes/791_770.mp4,FAKE,333,720,480
Deepfakes/792_903.mp4,FAKE,383,640,480
Deepfakes/793_768.mp4,FAKE,590,1280,720
Deepfakes/794_779.mp4,FAKE,879,1280,720
Deepfakes/795_907.mp4,FAKE,550,1280,720
Deepfakes/796_740.mp4,FAKE,1001,1280,720
Deepfakes/797_844.mp4,FAKE,434,640,480
Deepfakes/798_778.mp4,FAKE,371,1920,1080
Deepfakes/799_809.mp4,FAKE,1227,1280,720
Deepfakes/800_840.mp4,FAKE,338,1280,720
Deepfakes/801_855.mp4,FAKE,444,640,480
Deepfakes/802_885.mp4,FAKE,351,656,480
Deepfakes/803_017.mp4,FAKE,297,854,480
Deepfakes/804_738.mp4,FAKE,359,854,480
Deepfakes/805_011.mp4,FAKE,411,1280,720
Deepfakes/806_781.mp4,FAKE,301,640,480
Deepfakes/807_273.mp4,FAKE,650,1920,1080
Deepfakes/808_829.mp4,FAKE,637,1280,720
Deepfakes/809_799.mp4,FAKE,367,656,480
Deepfakes/810_838.mp4,FAKE,1052,1280,720
Deepfakes/811_920.mp4,FAKE,542,1280,720
Deepfakes/812_821.mp4,FAKE,433,720,480
Deepfakes/813_700.mp4,FAKE,360,1280,720
Deepfakes/814_871.mp4,FAKE,550,1280,720
Deepfakes/815_730.mp4,FAKE,452,1280,720
Deepfakes/816_649.mp4,FAKE,411,640,480
Deepfakes/817_827.mp4,FAKE,419,1280,720
Deepfakes/818_820.mp4,FAKE,466,1280,720
Deepfakes/819_786.mp4,FAKE,927,1920,1080
Deepfakes/820_818.mp4,FAKE,665,1280,720
Deepfakes/821_812.mp4,FAKE,423,712,480
Deepfakes/822_244.mp4,FAKE,297,1920,1080
Deepfakes/823_584.mp4,FAKE,672,1280,720
Deepfakes/824_419.mp4,FAKE,577,1280,720
Deepfakes/825_074.mp4,FAKE,547,854,480
Deepfakes/826_833.mp4,FAKE,355,1280,720
Deepfakes/827_817.mp4,FAKE,311,640,480
Deepfakes/828_830.mp4,FAKE,319,640,480
Deepfakes/829_808.mp4,FAKE,801,1274,720
Deepfakes/830_828.mp4,FAKE,511,600,480
Deepfakes/831_508.mp4,FAKE,327,1920,1080
Deepfakes/832_762.mp4,FAKE,553,600,480
Deepfakes/833_826.mp4,FAKE,600,1920,1080
Deepfakes/834_852.mp4,FAKE,303,720,480
Deepfakes/835_651.mp4,FAKE,426,1920,1080
Deepfakes/836_950.mp4,FAKE,343,1280,720
Deepfakes/837_890.mp4,FAKE,443,1280,720
Deepfakes/838_810.mp4,FAKE,457,1280,720
Deepfakes/839_864.mp4,FAKE,385,640,480
Deepfakes/840_800.mp4,FAKE,840,654,480
Deepfakes/841_639.mp4,FAKE,519,854,480
Deepfakes/842_714.mp4,FAKE,447,656,480
Deepfakes/843_859.mp4,FAKE,318,854,480
Deepfakes/844_797.mp4,FAKE,852,640,480
Deepfakes/845_846.mp4,FAKE,356,854,480
Deepfakes/846_845.mp4,FAKE,353,656,480
Deepfakes/847_906.mp4,FAKE,301,1280,720
Deepfakes/848_894.mp4,FAKE,360,1920,1080
Deepfakes/849_771.mp4,FAKE,322,640,480
Deepfakes/850_764.mp4,FAKE,612,810,480
Deepfakes/851_552.mp4,FAKE,833,1280,720
Deepfakes/852_834.mp4,FAKE,427,640,480
Deepfakes/853_863.mp4,FAKE,616,1280,720
Deepfakes/854_747.mp4,FAKE,294,1280,720
Deepfakes/855_801.mp4,FAKE,630,640,480
Deepfakes/856_881.mp4,FAKE,1103,1280,720
Deepfakes/857_909.mp4,FAKE,640,640,480
Deepfakes/858_861.mp4,FAKE,483,656,480
Deepfakes/859_843.mp4,FAKE,333,640,480
Deepfakes/860_905.mp4,FAKE,459,1920,1080
Deepfakes/861_858.mp4,FAKE,594,654,480
Deepfakes/862_047.mp4,FAKE,470,1280,720
Deepfakes/863_853.mp4,FAKE,513,1280,720
Deepfakes/864_839.mp4,FAKE,326,600,480
Deepfakes/865_739.mp4,FAKE,347,1920,1080
Deepfakes/866_878.mp4,FAKE,509,1920,1080
Deepfakes/867_765.mp4,FAKE,1489,720,480
Deepfakes/868_949.mp4,FAKE,431,654,480
Deepfakes/869_780.mp4,FAKE,333,1920,1080
Deepfakes/870_001.mp4,FAKE,604,1280,720
Deepfakes/871_814.mp4,FAKE,348,854,480
Deepfakes/872_873.mp4,FAKE,474,640,480
Deepfakes/873_872.mp4,FAKE,884,1280,720
Deepfakes/874_291.mp4,FAKE,469,1920,1080
Deepfakes/875_979.mp4,FAKE,422,1280,720
Deepfakes/876_891.mp4,FAKE,313,1280,720
Deepfakes/877_886.mp4,FAKE,570,1280,720
Deepfakes/878_866.mp4,FAKE,736,1280,720
Deepfakes/879_963.mp4,FAKE,839,854,480
Deepfakes/880_135.mp4,FAKE,435,1920,1080
Deepfakes/881_856.mp4,FAKE,638,720,480
Deepfakes/882_952.mp4,FAKE,333,1920,1080
Deepfakes/883_013.mp4,FAKE,433,960,720
Deepfakes/884_968.mp4,FAKE,343,960,720
Deepfakes/885_802.mp4,FAKE,329,640,480
Deepfakes/886_877.mp4,FAKE,525,640,480
Deepfakes/887_275.mp4,FAKE,339,658,480
Deepfakes/888_937.mp4,FAKE,307,640,480
Deepfakes/889_045.mp4,FAKE,329,1920,1080
Deepfakes/890_837.mp4,FAKE,341,854,480
Deepfakes/891_876.mp4,FAKE,296,1280,720
Deepfakes/892_112.mp4,FAKE,311,1920,1080
Deepfakes/893_913.mp4,FAKE,537,854,480
Deepfakes/894_848.mp4,FAKE,328,1920,1080
Deepfakes/895_915.mp4,FAKE,294,854,480
Deepfakes/896_128.mp4,FAKE,531,640,480
Deepfakes/897_969.mp4,FAKE,333,656,480
Deepfakes/898_922.mp4,FAKE,349,640,480
Deepfakes/899_914.mp4,FAKE,560,640,480
Deepfakes/900_926.mp4,FAKE,341,640,480
Deepfakes/901_902.mp4,FAKE,523,1280,720
Deepfakes/902_901.mp4,FAKE,295,1280,720
Deepfakes/903_792.mp4,FAKE,567,598,480
Deepfakes/904_046.mp4,FAKE,359,1920,1080
Deepfakes/905_860.mp4,FAKE,382,960,720
Deepfakes/906_847.mp4,FAKE,389,1920,1080
Deepfakes/907_795.mp4,FAKE,525,1280,720
Deepfakes/908_207.mp4,FAKE,667,1920,1080
Deepfakes/909_857.mp4,FAKE,637,640,480
Deepfakes/910_911.mp4,FAKE,292,1280,720
Deepfakes/911_910.mp4,FAKE,329,1280,720
Deepfakes/912_927.mp4,FAKE,647,640,480
Deepfakes/913_893.mp4,FAKE,634,632,480
Deepfakes/914_899.mp4,FAKE,307,640,480
Deepfakes/915_895.mp4,FAKE,352,1280,720
Deepfakes/916_783.mp4,FAKE,484,1280,720
Deepfakes/917_924.mp4,FAKE,448,656,480
Deepfakes/918_934.mp4,FAKE,472,978,720
Deepfakes/919_015.mp4,FAKE,534,640,480
Deepfakes/920_811.mp4,FAKE,371,1920,1080
Deepfakes/921_569.mp4,FAKE,296,1920,1080
Deepfakes/922_898.mp4,FAKE,616,640,480
Deepfakes/923_023.mp4,FAKE,602,1280,720
Deepfakes/924_917.mp4,FAKE,1248,600,480
Deepfakes/925_933.mp4,FAKE,356,1280,720
Deepfakes/926_900.mp4,FAKE,333,640,480
Deepfakes/927_912.mp4,FAKE,697,640,480
Deepfakes/928_160.mp4,FAKE,376,1280,720
Deepfakes/929_962.mp4,FAKE,462,656,480
Deepfakes/930_763.mp4,FAKE,448,640,480
Deepfakes/931_936.mp4,FAKE,319,640,480
Deepfakes/932_384.mp4,FAKE,484,1280,720
Deepfakes/933_925.mp4,FAKE,494,1280,720
Deepfakes/934_918.mp4,FAKE,377,1280,720
Deepfakes/935_733.mp4,FAKE,540,1920,1080
Deepfakes/936_931.mp4,FAKE,297,656,480
Deepfakes/937_888.mp4,FAKE,455,640,480
Deepfakes/938_987.mp4,FAKE,369,640,480
Deepfakes/939_115.mp4,FAKE,511,640,480
Deepfakes/940_941.mp4,FAKE,309,640,480
Deepfakes/941_940.mp4,FAKE,494,854,480
Deepfakes/942_943.mp4,FAKE,495,1280,720
Deepfakes/943_942.mp4,FAKE,470,1280,720
Deepfakes/944_032.mp4,FAKE,342,720,480
Deepfakes/945_044.mp4,FAKE,761,1280,720
Deepfakes/946_049.mp4,FAKE,462,1280,720
Deepfakes/947_951.mp4,FAKE,641,1280,720
Deepfakes/948_965.mp4,FAKE,434,1920,1080
Deepfakes/949_868.mp4,FAKE,686,640,480
Deepfakes/950_836.mp4,FAKE,763,1920,1080
Deepfakes/951_947.mp4,FAKE,1176,1280,720
Deepfakes/952_882.mp4,FAKE,700,1280,720
Deepfakes/953_974.mp4,FAKE,351,1280,720
Deepfakes/954_976.mp4,FAKE,376,640,480
Deepfakes/955_078.mp4,FAKE,531,640,480
Deepfakes/956_958.mp4,FAKE,542,854,480
Deepfakes/957_959.mp4,FAKE,418,1920,1080
Deepfakes/958_956.mp4,FAKE,392,720,480
Deepfakes/959_957.mp4,FAKE,482,1920,1080
Deepfakes/960_999.mp4,FAKE,345,1280,720
Deepfakes/961_069.mp4,FAKE,323,1280,720
Deepfakes/962_929.mp4,FAKE,460,640,480
Deepfakes/963_879.mp4,FAKE,692,854,480
Deepfakes/964_174.mp4,FAKE,451,654,480
Deepfakes/965_948.mp4,FAKE,348,1920,1080
Deepfakes/966_988.mp4,FAKE,364,640,480
Deepfakes/967_984.mp4,FAKE,412,1280,720
Deepfakes/968_884.mp4,FAKE,300,1280,720
Deepfakes/969_897.mp4,FAKE,356,656,480
Deepfakes/970_973.mp4,FAKE,476,656,480
Deepfakes/971_564.mp4,FAKE,354,1920,1080
Deepfakes/972_718.mp4,FAKE,311,1920,1080
Deepfakes/973_970.mp4,FAKE,533,600,480
Deepfakes/974_953.mp4,FAKE,318,600,480
Deepfakes/975_978.mp4,FAKE,304,1280,720
Deepfakes/976_954.mp4,FAKE,328,854,480
Deepfakes/977_075.mp4,FAKE,651,854,480
Deepfakes/978_975.mp4,FAKE,757,1280,720
Deepfakes/979_875.mp4,FAKE,335,1280,720
Deepfakes/980_992.mp4,FAKE,383,656,480
Deepfakes/981_985.mp4,FAKE,372,600,480
Deepfakes/982_004.mp4,FAKE,845,854,480
Deepfakes/983_113.mp4,FAKE,406,854,480
Deepfakes/984_967.mp4,FAKE,339,1280,720
Deepfakes/985_981.mp4,FAKE,343,640,480
Deepfakes/986_994.mp4,FAKE,828,1280,720
Deepfakes/987_938.mp4,FAKE,575,600,480
Deepfakes/988_966.mp4,FAKE,455,600,480
Deepfakes/989_993.mp4,FAKE,960,656,480
Deepfakes/990_008.mp4,FAKE,305,854,480
Deepfakes/991_064.mp4,FAKE,402,640,480
Deepfakes/992_980.mp4,FAKE,718,600,480
Deepfakes/993_989.mp4,FAKE,409,640,480
Deepfakes/994_986.mp4,FAKE,316,640,480
Deepfakes/995_233.mp4,FAKE,548,640,480
Deepfakes/996_056.mp4,FAKE,312,720,480
Deepfakes/997_040.mp4,FAKE,438,600,480
Deepfakes/998_561.mp4,FAKE,344,1280,720
Deepfakes/999_960.mp4,FAKE,335,640,480
FaceSwap/000_003.mp4,FAKE,303,640,480
FaceSwap/001_870.mp4,FAKE,460,1280,720
FaceSwap/002_006.mp4,FAKE,310,1280,720
FaceSwap/003_000.mp4,FAKE,303,640,480
FaceSwap/004_982.mp4,FAKE,309,1280,720
FaceSwap/005_010.mp4,FAKE,385,720,480
FaceSwap/006_002.mp4,FAKE,310,1280,720
FaceSwap/007_132.mp4,FAKE,413,600,480
FaceSwap/008_990.mp4,FAKE,305,640,480
FaceSwap/009_027.mp4,FAKE,315,640,480
FaceSwap/010_005.mp4,FAKE,385,640,480
FaceSwap/011_805.mp4,FAKE,411,1280,720
FaceSwap/012_026.mp4,FAKE,322,640,480
FaceSwap/013_883.mp4,FAKE,332,640,480
FaceSwap/014_790.mp4,FAKE,676,640,480
FaceSwap/015_919.mp4,FAKE,437,640,480
FaceSwap/016_209.mp4,FAKE,337,640,480
FaceSwap/017_803.mp4,FAKE,297,1280,720
FaceSwap/018_019.mp4,FAKE,432,640,480
FaceSwap/019_018.mp4,FAKE,432,640,480
FaceSwap/020_344.mp4,FAKE,390,1280,720
FaceSwap/021_312.mp4,FAKE,428,654,480
FaceSwap/022_489.mp4,FAKE,325,1280,720
FaceSwap/023_923.mp4,FAKE,553,640,480
FaceSwap/024_073.mp4,FAKE,306,640,480
FaceSwap/025_067.mp4,FAKE,538,1440,1080
FaceSwap/026_012.mp4,FAKE,322,640,480
FaceSwap/027_009.mp4,FAKE,315,640,480
FaceSwap/028_068.mp4,FAKE,401,848,480
FaceSwap/029_048.mp4,FAKE,416,586,480
FaceSwap/030_193.mp4,FAKE,297,1920,1080
FaceSwap/031_163.mp4,FAKE,304,1280,720
FaceSwap/032_944.mp4,FAKE,310,1280,720
FaceSwap/033_097.mp4,FAKE,478,854,480
FaceSwap/034_590.mp4,FAKE,407,960,720
FaceSwap/035_036.mp4,FAKE,337,640,480
FaceSwap/036_035.mp4,FAKE,337,640,480
FaceSwap/037_072.mp4,FAKE,311,656,480
FaceSwap/038_125.mp4,FAKE,305,854,480
FaceSwap/039_058.mp4,FAKE,609,654,480
FaceSwap/040_997.mp4,FAKE,438,1280,720
FaceSwap/041_063.mp4,FAKE,349,656,480
FaceSwap/042_084.mp4,FAKE,338,640,480
FaceSwap/043_110.mp4,FAKE,495,1280,720
FaceSwap/044_945.mp4,FAKE,335,1280,720
FaceSwap/045_889.mp4,FAKE,329,1920,1080
FaceSwap/046_904.mp4,FAKE,359,1280,720
FaceSwap/047_862.mp4,FAKE,319,854,480
FaceSwap/048_029.mp4,FAKE,416,640,480
FaceSwap/049_946.mp4,FAKE,360,640,480
FaceSwap/050_059.mp4,FAKE,530,640,480
FaceSwap/051_332.mp4,FAKE,695,1280,720
FaceSwap/052_108.mp4,FAKE,300,1920,1080
FaceSwap/053_095.mp4,FAKE,417,656,480
FaceSwap/054_071.mp4,FAKE,368,640,480
FaceSwap/055_147.mp4,FAKE,394,640,480
FaceSwap/056_996.mp4,FAKE,312,1280,720
FaceSwap/057_070.mp4,FAKE,367,656,480
FaceSwap/058_039.mp4,FAKE,609,720,480
FaceSwap/059_050.mp4,FAKE,530,640,480
FaceSwap/060_088.mp4,FAKE,665,600,480
FaceSwap/061_080.mp4,FAKE,337,654,480
FaceSwap/062_066.mp4,FAKE,423,640,480
FaceSwap/063_041.mp4,FAKE,349,640,480
FaceSwap/064_991.mp4,FAKE,402,640,480
FaceSwap/065_089.mp4,FAKE,442,1280,720
FaceSwap/066_062.mp4,FAKE,423,720,480
FaceSwap/067_025.mp4,FAKE,538,1280,720
FaceSwap/068_028.mp4,FAKE,401,640,480
FaceSwap/069_961.mp4,FAKE,323,1280,720
FaceSwap/070_057.mp4,FAKE,367,640,480
FaceSwap/071_054.mp4,FAKE,368,654,480
FaceSwap/072_037.mp4,FAKE,311,656,480
FaceSwap/073_024.mp4,FAKE,306,1280,720
FaceSwap/074_825.mp4,FAKE,345,1920,1080
FaceSwap/075_977.mp4,FAKE,613,1280,720
FaceSwap/076_079.mp4,FAKE,329,1280,720
FaceSwap/077_100.mp4,FAKE,423,640,480
FaceSwap/078_955.mp4,FAKE,523,1280,720
FaceSwap/079_076.mp4,FAKE,329,1280,720
FaceSwap/080_061.mp4,FAKE,337,656,480
FaceSwap/081_087.mp4,FAKE,309,600,480
FaceSwap/082_103.mp4,FAKE,316,640,480
FaceSwap/083_213.mp4,FAKE,378,1920,1080
FaceSwap/084_042.mp4,FAKE,338,1920,1080
FaceSwap/085_124.mp4,FAKE,318,640,480
FaceSwap/086_090.mp4,FAKE,687,1280,720
FaceSwap/087_081.mp4,FAKE,309,640,480
FaceSwap/088_060.mp4,FAKE,665,640,480
FaceSwap/089_065.mp4,FAKE,442,1280,720
FaceSwap/090_086.mp4,FAKE,687,1280,720
FaceSwap/091_116.mp4,FAKE,327,658,480
FaceSwap/092_098.mp4,FAKE,299,720,480
FaceSwap/093_121.mp4,FAKE,308,1280,720
FaceSwap/094_111.mp4,FAKE,433,1280,720
FaceSwap/095_053.mp4,FAKE,417,640,480
FaceSwap/096_101.mp4,FAKE,504,1920,1080
FaceSwap/097_033.mp4,FAKE,478,640,480
FaceSwap/098_092.mp4,FAKE,299,656,480
FaceSwap/099_295.mp4,FAKE,411,1920,1080
FaceSwap/100_077.mp4,FAKE,423,640,480
FaceSwap/101_096.mp4,FAKE,504,854,480
FaceSwap/102_114.mp4,FAKE,389,720,480
FaceSwap/103_082.mp4,FAKE,316,656,480
FaceSwap/104_126.mp4,FAKE,328,640,480
FaceSwap/105_180.mp4,FAKE,300,640,480
FaceSwap/106_198.mp4,FAKE,356,854,480
FaceSwap/107_109.mp4,FAKE,298,640,480
FaceSwap/108_052.mp4,FAKE,300,1440,1080
FaceSwap/109_107.mp4,FAKE,298,640,480
FaceSwap/110_043.mp4,FAKE,495,960,720
FaceSwap/111_094.mp4,FAKE,433,640,480
FaceSwap/112_892.mp4,FAKE,311,1920,1080
FaceSwap/113_983.mp4,FAKE,406,1280,720
FaceSwap/114_102.mp4,FAKE,389,640,480
FaceSwap/115_939.mp4,FAKE,320,1280,720
FaceSwap/116_091.mp4,FAKE,327,640,480
FaceSwap/117_217.mp4,FAKE,548,1280,720
FaceSwap/118_120.mp4,FAKE,352,852,480
FaceSwap/119_123.mp4,FAKE,502,640,480
FaceSwap/120_118.mp4,FAKE,352,640,480
FaceSwap/121_093.mp4,FAKE,308,1920,1080
FaceSwap/122_144.mp4,FAKE,309,1264,720
FaceSwap/123_119.mp4,FAKE,502,640,480
FaceSwap/124_085.mp4,FAKE,318,600,480
FaceSwap/125_038.mp4,FAKE,305,1280,720
FaceSwap/126_104.mp4,FAKE,328,640,480
FaceSwap/127_129.mp4,FAKE,330,1280,720
FaceSwap/128_896.mp4,FAKE,531,640,480
FaceSwap/129_127.mp4,FAKE,330,1280,720
FaceSwap/130_139.mp4,FAKE,378,656,480
FaceSwap/131_518.mp4,FAKE,295,600,480
FaceSwap/132_007.mp4,FAKE,413,640,480
FaceSwap/133_148.mp4,FAKE,475,720,480
FaceSwap/134_192.mp4,FAKE,287,1280,720
FaceSwap/135_880.mp4,FAKE,327,1280,720
FaceSwap/136_285.mp4,FAKE,383,1280,720
FaceSwap/137_165.mp4,FAKE,387,720,480
FaceSwap/138_142.mp4,FAKE,410,600,480
FaceSwap/139_130.mp4,FAKE,378,600,480
FaceSwap/140_143.mp4,FAKE,414,640,480
FaceSwap/141_161.mp4,FAKE,369,854,480
FaceSwap/142_138.mp4,FAKE,410,600,480
FaceSwap/143_140.mp4,FAKE,414,640,480
FaceSwap/144_122.mp4,FAKE,309,1280,720
FaceSwap/145_299.mp4,FAKE,314,600,480
FaceSwap/146_256.mp4,FAKE,546,1280,720
FaceSwap/147_055.mp4,FAKE,394,600,480
FaceSwap/148_133.mp4,FAKE,475,640,480
FaceSwap/149_152.mp4,FAKE,313,854,480
FaceSwap/150_153.mp4,FAKE,456,854,480
FaceSwap/151_225.mp4,FAKE,304,1280,720
FaceSwap/152_149.mp4,FAKE,313,656,480
FaceSwap/153_150.mp4,FAKE,456,640,480
FaceSwap/154_386.mp4,FAKE,449,1280,720
FaceSwap/155_576.mp4,FAKE,461,854,480
FaceSwap/156_243.mp4,FAKE,387,640,480
FaceSwap/157_245.mp4,FAKE,334,656,480
FaceSwap/158_379.mp4,FAKE,341,640,480
FaceSwap/159_175.mp4,FAKE,325,600,480
FaceSwap/160_928.mp4,FAKE,376,1280,720
FaceSwap/161_141.mp4,FAKE,369,640,480
FaceSwap/162_330.mp4,FAKE,407,1280,720
FaceSwap/163_031.mp4,FAKE,304,1280,720
FaceSwap/164_216.mp4,FAKE,476,854,480
FaceSwap/165_137.mp4,FAKE,387,656,480
FaceSwap/166_167.mp4,FAKE,341,640,480
FaceSwap/167_166.mp4,FAKE,341,854,480
FaceSwap/168_222.mp4,FAKE,407,640,480
FaceSwap/169_227.mp4,FAKE,441,640,480
FaceSwap/170_186.mp4,FAKE,334,1920,1080
FaceSwap/171_173.mp4,FAKE,541,1280,720
FaceSwap/172_582.mp4,FAKE,431,640,480
FaceSwap/173_171.mp4,FAKE,541,1280,720
FaceSwap/174_964.mp4,FAKE,414,1280,720
FaceSwap/175_159.mp4,FAKE,325,640,480
FaceSwap/176_190.mp4,FAKE,331,1920,1080
FaceSwap/177_211.mp4,FAKE,410,854,480
FaceSwap/178_598.mp4,FAKE,521,640,480
FaceSwap/179_212.mp4,FAKE,415,640,480
FaceSwap/180_105.mp4,FAKE,300,640,480
FaceSwap/181_199.mp4,FAKE,368,640,480
FaceSwap/182_242.mp4,FAKE,331,1280,720
FaceSwap/183_253.mp4,FAKE,390,1280,720
FaceSwap/184_205.mp4,FAKE,307,1280,720
FaceSwap/185_276.mp4,FAKE,331,854,480
FaceSwap/186_170.mp4,FAKE,334,1920,1080
FaceSwap/187_234.mp4,FAKE,528,1280,720
FaceSwap/188_191.mp4,FAKE,310,1280,720
FaceSwap/189_200.mp4,FAKE,512,640,480
FaceSwap/190_176.mp4,FAKE,331,1920,1080
FaceSwap/191_188.mp4,FAKE,310,1920,1080
FaceSwap/192_134.mp4,FAKE,287,1280,720
FaceSwap/193_030.mp4,FAKE,297,1920,1080
FaceSwap/194_235.mp4,FAKE,312,640,480
FaceSwap/195_442.mp4,FAKE,333,1280,720
FaceSwap/196_310.mp4,FAKE,375,656,480
FaceSwap/197_224.mp4,FAKE,488,640,480
FaceSwap/198_106.mp4,FAKE,356,720,480
FaceSwap/199_181.mp4,FAKE,368,1280,720
FaceSwap/200_189.mp4,FAKE,512,854,480
FaceSwap/201_203.mp4,FAKE,446,656,480
FaceSwap/202_348.mp4,FAKE,323,854,480
FaceSwap/203_201.mp4,FAKE,446,640,480
FaceSwap/204_230.mp4,FAKE,372,960,720
FaceSwap/205_184.mp4,FAKE,307,854,480
FaceSwap/206_221.mp4,FAKE,714,656,480
FaceSwap/207_908.mp4,FAKE,346,1920,1080
FaceSwap/208_215.mp4,FAKE,465,640,480
FaceSwap/209_016.mp4,FAKE,337,854,480
FaceSwap/210_241.mp4,FAKE,292,654,480
FaceSwap/211_177.mp4,FAKE,410,1280,720
FaceSwap/212_179.mp4,FAKE,415,854,480
FaceSwap/213_083.mp4,FAKE,378,1280,720
FaceSwap/214_255.mp4,FAKE,462,854,480
FaceSwap/215_208.mp4,FAKE,465,720,480
FaceSwap/216_164.mp4,FAKE,476,644,480
FaceSwap/217_117.mp4,FAKE,548,1920,1080
FaceSwap/218_239.mp4,FAKE,353,640,480
FaceSwap/219_220.mp4,FAKE,350,1280,720
FaceSwap/220_219.mp4,FAKE,350,720,480
FaceSwap/221_206.mp4,FAKE,714,1280,720
FaceSwap/222_168.mp4,FAKE,407,640,480
FaceSwap/223_586.mp4,FAKE,336,1920,1080
FaceSwap/224_197.mp4,FAKE,488,640,480
FaceSwap/225_151.mp4,FAKE,304,1280,720
FaceSwap/226_491.mp4,FAKE,328,1280,720
FaceSwap/227_169.mp4,FAKE,441,1280,720
FaceSwap/228_289.mp4,FAKE,556,854,480
FaceSwap/229_247.mp4,FAKE,392,854,480
FaceSwap/230_204.mp4,FAKE,372,1280,720
FaceSwap/231_663.mp4,FAKE,316,720,480
FaceSwap/232_248.mp4,FAKE,496,720,480
FaceSwap/233_995.mp4,FAKE,548,1280,720
FaceSwap/234_187.mp4,FAKE,528,1280,720
FaceSwap/235_194.mp4,FAKE,312,854,480
FaceSwap/236_237.mp4,FAKE,651,656,480
FaceSwap/237_236.mp4,FAKE,651,1280,720
FaceSwap/238_282.mp4,FAKE,594,640,480
FaceSwap/239_218.mp4,FAKE,353,640,480
FaceSwap/240_290.mp4,FAKE,422,720,480
FaceSwap/241_210.mp4,FAKE,292,854,480
FaceSwap/242_182.mp4,FAKE,331,640,480
FaceSwap/243_156.mp4,FAKE,387,1280,720
FaceSwap/244_822.mp4,FAKE,297,1920,1080
FaceSwap/245_157.mp4,FAKE,334,640,480
FaceSwap/246_258.mp4,FAKE,496,1280,720
FaceSwap/247_229.mp4,FAKE,392,656,480
FaceSwap/248_232.mp4,FAKE,496,1280,720
FaceSwap/249_280.mp4,FAKE,606,854,480
FaceSwap/250_461.mp4,FAKE,564,1280,720
FaceSwap/251_375.mp4,FAKE,346,1920,1080
FaceSwap/252_266.mp4,FAKE,465,800,480
FaceSwap/253_183.mp4,FAKE,390,1280,720
FaceSwap/254_261.mp4,FAKE,427,1280,720
FaceSwap/255_214.mp4,FAKE,462,1280,720
FaceSwap/256_146.mp4,FAKE,546,1280,720
FaceSwap/257_420.mp4,FAKE,763,656,480
FaceSwap/258_246.mp4,FAKE,496,1280,720
FaceSwap/259_345.mp4,FAKE,423,640,480
FaceSwap/260_331.mp4,FAKE,302,640,480
FaceSwap/261_254.mp4,FAKE,427,600,480
FaceSwap/262_301.mp4,FAKE,397,600,480
FaceSwap/263_284.mp4,FAKE,300,1280,720
FaceSwap/264_271.mp4,FAKE,455,854,480
FaceSwap/265_475.mp4,FAKE,337,1920,1080
FaceSwap/266_252.mp4,FAKE,465,720,480
FaceSwap/267_286.mp4,FAKE,306,1280,720
FaceSwap/268_269.mp4,FAKE,387,654,480
FaceSwap/269_268.mp4,FAKE,387,640,480
FaceSwap/270_297.mp4,FAKE,311,656,480
FaceSwap/271_264.mp4,FAKE,455,640,480
FaceSwap/272_396.mp4,FAKE,323,1280,720
FaceSwap/273_807.mp4,FAKE,322,1280,720
FaceSwap/274_412.mp4,FAKE,474,1280,720
FaceSwap/275_887.mp4,FAKE,339,640,480
FaceSwap/276_185.mp4,FAKE,331,656,480
FaceSwap/277_335.mp4,FAKE,384,1280,720
FaceSwap/278_306.mp4,FAKE,449,640,480
FaceSwap/279_298.mp4,FAKE,569,640,480
FaceSwap/280_249.mp4,FAKE,606,854,480
FaceSwap/281_474.mp4,FAKE,296,1280,720
FaceSwap/282_238.mp4,FAKE,594,854,480
FaceSwap/283_313.mp4,FAKE,481,640,480
FaceSwap/284_263.mp4,FAKE,300,1920,1080
FaceSwap/285_136.mp4,FAKE,383,1280,720
FaceSwap/286_267.mp4,FAKE,306,1280,720
FaceSwap/287_426.mp4,FAKE,335,1280,720
FaceSwap/288_321.mp4,FAKE,543,640,480
FaceSwap/289_228.mp4,FAKE,556,720,480
FaceSwap/290_240.mp4,FAKE,422,640,480
FaceSwap/291_874.mp4,FAKE,330,1920,1080
FaceSwap/292_294.mp4,FAKE,425,1280,720
FaceSwap/293_296.mp4,FAKE,336,656,480
FaceSwap/294_292.mp4,FAKE,425,1280,720
FaceSwap/295_099.mp4,FAKE,411,1920,1080
FaceSwap/296_293.mp4,FAKE,336,640,480
FaceSwap/297_270.mp4,FAKE,311,656,480
FaceSwap/298_279.mp4,FAKE,569,640,480
FaceSwap/299_145.mp4,FAKE,314,640,480
FaceSwap/300_304.mp4,FAKE,598,600,480
FaceSwap/301_262.mp4,FAKE,397,640,480
FaceSwap/302_323.mp4,FAKE,456,854,480
FaceSwap/303_309.mp4,FAKE,571,656,480
FaceSwap/304_300.mp4,FAKE,598,640,480
FaceSwap/305_513.mp4,FAKE,494,1280,720
FaceSwap/306_278.mp4,FAKE,449,600,480
FaceSwap/307_365.mp4,FAKE,369,640,480
FaceSwap/308_388.mp4,FAKE,502,1280,720
FaceSwap/309_303.mp4,FAKE,571,600,480
FaceSwap/310_196.mp4,FAKE,375,1280,720
FaceSwap/311_387.mp4,FAKE,368,960,720
FaceSwap/312_021.mp4,FAKE,428,640,480
FaceSwap/313_283.mp4,FAKE,481,654,480
FaceSwap/314_347.mp4,FAKE,413,1280,720
FaceSwap/315_322.mp4,FAKE,304,854,480
FaceSwap/316_369.mp4,FAKE,320,640,480
FaceSwap/317_359.mp4,FAKE,456,640,480
FaceSwap/318_334.mp4,FAKE,475,656,480
FaceSwap/319_352.mp4,FAKE,421,854,480
FaceSwap/320_328.mp4,FAKE,319,1280,720
FaceSwap/321_288.mp4,FAKE,543,640,480
FaceSwap/322_315.mp4,FAKE,304,1280,720
FaceSwap/323_302.mp4,FAKE,456,656,480
FaceSwap/324_356.mp4,FAKE,558,640,480
FaceSwap/325_492.mp4,FAKE,347,1280,720
FaceSwap/326_501.mp4,FAKE,522,640,480
FaceSwap/327_329.mp4,FAKE,415,640,480
FaceSwap/328_320.mp4,FAKE,319,1280,720
FaceSwap/329_327.mp4,FAKE,415,654,480
FaceSwap/330_162.mp4,FAKE,407,1280,720
FaceSwap/331_260.mp4,FAKE,302,1280,720
FaceSwap/332_051.mp4,FAKE,695,1280,720
FaceSwap/333_377.mp4,FAKE,398,640,480
FaceSwap/334_318.mp4,FAKE,475,600,480
FaceSwap/335_277.mp4,FAKE,384,1280,720
FaceSwap/336_338.mp4,FAKE,507,656,480
FaceSwap/337_522.mp4,FAKE,331,640,480
FaceSwap/338_336.mp4,FAKE,507,600,480
FaceSwap/339_392.mp4,FAKE,457,640,480
FaceSwap/340_341.mp4,FAKE,293,1920,1080
FaceSwap/341_340.mp4,FAKE,293,960,720
FaceSwap/342_416.mp4,FAKE,302,1280,720
FaceSwap/343_363.mp4,FAKE,299,656,480
FaceSwap/344_020.mp4,FAKE,390,1280,720
FaceSwap/345_259.mp4,FAKE,423,854,480
FaceSwap/346_351.mp4,FAKE,615,454,480
FaceSwap/347_314.mp4,FAKE,413,854,480
FaceSwap/348_202.mp4,FAKE,323,854,480
FaceSwap/349_350.mp4,FAKE,405,1280,720
FaceSwap/350_349.mp4,FAKE,405,854,480
FaceSwap/351_346.mp4,FAKE,615,640,480
FaceSwap/352_319.mp4,FAKE,421,720,480
FaceSwap/353_383.mp4,FAKE,358,1280,720
FaceSwap/354_362.mp4,FAKE,455,1280,720
FaceSwap/355_748.mp4,FAKE,318,1920,1080
FaceSwap/356_324.mp4,FAKE,558,1280,720
FaceSwap/357_432.mp4,FAKE,346,854,480
FaceSwap/358_380.mp4,FAKE,455,640,480
FaceSwap/359_317.mp4,FAKE,456,640,480
FaceSwap/360_437.mp4,FAKE,385,1280,720
FaceSwap/361_448.mp4,FAKE,455,1280,720
FaceSwap/362_354.mp4,FAKE,455,1280,720
FaceSwap/363_343.mp4,FAKE,299,640,480
FaceSwap/364_440.mp4,FAKE,419,854,480
FaceSwap/365_307.mp4,FAKE,369,640,480
FaceSwap/366_473.mp4,FAKE,404,656,480
FaceSwap/367_371.mp4,FAKE,649,640,480
FaceSwap/368_378.mp4,FAKE,761,640,480
FaceSwap/369_316.mp4,FAKE,320,854,480
FaceSwap/370_483.mp4,FAKE,375,1920,1080
FaceSwap/371_367.mp4,FAKE,649,600,480
FaceSwap/372_413.mp4,FAKE,379,854,480
FaceSwap/373_394.mp4,FAKE,420,1280,720
FaceSwap/374_407.mp4,FAKE,504,1280,720
FaceSwap/375_251.mp4,FAKE,346,1280,720
FaceSwap/376_381.mp4,FAKE,515,1280,720
FaceSwap/377_333.mp4,FAKE,398,640,480
FaceSwap/378_368.mp4,FAKE,761,1280,720
FaceSwap/379_158.mp4,FAKE,341,640,480
FaceSwap/380_358.mp4,FAKE,455,640,480
FaceSwap/381_376.mp4,FAKE,515,656,480
FaceSwap/382_409.mp4,FAKE,313,640,480
FaceSwap/383_353.mp4,FAKE,358,1920,1080
FaceSwap/384_932.mp4,FAKE,462,1920,1080
FaceSwap/385_414.mp4,FAKE,349,1280,720
FaceSwap/386_154.mp4,FAKE,449,1920,1080
FaceSwap/387_311.mp4,FAKE,368,1280,720
FaceSwap/388_308.mp4,FAKE,502,640,480
FaceSwap/389_480.mp4,FAKE,314,1920,1080
FaceSwap/390_709.mp4,FAKE,300,1280,720
FaceSwap/391_406.mp4,FAKE,512,640,480
FaceSwap/392_339.mp4,FAKE,457,1280,720
FaceSwap/393_405.mp4,FAKE,531,640,480
FaceSwap/394_373.mp4,FAKE,420,1280,720
FaceSwap/395_401.mp4,FAKE,448,1280,720
FaceSwap/396_272.mp4,FAKE,323,1280,720
FaceSwap/397_602.mp4,FAKE,355,1920,1080
FaceSwap/398_457.mp4,FAKE,528,656,480
FaceSwap/399_488.mp4,FAKE,518,1280,720
FaceSwap/400_476.mp4,FAKE,310,1280,720
FaceSwap/401_395.mp4,FAKE,448,1280,720
FaceSwap/402_453.mp4,FAKE,423,1920,1080
FaceSwap/403_497.mp4,FAKE,621,272,480
FaceSwap/404_429.mp4,FAKE,457,1280,720
FaceSwap/405_393.mp4,FAKE,531,640,480
FaceSwap/406_391.mp4,FAKE,512,600,480
FaceSwap/407_374.mp4,FAKE,504,600,480
FaceSwap/408_424.mp4,FAKE,306,720,480
FaceSwap/409_382.mp4,FAKE,313,640,480
FaceSwap/410_411.mp4,FAKE,459,1920,1080
FaceSwap/411_410.mp4,FAKE,459,1920,1080
FaceSwap/412_274.mp4,FAKE,474,1280,720
FaceSwap/413_372.mp4,FAKE,379,640,480
FaceSwap/414_385.mp4,FAKE,349,1920,1080
FaceSwap/415_484.mp4,FAKE,319,720,480
FaceSwap/416_342.mp4,FAKE,302,1280,720
FaceSwap/417_496.mp4,FAKE,861,854,480
FaceSwap/418_507.mp4,FAKE,319,1280,720
FaceSwap/419_824.mp4,FAKE,487,1280,720
FaceSwap/420_257.mp4,FAKE,763,600,480
FaceSwap/421_423.mp4,FAKE,1038,640,480
FaceSwap/422_695.mp4,FAKE,310,1920,1080
FaceSwap/423_421.mp4,FAKE,1038,598,480
FaceSwap/424_408.mp4,FAKE,306,640,480
FaceSwap/425_485.mp4,FAKE,336,854,480
FaceSwap/426_287.mp4,FAKE,335,1920,1080
FaceSwap/427_637.mp4,FAKE,468,1280,720
FaceSwap/428_466.mp4,FAKE,334,1280,720
FaceSwap/429_404.mp4,FAKE,457,656,480
FaceSwap/430_459.mp4,FAKE,357,1920,1080
FaceSwap/431_447.mp4,FAKE,326,1280,720
FaceSwap/432_357.mp4,FAKE,346,640,480
FaceSwap/433_498.mp4,FAKE,317,1280,720
FaceSwap/434_438.mp4,FAKE,337,854,480
FaceSwap/435_456.mp4,FAKE,476,656,480
FaceSwap/436_526.mp4,FAKE,518,1280,720
FaceSwap/437_360.mp4,FAKE,385,1280,720
FaceSwap/438_434.mp4,FAKE,337,640,480
FaceSwap/439_441.mp4,FAKE,305,640,480
FaceSwap/440_364.mp4,FAKE,419,656,480
FaceSwap/441_439.mp4,FAKE,305,640,480
FaceSwap/442_195.mp4,FAKE,333,1920,1080
FaceSwap/443_514.mp4,FAKE,361,640,480
FaceSwap/444_655.mp4,FAKE,437,854,480
FaceSwap/445_494.mp4,FAKE,802,1280,720
FaceSwap/446_667.mp4,FAKE,423,1920,1080
FaceSwap/447_431.mp4,FAKE,326,654,480
FaceSwap/448_361.mp4,FAKE,455,1280,720
FaceSwap/449_451.mp4,FAKE,306,1280,720
FaceSwap/450_533.mp4,FAKE,558,1920,1080
FaceSwap/451_449.mp4,FAKE,306,1280,720
FaceSwap/452_550.mp4,FAKE,444,640,480
FaceSwap/453_402.mp4,FAKE,423,1280,718
FaceSwap/454_527.mp4,FAKE,342,854,480
FaceSwap/455_471.mp4,FAKE,370,656,480
FaceSwap/456_435.mp4,FAKE,476,1280,720
FaceSwap/457_398.mp4,FAKE,528,640,480
FaceSwap/458_722.mp4,FAKE,351,854,480
FaceSwap/459_430.mp4,FAKE,357,1920,1080
FaceSwap/460_678.mp4,FAKE,400,1280,720
FaceSwap/461_250.mp4,FAKE,564,1280,720
FaceSwap/462_467.mp4,FAKE,423,640,480
FaceSwap/463_464.mp4,FAKE,315,636,480
FaceSwap/464_463.mp4,FAKE,315,640,480
FaceSwap/465_482.mp4,FAKE,329,1280,720
FaceSwap/466_428.mp4,FAKE,334,1280,720
FaceSwap/467_462.mp4,FAKE,423,640,480
FaceSwap/468_470.mp4,FAKE,597,600,480
FaceSwap/469_481.mp4,FAKE,414,854,480
FaceSwap/470_468.mp4,FAKE,597,642,480
FaceSwap/471_455.mp4,FAKE,370,640,480
FaceSwap/472_511.mp4,FAKE,479,640,480
FaceSwap/473_366.mp4,FAKE,404,640,480
FaceSwap/474_281.mp4,FAKE,296,640,480
FaceSwap/475_265.mp4,FAKE,337,1280,720
FaceSwap/476_400.mp4,FAKE,310,640,480
FaceSwap/477_487.mp4,FAKE,319,1264,720
FaceSwap/478_506.mp4,FAKE,668,640,480
FaceSwap/479_706.mp4,FAKE,328,1920,1080
FaceSwap/480_389.mp4,FAKE,314,1280,720
FaceSwap/481_469.mp4,FAKE,414,1280,720
FaceSwap/482_465.mp4,FAKE,329,640,480
FaceSwap/483_370.mp4,FAKE,375,1280,720
FaceSwap/484_415.mp4,FAKE,319,654,480
FaceSwap/485_425.mp4,FAKE,336,854,480
FaceSwap/486_680.mp4,FAKE,300,640,480
FaceSwap/487_477.mp4,FAKE,319,1280,720
FaceSwap/488_399.mp4,FAKE,518,854,480
FaceSwap/489_022.mp4,FAKE,325,1280,720
FaceSwap/490_534.mp4,FAKE,384,1920,1080
FaceSwap/491_226.mp4,FAKE,328,1920,1080
FaceSwap/492_325.mp4,FAKE,347,1280,720
FaceSwap/493_538.mp4,FAKE,395,640,480
FaceSwap/494_445.mp4,FAKE,802,1280,720
FaceSwap/495_512.mp4,FAKE,573,640,480
FaceSwap/496_417.mp4,FAKE,861,640,480
FaceSwap/497_403.mp4,FAKE,621,854,480
FaceSwap/498_433.mp4,FAKE,317,854,480
FaceSwap/499_539.mp4,FAKE,313,1280,720
FaceSwap/500_592.mp4,FAKE,292,1920,1080
FaceSwap/501_326.mp4,FAKE,522,600,480
FaceSwap/502_504.mp4,FAKE,317,1280,720
FaceSwap/503_756.mp4,FAKE,570,640,480
FaceSwap/504_502.mp4,FAKE,317,1280,720
FaceSwap/505_600.mp4,FAKE,388,654,480
FaceSwap/506_478.mp4,FAKE,668,854,480
FaceSwap/507_418.mp4,FAKE,319,1920,1080
FaceSwap/508_831.mp4,FAKE,327,1920,1080
FaceSwap/509_525.mp4,FAKE,517,640,480
FaceSwap/510_528.mp4,FAKE,340,854,480
FaceSwap/511_472.mp4,FAKE,479,640,480
FaceSwap/512_495.mp4,FAKE,573,640,480
FaceSwap/513_305.mp4,FAKE,494,1280,720
FaceSwap/514_443.mp4,FAKE,361,640,480
FaceSwap/515_519.mp4,FAKE,751,640,480
FaceSwap/516_555.mp4,FAKE,354,1920,1080
FaceSwap/517_521.mp4,FAKE,304,654,480
FaceSwap/518_131.mp4,FAKE,295,854,480
FaceSwap/519_515.mp4,FAKE,751,640,480
FaceSwap/520_542.mp4,FAKE,320,1280,720
FaceSwap/521_517.mp4,FAKE,304,640,480
FaceSwap/522_337.mp4,FAKE,331,602,480
FaceSwap/523_541.mp4,FAKE,375,854,480
FaceSwap/524_580.mp4,FAKE,292,854,480
FaceSwap/525_509.mp4,FAKE,517,854,480
FaceSwap/526_436.mp4,FAKE,518,1280,720
FaceSwap/527_454.mp4,FAKE,342,1280,720
FaceSwap/528_510.mp4,FAKE,340,720,480
FaceSwap/529_633.mp4,FAKE,335,1920,1080
FaceSwap/530_594.mp4,FAKE,294,1280,720
FaceSwap/531_549.mp4,FAKE,319,640,480
FaceSwap/532_544.mp4,FAKE,355,1280,720
FaceSwap/533_450.mp4,FAKE,558,1920,1080
FaceSwap/534_490.mp4,FAKE,384,1280,720
FaceSwap/535_587.mp4,FAKE,626,640,480
FaceSwap/536_540.mp4,FAKE,603,1280,720
FaceSwap/537_563.mp4,FAKE,385,1280,720
FaceSwap/538_493.mp4,FAKE,395,854,480
FaceSwap/539_499.mp4,FAKE,313,640,480
FaceSwap/540_536.mp4,FAKE,603,1280,720
FaceSwap/541_523.mp4,FAKE,375,642,480
FaceSwap/542_520.mp4,FAKE,320,1280,720
FaceSwap/543_559.mp4,FAKE,334,656,480
FaceSwap/544_532.mp4,FAKE,355,1280,720
FaceSwap/545_553.mp4,FAKE,364,640,480
FaceSwap/546_621.mp4,FAKE,370,854,480
FaceSwap/547_574.mp4,FAKE,496,1920,1080
FaceSwap/548_632.mp4,FAKE,427,1280,720
FaceSwap/549_531.mp4,FAKE,319,1280,720
FaceSwap/550_452.mp4,FAKE,444,640,480
FaceSwap/551_631.mp4,FAKE,424,1280,720
FaceSwap/552_851.mp4,FAKE,303,1280,720
FaceSwap/553_545.mp4,FAKE,364,640,480
FaceSwap/554_572.mp4,FAKE,347,1280,720
FaceSwap/555_516.mp4,FAKE,354,1920,1080
FaceSwap/556_588.mp4,FAKE,372,640,480
FaceSwap/557_560.mp4,FAKE,349,854,480
FaceSwap/558_583.mp4,FAKE,475,1280,720
FaceSwap/559_543.mp4,FAKE,334,1280,720
FaceSwap/560_557.mp4,FAKE,349,640,480
FaceSwap/561_998.mp4,FAKE,344,1920,1080
FaceSwap/562_626.mp4,FAKE,467,1280,720
FaceSwap/563_537.mp4,FAKE,385,640,480
FaceSwap/564_971.mp4,FAKE,354,1920,1080
FaceSwap/565_589.mp4,FAKE,430,656,480
FaceSwap/566_617.mp4,FAKE,312,854,480
FaceSwap/567_606.mp4,FAKE,340,854,480
FaceSwap/568_628.mp4,FAKE,570,640,480
FaceSwap/569_921.mp4,FAKE,296,1920,1080
FaceSwap/570_624.mp4,FAKE,350,1280,720
FaceSwap/571_746.mp4,FAKE,493,1280,720
FaceSwap/572_554.mp4,FAKE,347,1280,720
FaceSwap/573_757.mp4,FAKE,441,1280,720
FaceSwap/574_547.mp4,FAKE,496,656,480
FaceSwap/575_603.mp4,FAKE,296,1280,720
FaceSwap/576_155.mp4,FAKE,461,1280,720
FaceSwap/577_593.mp4,FAKE,344,1920,1080
FaceSwap/578_636.mp4,FAKE,335,1280,720
FaceSwap/579_701.mp4,FAKE,393,1920,1080
FaceSwap/580_524.mp4,FAKE,292,1280,720
FaceSwap/581_697.mp4,FAKE,382,1920,1080
FaceSwap/582_172.mp4,FAKE,431,654,480
FaceSwap/583_558.mp4,FAKE,475,1280,720
FaceSwap/584_823.mp4,FAKE,475,1280,720
FaceSwap/585_599.mp4,FAKE,359,1280,720
FaceSwap/586_223.mp4,FAKE,336,1920,1080
FaceSwap/587_535.mp4,FAKE,626,640,480
FaceSwap/588_556.mp4,FAKE,372,854,480
FaceSwap/589_565.mp4,FAKE,430,640,480
FaceSwap/590_034.mp4,FAKE,407,1920,1080
FaceSwap/591_605.mp4,FAKE,541,1280,720
FaceSwap/592_500.mp4,FAKE,292,854,480
FaceSwap/593_577.mp4,FAKE,344,1920,1080
FaceSwap/594_530.mp4,FAKE,294,1280,720
FaceSwap/595_597.mp4,FAKE,297,1280,720
FaceSwap/596_609.mp4,FAKE,489,600,480
FaceSwap/597_595.mp4,FAKE,297,640,480
FaceSwap/598_178.mp4,FAKE,521,640,480
FaceSwap/599_585.mp4,FAKE,359,1280,720
FaceSwap/600_505.mp4,FAKE,388,640,480
FaceSwap/601_653.mp4,FAKE,364,654,480
FaceSwap/602_397.mp4,FAKE,355,1920,1080
FaceSwap/603_575.mp4,FAKE,296,1280,720
FaceSwap/604_703.mp4,FAKE,375,1280,720
FaceSwap/605_591.mp4,FAKE,541,848,480
FaceSwap/606_567.mp4,FAKE,340,848,480
FaceSwap/607_683.mp4,FAKE,302,1920,1080
FaceSwap/608_675.mp4,FAKE,421,600,480
FaceSwap/609_596.mp4,FAKE,489,600,480
FaceSwap/610_692.mp4,FAKE,354,1280,720
FaceSwap/611_760.mp4,FAKE,306,640,480
FaceSwap/612_702.mp4,FAKE,420,1280,720
FaceSwap/613_685.mp4,FAKE,415,1280,720
FaceSwap/614_616.mp4,FAKE,507,1280,720
FaceSwap/615_687.mp4,FAKE,452,1280,720
FaceSwap/616_614.mp4,FAKE,507,640,480
FaceSwap/617_566.mp4,FAKE,312,854,480
FaceSwap/618_629.mp4,FAKE,382,1280,720
FaceSwap/619_620.mp4,FAKE,305,1280,720
FaceSwap/620_619.mp4,FAKE,305,1920,1080
FaceSwap/621_546.mp4,FAKE,370,1280,720
FaceSwap/622_647.mp4,FAKE,371,1280,720
FaceSwap/623_630.mp4,FAKE,352,640,480
FaceSwap/624_570.mp4,FAKE,350,854,480
FaceSwap/625_650.mp4,FAKE,332,640,480
FaceSwap/626_562.mp4,FAKE,467,854,480
FaceSwap/627_658.mp4,FAKE,374,600,480
FaceSwap/628_568.mp4,FAKE,570,640,480
FaceSwap/629_618.mp4,FAKE,382,1280,720
FaceSwap/630_623.mp4,FAKE,352,640,480
FaceSwap/631_551.mp4,FAKE,424,656,480
FaceSwap/632_548.mp4,FAKE,427,1920,1080
FaceSwap/633_529.mp4,FAKE,335,1280,720
FaceSwap/634_660.mp4,FAKE,338,1280,720
FaceSwap/635_642.mp4,FAKE,573,854,480
FaceSwap/636_578.mp4,FAKE,335,640,480
FaceSwap/637_427.mp4,FAKE,468,1280,720
FaceSwap/638_640.mp4,FAKE,306,1280,720
FaceSwap/639_841.mp4,FAKE,519,1280,720
FaceSwap/640_638.mp4,FAKE,306,1280,720
FaceSwap/641_662.mp4,FAKE,350,1280,720
FaceSwap/642_635.mp4,FAKE,573,656,480
FaceSwap/643_646.mp4,FAKE,364,1280,720
FaceSwap/644_657.mp4,FAKE,413,854,480
FaceSwap/645_688.mp4,FAKE,554,1920,1080
FaceSwap/646_643.mp4,FAKE,364,640,480
FaceSwap/647_622.mp4,FAKE,371,1920,1080
FaceSwap/648_654.mp4,FAKE,410,1280,720
FaceSwap/649_816.mp4,FAKE,411,1280,720
FaceSwap/650_625.mp4,FAKE,332,656,480
FaceSwap/651_835.mp4,FAKE,380,1280,720
FaceSwap/652_773.mp4,FAKE,456,1280,720
FaceSwap/653_601.mp4,FAKE,364,654,480
FaceSwap/654_648.mp4,FAKE,410,640,480
FaceSwap/655_444.mp4,FAKE,437,640,480
FaceSwap/656_666.mp4,FAKE,383,640,480
FaceSwap/657_644.mp4,FAKE,413,656,480
FaceSwap/658_627.mp4,FAKE,374,656,480
FaceSwap/659_749.mp4,FAKE,693,640,480
FaceSwap/660_634.mp4,FAKE,338,1280,720
FaceSwap/661_670.mp4,FAKE,481,1280,720
FaceSwap/662_641.mp4,FAKE,350,1280,720
FaceSwap/663_231.mp4,FAKE,316,640,480
FaceSwap/664_668.mp4,FAKE,293,1280,720
FaceSwap/665_679.mp4,FAKE,324,640,480
FaceSwap/666_656.mp4,FAKE,383,640,480
FaceSwap/667_446.mp4,FAKE,423,1920,1080
FaceSwap/668_664.mp4,FAKE,293,654,480
FaceSwap/669_682.mp4,FAKE,489,640,480
FaceSwap/670_661.mp4,FAKE,481,640,480
FaceSwap/671_677.mp4,FAKE,314,1280,720
FaceSwap/672_720.mp4,FAKE,541,1280,720
FaceSwap/673_728.mp4,FAKE,568,640,480
FaceSwap/674_744.mp4,FAKE,294,640,480
FaceSwap/675_608.mp4,FAKE,421,600,480
FaceSwap/676_776.mp4,FAKE,331,1280,720
FaceSwap/677_671.mp4,FAKE,314,1280,720
FaceSwap/678_460.mp4,FAKE,400,1920,1080
FaceSwap/679_665.mp4,FAKE,324,656,480
FaceSwap/680_486.mp4,FAKE,300,656,480
FaceSwap/681_711.mp4,FAKE,292,1280,720
FaceSwap/682_669.mp4,FAKE,489,600,480
FaceSwap/683_607.mp4,FAKE,302,1920,1080
FaceSwap/684_717.mp4,FAKE,374,1920,1080
FaceSwap/685_613.mp4,FAKE,415,1280,720
FaceSwap/686_696.mp4,FAKE,342,1280,720
FaceSwap/687_615.mp4,FAKE,452,1280,720
FaceSwap/688_645.mp4,FAKE,554,1280,720
FaceSwap/689_690.mp4,FAKE,331,640,480
FaceSwap/690_689.mp4,FAKE,331,854,480
FaceSwap/691_732.mp4,FAKE,426,1280,720
FaceSwap/692_610.mp4,FAKE,354,1280,720
FaceSwap/693_698.mp4,FAKE,304,656,480
FaceSwap/694_767.mp4,FAKE,299,854,480
FaceSwap/695_422.mp4,FAKE,310,1920,1080
FaceSwap/696_686.mp4,FAKE,342,656,480
FaceSwap/697_581.mp4,FAKE,382,1280,720
FaceSwap/698_693.mp4,FAKE,304,656,480
FaceSwap/699_734.mp4,FAKE,524,600,480
FaceSwap/700_813.mp4,FAKE,333,1280,720
FaceSwap/701_579.mp4,FAKE,393,1920,1080
FaceSwap/702_612.mp4,FAKE,420,1280,720
FaceSwap/703_604.mp4,FAKE,375,1280,720
FaceSwap/704_723.mp4,FAKE,450,600,480
FaceSwap/705_707.mp4,FAKE,473,854,480
FaceSwap/706_479.mp4,FAKE,328,1920,1080
FaceSwap/707_705.mp4,FAKE,473,854,480
FaceSwap/708_772.mp4,FAKE,341,1920,1080
FaceSwap/709_390.mp4,FAKE,300,1920,1080
FaceSwap/710_788.mp4,FAKE,378,854,480
FaceSwap/711_681.mp4,FAKE,292,1920,1080
FaceSwap/712_716.mp4,FAKE,550,1280,720
FaceSwap/713_726.mp4,FAKE,410,1920,1080
FaceSwap/714_842.mp4,FAKE,447,1280,720
FaceSwap/715_721.mp4,FAKE,581,640,480
FaceSwap/716_712.mp4,FAKE,550,600,480
FaceSwap/717_684.mp4,FAKE,374,1280,720
FaceSwap/718_972.mp4,FAKE,311,1920,1080
FaceSwap/719_737.mp4,FAKE,369,640,480
FaceSwap/720_672.mp4,FAKE,541,656,480
FaceSwap/721_715.mp4,FAKE,581,600,480
FaceSwap/722_458.mp4,FAKE,351,1920,1080
FaceSwap/723_704.mp4,FAKE,450,854,480
FaceSwap/724_725.mp4,FAKE,600,1920,1080
FaceSwap/725_724.mp4,FAKE,600,1280,720
FaceSwap/726_713.mp4,FAKE,410,1920,1080
FaceSwap/727_729.mp4,FAKE,554,640,480
FaceSwap/728_673.mp4,FAKE,568,640,480
FaceSwap/729_727.mp4,FAKE,554,656,480
FaceSwap/730_815.mp4,FAKE,452,1280,720
FaceSwap/731_741.mp4,FAKE,370,600,480
FaceSwap/732_691.mp4,FAKE,426,600,480
FaceSwap/733_935.mp4,FAKE,518,1280,720
FaceSwap/734_699.mp4,FAKE,524,656,480
FaceSwap/735_774.mp4,FAKE,313,640,480
FaceSwap/736_785.mp4,FAKE,413,640,480
FaceSwap/737_719.mp4,FAKE,369,640,480
FaceSwap/738_804.mp4,FAKE,359,1280,720
FaceSwap/739_865.mp4,FAKE,304,1280,720
FaceSwap/740_796.mp4,FAKE,348,1920,1080
FaceSwap/741_731.mp4,FAKE,370,640,480
FaceSwap/742_775.mp4,FAKE,559,640,480
FaceSwap/743_750.mp4,FAKE,311,1280,720
FaceSwap/744_674.mp4,FAKE,294,640,480
FaceSwap/745_777.mp4,FAKE,325,854,480
FaceSwap/746_571.mp4,FAKE,493,1280,720
FaceSwap/747_854.mp4,FAKE,294,1280,720
FaceSwap/748_355.mp4,FAKE,318,1280,720
FaceSwap/749_659.mp4,FAKE,693,854,480
FaceSwap/750_743.mp4,FAKE,311,1920,1080
FaceSwap/751_752.mp4,FAKE,331,640,480
FaceSwap/752_751.mp4,FAKE,331,1280,720
FaceSwap/753_789.mp4,FAKE,567,1920,1080
FaceSwap/754_758.mp4,FAKE,391,1280,720
FaceSwap/755_759.mp4,FAKE,336,854,480
FaceSwap/756_503.mp4,FAKE,570,854,480
FaceSwap/757_573.mp4,FAKE,441,1280,720
FaceSwap/758_754.mp4,FAKE,391,640,480
FaceSwap/759_755.mp4,FAKE,336,1920,1080
FaceSwap/760_611.mp4,FAKE,306,854,480
FaceSwap/761_766.mp4,FAKE,343,640,480
FaceSwap/762_832.mp4,FAKE,416,640,480
FaceSwap/763_930.mp4,FAKE,448,854,480
FaceSwap/764_850.mp4,FAKE,369,1440,1080
FaceSwap/765_867.mp4,FAKE,388,640,480
FaceSwap/766_761.mp4,FAKE,343,640,480
FaceSwap/767_694.mp4,FAKE,299,640,480
FaceSwap/768_793.mp4,FAKE,330,1280,720
FaceSwap/769_784.mp4,FAKE,484,1280,720
FaceSwap/770_791.mp4,FAKE,333,1280,720
FaceSwap/771_849.mp4,FAKE,322,656,480
FaceSwap/772_708.mp4,FAKE,341,1280,720
FaceSwap/773_652.mp4,FAKE,456,1280,720
FaceSwap/774_735.mp4,FAKE,313,640,480
FaceSwap/775_742.mp4,FAKE,559,640,480
FaceSwap/776_676.mp4,FAKE,331,1920,1080
FaceSwap/777_745.mp4,FAKE,325,640,480
FaceSwap/778_798.mp4,FAKE,328,1280,720
FaceSwap/779_794.mp4,FAKE,306,1280,720
FaceSwap/780_869.mp4,FAKE,333,1280,720
FaceSwap/781_806.mp4,FAKE,301,640,480
FaceSwap/782_787.mp4,FAKE,502,600,480
FaceSwap/783_916.mp4,FAKE,403,1280,720
FaceSwap/784_769.mp4,FAKE,484,640,480
FaceSwap/785_736.mp4,FAKE,413,640,480
FaceSwap/786_819.mp4,FAKE,520,1920,1080
FaceSwap/787_782.mp4,FAKE,502,656,480
FaceSwap/788_710.mp4,FAKE,378,656,480
FaceSwap/789_753.mp4,FAKE,567,1920,1080
FaceSwap/790_014.mp4,FAKE,676,1280,720
FaceSwap/791_770.mp4,FAKE,333,720,480
FaceSwap/792_903.mp4,FAKE,383,640,480
FaceSwap/793_768.mp4,FAKE,330,1280,720
FaceSwap/794_779.mp4,FAKE,306,1280,720
FaceSwap/795_907.mp4,FAKE,525,1280,720
FaceSwap/796_740.mp4,FAKE,348,1280,720
FaceSwap/797_844.mp4,FAKE,434,640,480
FaceSwap/798_778.mp4,FAKE,328,1920,1080
FaceSwap/799_809.mp4,FAKE,367,1280,720
FaceSwap/800_840.mp4,FAKE,338,1280,720
FaceSwap/801_855.mp4,FAKE,444,640,480
FaceSwap/802_885.mp4,FAKE,329,656,480
FaceSwap/803_017.mp4,FAKE,297,854,480
FaceSwap/804_738.mp4,FAKE,359,854,480
FaceSwap/805_011.mp4,FAKE,411,1280,720
FaceSwap/806_781.mp4,FAKE,301,640,480
FaceSwap/807_273.mp4,FAKE,322,1920,1080
FaceSwap/808_829.mp4,FAKE,637,1280,720
FaceSwap/809_799.mp4,FAKE,367,656,480
FaceSwap/810_838.mp4,FAKE,457,1280,720
FaceSwap/811_920.mp4,FAKE,371,1280,720
FaceSwap/812_821.mp4,FAKE,423,720,480
FaceSwap/813_700.mp4,FAKE,333,1280,720
FaceSwap/814_871.mp4,FAKE,348,1280,720
FaceSwap/815_730.mp4,FAKE,452,1280,720
FaceSwap/816_649.mp4,FAKE,411,640,480
FaceSwap/817_827.mp4,FAKE,311,1280,720
FaceSwap/818_820.mp4,FAKE,466,1280,720
FaceSwap/819_786.mp4,FAKE,520,1920,1080
FaceSwap/820_818.mp4,FAKE,466,1280,720
FaceSwap/821_812.mp4,FAKE,423,712,480
FaceSwap/822_244.mp4,FAKE,297,1920,1080
FaceSwap/823_584.mp4,FAKE,475,1280,720
FaceSwap/824_419.mp4,FAKE,487,1280,720
FaceSwap/825_074.mp4,FAKE,345,854,480
FaceSwap/826_833.mp4,FAKE,355,1280,720
FaceSwap/827_817.mp4,FAKE,311,640,480
FaceSwap/828_830.mp4,FAKE,319,640,480
FaceSwap/829_808.mp4,FAKE,637,1274,720
FaceSwap/830_828.mp4,FAKE,319,600,480
FaceSwap/831_508.mp4,FAKE,327,1920,1080
FaceSwap/832_762.mp4,FAKE,416,600,480
FaceSwap/833_826.mp4,FAKE,355,1920,1080
FaceSwap/834_852.mp4,FAKE,303,720,480
FaceSwap/835_651.mp4,FAKE,380,1920,1080
FaceSwap/836_950.mp4,FAKE,343,1280,720
FaceSwap/837_890.mp4,FAKE,341,1280,720
FaceSwap/838_810.mp4,FAKE,457,1280,720
FaceSwap/839_864.mp4,FAKE,326,640,480
FaceSwap/840_800.mp4,FAKE,338,654,480
FaceSwap/841_639.mp4,FAKE,519,854,480
FaceSwap/842_714.mp4,FAKE,447,656,480
FaceSwap/843_859.mp4,FAKE,318,854,480
FaceSwap/844_797.mp4,FAKE,434,640,480
FaceSwap/845_846.mp4,FAKE,353,854,480
FaceSwap/846_845.mp4,FAKE,353,656,480
FaceSwap/847_906.mp4,FAKE,301,1280,720
FaceSwap/848_894.mp4,FAKE,328,1920,1080
FaceSwap/849_771.mp4,FAKE,322,640,480
FaceSwap/850_764.mp4,FAKE,369,810,480
FaceSwap/851_552.mp4,FAKE,303,1280,720
FaceSwap/852_834.mp4,FAKE,303,640,480
FaceSwap/853_863.mp4,FAKE,513,1280,720
FaceSwap/854_747.mp4,FAKE,294,1280,720
FaceSwap/855_801.mp4,FAKE,444,640,480
FaceSwap/856_881.mp4,FAKE,638,1280,720
FaceSwap/857_909.mp4,FAKE,637,640,480
FaceSwap/858_861.mp4,FAKE,483,656,480
FaceSwap/859_843.mp4,FAKE,318,640,480
FaceSwap/860_905.mp4,FAKE,382,1920,1080
FaceSwap/861_858.mp4,FAKE,483,654,480
FaceSwap/862_047.mp4,FAKE,319,1280,720
FaceSwap/863_853.mp4,FAKE,513,1280,720
FaceSwap/864_839.mp4,FAKE,326,600,480
FaceSwap/865_739.mp4,FAKE,304,1920,1080
FaceSwap/866_878.mp4,FAKE,509,1920,1080
FaceSwap/867_765.mp4,FAKE,388,720,480
FaceSwap/868_949.mp4,FAKE,431,654,480
FaceSwap/869_780.mp4,FAKE,333,1920,1080
FaceSwap/870_001.mp4,FAKE,460,1280,720
FaceSwap/871_814.mp4,FAKE,348,854,480
FaceSwap/872_873.mp4,FAKE,474,640,480
FaceSwap/873_872.mp4,FAKE,474,1280,720
FaceSwap/874_291.mp4,FAKE,330,1920,1080
FaceSwap/875_979.mp4,FAKE,335,1280,720
FaceSwap/876_891.mp4,FAKE,296,1280,720
FaceSwap/877_886.mp4,FAKE,525,1280,720
FaceSwap/878_866.mp4,FAKE,509,1280,720
FaceSwap/879_963.mp4,FAKE,692,854,480
FaceSwap/880_135.mp4,FAKE,327,1920,1080
FaceSwap/881_856.mp4,FAKE,638,720,480
FaceSwap/882_952.mp4,FAKE,333,1920,1080
FaceSwap/883_013.mp4,FAKE,332,960,720
FaceSwap/884_968.mp4,FAKE,300,960,720
FaceSwap/885_802.mp4,FAKE,329,640,480
FaceSwap/886_877.mp4,FAKE,525,640,480
FaceSwap/887_275.mp4,FAKE,339,658,480
FaceSwap/888_937.mp4,FAKE,307,640,480
FaceSwap/889_045.mp4,FAKE,329,1920,1080
FaceSwap/890_837.mp4,FAKE,341,854,480
FaceSwap/891_876.mp4,FAKE,296,1280,720
FaceSwap/892_112.mp4,FAKE,311,1920,1080
FaceSwap/893_913.mp4,FAKE,537,854,480
FaceSwap/894_848.mp4,FAKE,328,1920,1080
FaceSwap/895_915.mp4,FAKE,294,854,480
FaceSwap/896_128.mp4,FAKE,531,640,480
FaceSwap/897_969.mp4,FAKE,333,656,480
FaceSwap/898_922.mp4,FAKE,349,640,480
FaceSwap/899_914.mp4,FAKE,307,640,480
FaceSwap/900_926.mp4,FAKE,333,640,480
FaceSwap/901_902.mp4,FAKE,295,1280,720
FaceSwap/902_901.mp4,FAKE,295,1280,720
FaceSwap/903_792.mp4,FAKE,383,598,480
FaceSwap/904_046.mp4,FAKE,359,1920,1080
FaceSwap/905_860.mp4,FAKE,382,960,720
FaceSwap/906_847.mp4,FAKE,301,1920,1080
FaceSwap/907_795.mp4,FAKE,525,1280,720
FaceSwap/908_207.mp4,FAKE,346,1920,1080
FaceSwap/909_857.mp4,FAKE,637,640,480
FaceSwap/910_911.mp4,FAKE,292,1280,720
FaceSwap/911_910.mp4,FAKE,292,1280,720
FaceSwap/912_927.mp4,FAKE,647,640,480
FaceSwap/913_893.mp4,FAKE,537,632,480
FaceSwap/914_899.mp4,FAKE,307,640,480
FaceSwap/915_895.mp4,FAKE,294,1280,720
FaceSwap/916_783.mp4,FAKE,403,1280,720
FaceSwap/917_924.mp4,FAKE,448,656,480
FaceSwap/918_934.mp4,FAKE,377,978,720
FaceSwap/919_015.mp4,FAKE,437,640,480
FaceSwap/920_811.mp4,FAKE,371,1920,1080
FaceSwap/921_569.mp4,FAKE,296,1920,1080
FaceSwap/922_898.mp4,FAKE,349,640,480
FaceSwap/923_023.mp4,FAKE,553,1280,720
FaceSwap/924_917.mp4,FAKE,448,600,480
FaceSwap/925_933.mp4,FAKE,356,1280,720
FaceSwap/926_900.mp4,FAKE,333,640,480
FaceSwap/927_912.mp4,FAKE,647,640,480
FaceSwap/928_160.mp4,FAKE,376,1280,720
FaceSwap/929_962.mp4,FAKE,460,656,480
FaceSwap/930_763.mp4,FAKE,448,640,480
FaceSwap/931_936.mp4,FAKE,297,640,480
FaceSwap/932_384.mp4,FAKE,462,1280,720
FaceSwap/933_925.mp4,FAKE,356,1280,720
FaceSwap/934_918.mp4,FAKE,377,1280,720
FaceSwap/935_733.mp4,FAKE,518,1920,1080
FaceSwap/936_931.mp4,FAKE,297,656,480
FaceSwap/937_888.mp4,FAKE,307,640,480
FaceSwap/938_987.mp4,FAKE,369,640,480
FaceSwap/939_115.mp4,FAKE,320,640,480
FaceSwap/940_941.mp4,FAKE,309,640,480
FaceSwap/941_940.mp4,FAKE,309,854,480
FaceSwap/942_943.mp4,FAKE,470,1280,720
FaceSwap/943_942.mp4,FAKE,470,1280,720
FaceSwap/944_032.mp4,FAKE,310,720,480
FaceSwap/945_044.mp4,FAKE,335,1280,720
FaceSwap/946_049.mp4,FAKE,360,1280,720
FaceSwap/947_951.mp4,FAKE,641,1280,720
FaceSwap/948_965.mp4,FAKE,348,1920,1080
FaceSwap/949_868.mp4,FAKE,431,640,480
FaceSwap/950_836.mp4,FAKE,343,1920,1080
FaceSwap/951_947.mp4,FAKE,641,1280,720
FaceSwap/952_882.mp4,FAKE,333,1280,720
FaceSwap/953_974.mp4,FAKE,318,1280,720
FaceSwap/954_976.mp4,FAKE,328,640,480
FaceSwap/955_078.mp4,FAKE,523,640,480
FaceSwap/956_958.mp4,FAKE,392,854,480
FaceSwap/957_959.mp4,FAKE,418,1920,1080
FaceSwap/958_956.mp4,FAKE,392,720,480
FaceSwap/959_957.mp4,FAKE,418,1920,1080
FaceSwap/960_999.mp4,FAKE,335,1280,720
FaceSwap/961_069.mp4,FAKE,323,1280,720
FaceSwap/962_929.mp4,FAKE,460,640,480
FaceSwap/963_879.mp4,FAKE,692,854,480
FaceSwap/964_174.mp4,FAKE,414,654,480
FaceSwap/965_948.mp4,FAKE,348,1920,1080
FaceSwap/966_988.mp4,FAKE,364,640,480
FaceSwap/967_984.mp4,FAKE,339,1280,720
FaceSwap/968_884.mp4,FAKE,300,1280,720
FaceSwap/969_897.mp4,FAKE,333,656,480
FaceSwap/970_973.mp4,FAKE,476,656,480
FaceSwap/971_564.mp4,FAKE,354,1920,1080
FaceSwap/972_718.mp4,FAKE,311,1920,1080
FaceSwap/973_970.mp4,FAKE,476,600,480
FaceSwap/974_953.mp4,FAKE,318,600,480
FaceSwap/975_978.mp4,FAKE,304,1280,720
FaceSwap/976_954.mp4,FAKE,328,854,480
FaceSwap/977_075.mp4,FAKE,613,854,480
FaceSwap/978_975.mp4,FAKE,304,1280,720
FaceSwap/979_875.mp4,FAKE,335,1280,720
FaceSwap/980_992.mp4,FAKE,383,656,480
FaceSwap/981_985.mp4,FAKE,343,600,480
FaceSwap/982_004.mp4,FAKE,309,854,480
FaceSwap/983_113.mp4,FAKE,406,854,480
FaceSwap/984_967.mp4,FAKE,339,1280,720
FaceSwap/985_981.mp4,FAKE,343,640,480
FaceSwap/986_994.mp4,FAKE,316,1280,720
FaceSwap/987_938.mp4,FAKE,369,600,480
FaceSwap/988_966.mp4,FAKE,364,600,480
FaceSwap/989_993.mp4,FAKE,409,656,480
FaceSwap/990_008.mp4,FAKE,305,854,480
FaceSwap/991_064.mp4,FAKE,402,640,480
FaceSwap/992_980.mp4,FAKE,383,600,480
FaceSwap/993_989.mp4,FAKE,409,640,480
FaceSwap/994_986.mp4,FAKE,316,640,480
FaceSwap/995_233.mp4,FAKE,548,640,480
FaceSwap/996_056.mp4,FAKE,312,720,480
FaceSwap/997_040.mp4,FAKE,438,600,480
FaceSwap/998_561.mp4,FAKE,344,1280,720
FaceSwap/999_960.mp4,FAKE,335,640,480
Face2Face/000_003.mp4,FAKE,303,640,480
Face2Face/001_870.mp4,FAKE,604,1280,720
Face2Face/002_006.mp4,FAKE,310,1280,720
Face2Face/003_000.mp4,FAKE,396,640,480
Face2Face/004_982.mp4,FAKE,845,1280,720
Face2Face/005_010.mp4,FAKE,474,704,480
Face2Face/006_002.mp4,FAKE,693,1280,720
Face2Face/007_132.mp4,FAKE,413,576,480
Face2Face/008_990.mp4,FAKE,305,640,480
Face2Face/009_027.mp4,FAKE,315,640,480
Face2Face/010_005.mp4,FAKE,385,640,480
Face2Face/011_805.mp4,FAKE,411,1280,720
Face2Face/012_026.mp4,FAKE,322,640,480
Face2Face/013_883.mp4,FAKE,433,640,480
Face2Face/014_790.mp4,FAKE,690,640,480
Face2Face/015_919.mp4,FAKE,534,640,480
Face2Face/016_209.mp4,FAKE,337,640,480
Face2Face/017_803.mp4,FAKE,297,1280,720
Face2Face/018_019.mp4,FAKE,1385,640,480
Face2Face/019_018.mp4,FAKE,432,640,480
Face2Face/020_344.mp4,FAKE,631,1280,720
Face2Face/021_312.mp4,FAKE,428,640,480
Face2Face/022_489.mp4,FAKE,566,1280,720
Face2Face/023_923.mp4,FAKE,602,640,480
Face2Face/024_073.mp4,FAKE,703,640,480
Face2Face/025_067.mp4,FAKE,538,1440,1080
Face2Face/026_012.mp4,FAKE,363,640,480
Face2Face/027_009.mp4,FAKE,588,640,480
Face2Face/028_068.mp4,FAKE,401,832,480
Face2Face/029_048.mp4,FAKE,485,576,480
Face2Face/030_193.mp4,FAKE,372,1920,1080
Face2Face/031_163.mp4,FAKE,304,1280,720
Face2Face/032_944.mp4,FAKE,342,1280,720
Face2Face/033_097.mp4,FAKE,478,832,480
Face2Face/034_590.mp4,FAKE,600,960,720
Face2Face/035_036.mp4,FAKE,337,640,480
Face2Face/036_035.mp4,FAKE,423,640,480
Face2Face/037_072.mp4,FAKE,311,640,480
Face2Face/038_125.mp4,FAKE,500,832,480
Face2Face/039_058.mp4,FAKE,669,640,480
Face2Face/040_997.mp4,FAKE,438,1280,720
Face2Face/041_063.mp4,FAKE,930,640,480
Face2Face/042_084.mp4,FAKE,375,640,480
Face2Face/043_110.mp4,FAKE,565,1280,720
Face2Face/044_945.mp4,FAKE,761,1280,720
Face2Face/045_889.mp4,FAKE,329,1920,1080
Face2Face/046_904.mp4,FAKE,359,1280,720
Face2Face/047_862.mp4,FAKE,470,832,480
Face2Face/048_029.mp4,FAKE,416,640,480
Face2Face/049_946.mp4,FAKE,462,640,480
Face2Face/050_059.mp4,FAKE,721,640,480
Face2Face/051_332.mp4,FAKE,695,1280,720
Face2Face/052_108.mp4,FAKE,300,1920,1080
Face2Face/053_095.mp4,FAKE,1006,640,480
Face2Face/054_071.mp4,FAKE,453,640,480
Face2Face/055_147.mp4,FAKE,667,640,480
Face2Face/056_996.mp4,FAKE,312,1280,720
Face2Face/057_070.mp4,FAKE,367,640,480
Face2Face/058_039.mp4,FAKE,609,704,480
Face2Face/059_050.mp4,FAKE,530,640,480
Face2Face/060_088.mp4,FAKE,665,576,480
Face2Face/061_080.mp4,FAKE,483,640,480
Face2Face/062_066.mp4,FAKE,435,640,480
Face2Face/063_041.mp4,FAKE,349,640,480
Face2Face/064_991.mp4,FAKE,402,640,480
Face2Face/065_089.mp4,FAKE,751,1280,720
Face2Face/066_062.mp4,FAKE,423,704,480
Face2Face/067_025.mp4,FAKE,747,1280,720
Face2Face/068_028.mp4,FAKE,434,640,480
Face2Face/069_961.mp4,FAKE,323,1280,720
Face2Face/070_057.mp4,FAKE,431,640,480
Face2Face/071_054.mp4,FAKE,368,640,480
Face2Face/072_037.mp4,FAKE,454,640,480
Face2Face/073_024.mp4,FAKE,306,1280,720
Face2Face/074_825.mp4,FAKE,547,1920,1080
Face2Face/075_977.mp4,FAKE,651,1280,720
Face2Face/076_079.mp4,FAKE,424,1280,720
Face2Face/077_100.mp4,FAKE,423,640,480
Face2Face/078_955.mp4,FAKE,531,1280,720
Face2Face/079_076.mp4,FAKE,329,1280,720
Face2Face/080_061.mp4,FAKE,337,640,480
Face2Face/081_087.mp4,FAKE,309,576,480
Face2Face/082_103.mp4,FAKE,595,640,480
Face2Face/083_213.mp4,FAKE,378,1920,1080
Face2Face/084_042.mp4,FAKE,338,1920,1080
Face2Face/085_124.mp4,FAKE,318,640,480
Face2Face/086_090.mp4,FAKE,687,1280,720
Face2Face/087_081.mp4,FAKE,1170,640,480
Face2Face/088_060.mp4,FAKE,844,640,480
Face2Face/089_065.mp4,FAKE,442,1280,720
Face2Face/090_086.mp4,FAKE,935,1280,720
Face2Face/091_116.mp4,FAKE,327,640,480
Face2Face/092_098.mp4,FAKE,299,704,480
Face2Face/093_121.mp4,FAKE,553,1280,720
Face2Face/094_111.mp4,FAKE,433,1280,720
Face2Face/095_053.mp4,FAKE,417,640,480
Face2Face/096_101.mp4,FAKE,1148,1920,1080
Face2Face/097_033.mp4,FAKE,809,640,480
Face2Face/098_092.mp4,FAKE,460,640,480
Face2Face/099_295.mp4,FAKE,411,1920,1080
Face2Face/100_077.mp4,FAKE,611,640,480
Face2Face/101_096.mp4,FAKE,504,832,480
Face2Face/102_114.mp4,FAKE,1269,704,480
Face2Face/103_082.mp4,FAKE,316,640,480
Face2Face/104_126.mp4,FAKE,328,640,480
Face2Face/105_180.mp4,FAKE,569,640,480
Face2Face/106_198.mp4,FAKE,392,832,480
Face2Face/107_109.mp4,FAKE,298,640,480
Face2Face/108_052.mp4,FAKE,323,1440,1080
Face2Face/109_107.mp4,FAKE,556,640,480
Face2Face/110_043.mp4,FAKE,495,960,720
Face2Face/111_094.mp4,FAKE,559,640,480
Face2Face/112_892.mp4,FAKE,311,1920,1080
Face2Face/113_983.mp4,FAKE,406,1280,720
Face2Face/114_102.mp4,FAKE,389,640,480
Face2Face/115_939.mp4,FAKE,511,1280,720
Face2Face/116_091.mp4,FAKE,639,640,480
Face2Face/117_217.mp4,FAKE,702,1280,720
Face2Face/118_120.mp4,FAKE,405,832,480
Face2Face/119_123.mp4,FAKE,514,640,480
Face2Face/120_118.mp4,FAKE,352,640,480
Face2Face/121_093.mp4,FAKE,308,1920,1080
Face2Face/122_144.mp4,FAKE,344,1248,720
Face2Face/123_119.mp4,FAKE,502,640,480
Face2Face/124_085.mp4,FAKE,329,576,480
Face2Face/125_038.mp4,FAKE,305,1280,720
Face2Face/126_104.mp4,FAKE,462,640,480
Face2Face/127_129.mp4,FAKE,330,1280,720
Face2Face/128_896.mp4,FAKE,531,640,480
Face2Face/129_127.mp4,FAKE,864,1280,720
Face2Face/130_139.mp4,FAKE,378,640,480
Face2Face/131_518.mp4,FAKE,295,576,480
Face2Face/132_007.mp4,FAKE,505,640,480
Face2Face/133_148.mp4,FAKE,475,704,480
Face2Face/134_192.mp4,FAKE,287,1280,720
Face2Face/135_880.mp4,FAKE,435,1280,720
Face2Face/136_285.mp4,FAKE,383,1280,720
Face2Face/137_165.mp4,FAKE,387,704,480
Face2Face/138_142.mp4,FAKE,962,576,480
Face2Face/139_130.mp4,FAKE,662,576,480
Face2Face/140_143.mp4,FAKE,414,640,480
Face2Face/141_161.mp4,FAKE,369,832,480
Face2Face/142_138.mp4,FAKE,410,576,480
Face2Face/143_140.mp4,FAKE,485,640,480
Face2Face/144_122.mp4,FAKE,309,1280,720
Face2Face/145_299.mp4,FAKE,314,576,480
Face2Face/146_256.mp4,FAKE,546,1280,720
Face2Face/147_055.mp4,FAKE,394,576,480
Face2Face/148_133.mp4,FAKE,767,640,480
Face2Face/149_152.mp4,FAKE,313,832,480
Face2Face/150_153.mp4,FAKE,732,832,480
Face2Face/151_225.mp4,FAKE,304,1280,720
Face2Face/152_149.mp4,FAKE,363,640,480
Face2Face/153_150.mp4,FAKE,456,640,480
Face2Face/154_386.mp4,FAKE,449,1280,720
Face2Face/155_576.mp4,FAKE,461,832,480
Face2Face/156_243.mp4,FAKE,387,640,480
Face2Face/157_245.mp4,FAKE,334,640,480
Face2Face/158_379.mp4,FAKE,341,640,480
Face2Face/159_175.mp4,FAKE,504,576,480
Face2Face/160_928.mp4,FAKE,376,1280,720
Face2Face/161_141.mp4,FAKE,508,640,480
Face2Face/162_330.mp4,FAKE,407,1280,720
Face2Face/163_031.mp4,FAKE,482,1280,720
Face2Face/164_216.mp4,FAKE,476,832,480
Face2Face/165_137.mp4,FAKE,606,640,480
Face2Face/166_167.mp4,FAKE,341,640,480
Face2Face/167_166.mp4,FAKE,756,832,480
Face2Face/168_222.mp4,FAKE,407,640,480
Face2Face/169_227.mp4,FAKE,441,640,480
Face2Face/170_186.mp4,FAKE,334,1920,1080
Face2Face/171_173.mp4,FAKE,721,1280,720
Face2Face/172_582.mp4,FAKE,431,640,480
Face2Face/173_171.mp4,FAKE,541,1280,720
Face2Face/174_964.mp4,FAKE,451,1280,720
Face2Face/175_159.mp4,FAKE,325,640,480
Face2Face/176_190.mp4,FAKE,331,1920,1080
Face2Face/177_211.mp4,FAKE,527,832,480
Face2Face/178_598.mp4,FAKE,686,640,480
Face2Face/179_212.mp4,FAKE,415,640,480
Face2Face/180_105.mp4,FAKE,300,640,480
Face2Face/181_199.mp4,FAKE,368,640,480
Face2Face/182_242.mp4,FAKE,331,1280,720
Face2Face/183_253.mp4,FAKE,501,1280,720
Face2Face/184_205.mp4,FAKE,307,1280,720
Face2Face/185_276.mp4,FAKE,331,832,480
Face2Face/186_170.mp4,FAKE,504,1920,1080
Face2Face/187_234.mp4,FAKE,528,1280,720
Face2Face/188_191.mp4,FAKE,372,1280,720
Face2Face/189_200.mp4,FAKE,719,640,480
Face2Face/190_176.mp4,FAKE,376,1920,1080
Face2Face/191_188.mp4,FAKE,310,1920,1080
Face2Face/192_134.mp4,FAKE,346,1280,720
Face2Face/193_030.mp4,FAKE,297,1920,1080
Face2Face/194_235.mp4,FAKE,312,640,480
Face2Face/195_442.mp4,FAKE,355,1280,720
Face2Face/196_310.mp4,FAKE,375,640,480
Face2Face/197_224.mp4,FAKE,488,640,480
Face2Face/198_106.mp4,FAKE,356,704,480
Face2Face/199_181.mp4,FAKE,478,1280,720
Face2Face/200_189.mp4,FAKE,512,832,480
Face2Face/201_203.mp4,FAKE,446,640,480
Face2Face/202_348.mp4,FAKE,414,832,480
Face2Face/203_201.mp4,FAKE,863,640,480
Face2Face/204_230.mp4,FAKE,372,960,720
Face2Face/205_184.mp4,FAKE,1254,832,480
Face2Face/206_221.mp4,FAKE,718,640,480
Face2Face/207_908.mp4,FAKE,667,1920,1080
Face2Face/208_215.mp4,FAKE,588,640,480
Face2Face/209_016.mp4,FAKE,678,832,480
Face2Face/210_241.mp4,FAKE,292,640,480
Face2Face/211_177.mp4,FAKE,410,1280,720
Face2Face/212_179.mp4,FAKE,1260,832,480
Face2Face/213_083.mp4,FAKE,545,1280,720
Face2Face/214_255.mp4,FAKE,470,832,480
Face2Face/215_208.mp4,FAKE,465,704,480
Face2Face/216_164.mp4,FAKE,1021,640,480
Face2Face/217_117.mp4,FAKE,548,1920,1080
Face2Face/218_239.mp4,FAKE,588,640,480
Face2Face/219_220.mp4,FAKE,357,1280,720
Face2Face/220_219.mp4,FAKE,350,704,480
Face2Face/221_206.mp4,FAKE,714,1280,720
Face2Face/222_168.mp4,FAKE,1228,640,480
Face2Face/223_586.mp4,FAKE,379,1920,1080
Face2Face/224_197.mp4,FAKE,880,640,480
Face2Face/225_151.mp4,FAKE,347,1280,720
Face2Face/226_491.mp4,FAKE,427,1280,720
Face2Face/227_169.mp4,FAKE,649,1280,720
Face2Face/228_289.mp4,FAKE,597,832,480
Face2Face/229_247.mp4,FAKE,399,832,480
Face2Face/230_204.mp4,FAKE,515,1280,720
Face2Face/231_663.mp4,FAKE,316,704,480
Face2Face/232_248.mp4,FAKE,496,704,480
Face2Face/233_995.mp4,FAKE,548,1280,720
Face2Face/234_187.mp4,FAKE,986,1280,720
Face2Face/235_194.mp4,FAKE,567,832,480
Face2Face/236_237.mp4,FAKE,757,640,480
Face2Face/237_236.mp4,FAKE,651,1280,720
Face2Face/238_282.mp4,FAKE,594,640,480
Face2Face/239_218.mp4,FAKE,353,640,480
Face2Face/240_290.mp4,FAKE,422,704,480
Face2Face/241_210.mp4,FAKE,839,832,480
Face2Face/242_182.mp4,FAKE,620,640,480
Face2Face/243_156.mp4,FAKE,518,1280,720
Face2Face/244_822.mp4,FAKE,297,1920,1080
Face2Face/245_157.mp4,FAKE,486,640,480
Face2Face/246_258.mp4,FAKE,498,1280,720
Face2Face/247_229.mp4,FAKE,392,640,480
Face2Face/248_232.mp4,FAKE,574,1280,720
Face2Face/249_280.mp4,FAKE,606,832,480
Face2Face/250_461.mp4,FAKE,612,1280,720
Face2Face/251_375.mp4,FAKE,353,1920,1080
Face2Face/252_266.mp4,FAKE,465,800,480
Face2Face/253_183.mp4,FAKE,390,1280,720
Face2Face/254_261.mp4,FAKE,677,1280,720
Face2Face/255_214.mp4,FAKE,462,1280,720
Face2Face/256_146.mp4,FAKE,1003,1280,720
Face2Face/257_420.mp4,FAKE,1126,640,480
Face2Face/258_246.mp4,FAKE,496,1280,720
Face2Face/259_345.mp4,FAKE,423,640,480
Face2Face/260_331.mp4,FAKE,469,640,480
Face2Face/261_254.mp4,FAKE,427,576,480
Face2Face/262_301.mp4,FAKE,763,576,480
Face2Face/263_284.mp4,FAKE,483,1280,720
Face2Face/264_271.mp4,FAKE,490,832,480
Face2Face/265_475.mp4,FAKE,337,1920,1080
Face2Face/266_252.mp4,FAKE,572,704,480
Face2Face/267_286.mp4,FAKE,668,1280,720
Face2Face/268_269.mp4,FAKE,387,640,480
Face2Face/269_268.mp4,FAKE,1465,640,480
Face2Face/270_297.mp4,FAKE,390,640,480
Face2Face/271_264.mp4,FAKE,455,640,480
Face2Face/272_396.mp4,FAKE,525,1280,720
Face2Face/273_807.mp4,FAKE,650,1280,720
Face2Face/274_412.mp4,FAKE,572,1280,720
Face2Face/275_887.mp4,FAKE,339,640,480
Face2Face/276_185.mp4,FAKE,875,640,480
Face2Face/277_335.mp4,FAKE,384,1280,720
Face2Face/278_306.mp4,FAKE,728,640,480
Face2Face/279_298.mp4,FAKE,569,640,480
Face2Face/280_249.mp4,FAKE,632,832,480
Face2Face/281_474.mp4,FAKE,296,1280,720
Face2Face/282_238.mp4,FAKE,622,832,480
Face2Face/283_313.mp4,FAKE,481,640,480
Face2Face/284_263.mp4,FAKE,300,1920,1080
Face2Face/285_136.mp4,FAKE,611,1280,720
Face2Face/286_267.mp4,FAKE,306,1280,720
Face2Face/287_426.mp4,FAKE,335,1280,720
Face2Face/288_321.mp4,FAKE,567,640,480
Face2Face/289_228.mp4,FAKE,556,704,480
Face2Face/290_240.mp4,FAKE,1274,640,480
Face2Face/291_874.mp4,FAKE,469,1920,1080
Face2Face/292_294.mp4,FAKE,604,1280,720
Face2Face/293_296.mp4,FAKE,336,640,480
Face2Face/294_292.mp4,FAKE,425,1280,720
Face2Face/295_099.mp4,FAKE,613,1920,1080
Face2Face/296_293.mp4,FAKE,758,640,480
Face2Face/297_270.mp4,FAKE,311,640,480
Face2Face/298_279.mp4,FAKE,906,640,480
Face2Face/299_145.mp4,FAKE,475,640,480
Face2Face/300_304.mp4,FAKE,610,576,480
Face2Face/301_262.mp4,FAKE,397,640,480
Face2Face/302_323.mp4,FAKE,456,832,480
Face2Face/303_309.mp4,FAKE,850,640,480
Face2Face/304_300.mp4,FAKE,598,640,480
Face2Face/305_513.mp4,FAKE,494,1280,720
Face2Face/306_278.mp4,FAKE,449,576,480
Face2Face/307_365.mp4,FAKE,369,640,480
Face2Face/308_388.mp4,FAKE,636,1280,720
Face2Face/309_303.mp4,FAKE,571,576,480
Face2Face/310_196.mp4,FAKE,426,1280,720
Face2Face/311_387.mp4,FAKE,528,960,720
Face2Face/312_021.mp4,FAKE,431,640,480
Face2Face/313_283.mp4,FAKE,966,640,480
Face2Face/314_347.mp4,FAKE,458,1280,720
Face2Face/315_322.mp4,FAKE,313,832,480
Face2Face/316_369.mp4,FAKE,320,640,480
Face2Face/317_359.mp4,FAKE,456,640,480
Face2Face/318_334.mp4,FAKE,1339,640,480
Face2Face/319_352.mp4,FAKE,421,832,480
Face2Face/320_328.mp4,FAKE,319,1280,720
Face2Face/321_288.mp4,FAKE,543,640,480
Face2Face/322_315.mp4,FAKE,304,1280,720
Face2Face/323_302.mp4,FAKE,875,640,480
Face2Face/324_356.mp4,FAKE,558,640,480
Face2Face/325_492.mp4,FAKE,347,1280,720
Face2Face/326_501.mp4,FAKE,522,640,480
Face2Face/327_329.mp4,FAKE,415,640,480
Face2Face/328_320.mp4,FAKE,504,1280,720
Face2Face/329_327.mp4,FAKE,495,640,480
Face2Face/330_162.mp4,FAKE,685,1280,720
Face2Face/331_260.mp4,FAKE,302,1280,720
Face2Face/332_051.mp4,FAKE,717,1280,720
Face2Face/333_377.mp4,FAKE,398,640,480
Face2Face/334_318.mp4,FAKE,475,576,480
Face2Face/335_277.mp4,FAKE,966,1280,720
Face2Face/336_338.mp4,FAKE,889,640,480
Face2Face/337_522.mp4,FAKE,713,640,480
Face2Face/338_336.mp4,FAKE,507,576,480
Face2Face/339_392.mp4,FAKE,1496,640,480
Face2Face/340_341.mp4,FAKE,827,1920,1080
Face2Face/341_340.mp4,FAKE,293,960,720
Face2Face/342_416.mp4,FAKE,313,1280,720
Face2Face/343_363.mp4,FAKE,473,640,480
Face2Face/344_020.mp4,FAKE,390,1280,720
Face2Face/345_259.mp4,FAKE,444,832,480
Face2Face/346_351.mp4,FAKE,684,448,480
Face2Face/347_314.mp4,FAKE,413,832,480
Face2Face/348_202.mp4,FAKE,323,832,480
Face2Face/349_350.mp4,FAKE,405,1280,720
Face2Face/350_349.mp4,FAKE,471,832,480
Face2Face/351_346.mp4,FAKE,615,640,480
Face2Face/352_319.mp4,FAKE,717,704,480
Face2Face/353_383.mp4,FAKE,465,1280,720
Face2Face/354_362.mp4,FAKE,455,1280,720
Face2Face/355_748.mp4,FAKE,318,1920,1080
Face2Face/356_324.mp4,FAKE,1249,1280,720
Face2Face/357_432.mp4,FAKE,360,832,480
Face2Face/358_380.mp4,FAKE,455,640,480
Face2Face/359_317.mp4,FAKE,682,640,480
Face2Face/360_437.mp4,FAKE,593,1280,720
Face2Face/361_448.mp4,FAKE,528,1280,720
Face2Face/362_354.mp4,FAKE,460,1280,720
Face2Face/363_343.mp4,FAKE,299,640,480
Face2Face/364_440.mp4,FAKE,419,832,480
Face2Face/365_307.mp4,FAKE,378,640,480
Face2Face/366_473.mp4,FAKE,574,640,480
Face2Face/367_371.mp4,FAKE,718,640,480
Face2Face/368_378.mp4,FAKE,761,640,480
Face2Face/369_316.mp4,FAKE,566,832,480
Face2Face/370_483.mp4,FAKE,375,1920,1080
Face2Face/371_367.mp4,FAKE,649,576,480
Face2Face/372_413.mp4,FAKE,379,832,480
Face2Face/373_394.mp4,FAKE,420,1280,720
Face2Face/374_407.mp4,FAKE,504,1280,720
Face2Face/375_251.mp4,FAKE,346,1280,720
Face2Face/376_381.mp4,FAKE,578,1280,720
Face2Face/377_333.mp4,FAKE,429,640,480
Face2Face/378_368.mp4,FAKE,761,1280,720
Face2Face/379_158.mp4,FAKE,444,640,480
Face2Face/380_358.mp4,FAKE,534,640,480
Face2Face/381_376.mp4,FAKE,515,640,480
Face2Face/382_409.mp4,FAKE,361,640,480
Face2Face/383_353.mp4,FAKE,358,1920,1080
Face2Face/384_932.mp4,FAKE,484,1920,1080
Face2Face/385_414.mp4,FAKE,587,1280,720
Face2Face/386_154.mp4,FAKE,594,1920,1080
Face2Face/387_311.mp4,FAKE,368,1280,720
Face2Face/388_308.mp4,FAKE,502,640,480
Face2Face/389_480.mp4,FAKE,485,1920,1080
Face2Face/390_709.mp4,FAKE,300,1280,720
Face2Face/391_406.mp4,FAKE,512,640,480
Face2Face/392_339.mp4,FAKE,457,1280,720
Face2Face/393_405.mp4,FAKE,531,640,480
Face2Face/394_373.mp4,FAKE,602,1280,720
Face2Face/395_401.mp4,FAKE,492,1280,720
Face2Face/396_272.mp4,FAKE,323,1280,720
Face2Face/397_602.mp4,FAKE,667,1920,1080
Face2Face/398_457.mp4,FAKE,528,640,480
Face2Face/399_488.mp4,FAKE,518,1280,720
Face2Face/400_476.mp4,FAKE,310,1280,720
Face2Face/401_395.mp4,FAKE,448,1280,720
Face2Face/402_453.mp4,FAKE,645,1920,1080
Face2Face/403_497.mp4,FAKE,621,256,480
Face2Face/404_429.mp4,FAKE,457,1280,720
Face2Face/405_393.mp4,FAKE,579,640,480
Face2Face/406_391.mp4,FAKE,547,576,480
Face2Face/407_374.mp4,FAKE,586,576,480
Face2Face/408_424.mp4,FAKE,311,704,480
Face2Face/409_382.mp4,FAKE,313,640,480
Face2Face/410_411.mp4,FAKE,529,1920,1080
Face2Face/411_410.mp4,FAKE,459,1920,1080
Face2Face/412_274.mp4,FAKE,474,1280,720
Face2Face/413_372.mp4,FAKE,486,640,480
Face2Face/414_385.mp4,FAKE,349,1920,1080
Face2Face/415_484.mp4,FAKE,319,704,480
Face2Face/416_342.mp4,FAKE,302,1280,720
Face2Face/417_496.mp4,FAKE,1496,832,480
Face2Face/418_507.mp4,FAKE,469,1280,720
Face2Face/419_824.mp4,FAKE,577,1280,720
Face2Face/420_257.mp4,FAKE,763,576,480
Face2Face/421_423.mp4,FAKE,1814,640,480
Face2Face/422_695.mp4,FAKE,310,1920,1080
Face2Face/423_421.mp4,FAKE,1038,576,480
Face2Face/424_408.mp4,FAKE,306,640,480
Face2Face/425_485.mp4,FAKE,803,832,480
Face2Face/426_287.mp4,FAKE,475,1920,1080
Face2Face/427_637.mp4,FAKE,510,1280,720
Face2Face/428_466.mp4,FAKE,334,1280,720
Face2Face/429_404.mp4,FAKE,798,640,480
Face2Face/430_459.mp4,FAKE,526,1920,1080
Face2Face/431_447.mp4,FAKE,326,1280,720
Face2Face/432_357.mp4,FAKE,346,640,480
Face2Face/433_498.mp4,FAKE,317,1280,720
Face2Face/434_438.mp4,FAKE,542,832,480
Face2Face/435_456.mp4,FAKE,608,640,480
Face2Face/436_526.mp4,FAKE,838,1280,720
Face2Face/437_360.mp4,FAKE,385,1280,720
Face2Face/438_434.mp4,FAKE,337,640,480
Face2Face/439_441.mp4,FAKE,305,640,480
Face2Face/440_364.mp4,FAKE,648,640,480
Face2Face/441_439.mp4,FAKE,462,640,480
Face2Face/442_195.mp4,FAKE,333,1920,1080
Face2Face/443_514.mp4,FAKE,361,640,480
Face2Face/444_655.mp4,FAKE,678,832,480
Face2Face/445_494.mp4,FAKE,802,1280,720
Face2Face/446_667.mp4,FAKE,469,1920,1080
Face2Face/447_431.mp4,FAKE,616,640,480
Face2Face/448_361.mp4,FAKE,455,1280,720
Face2Face/449_451.mp4,FAKE,383,1280,720
Face2Face/450_533.mp4,FAKE,558,1920,1080
Face2Face/451_449.mp4,FAKE,306,1280,720
Face2Face/452_550.mp4,FAKE,444,640,480
Face2Face/453_402.mp4,FAKE,423,1280,718
Face2Face/454_527.mp4,FAKE,342,832,480
Face2Face/455_471.mp4,FAKE,540,640,480
Face2Face/456_435.mp4,FAKE,476,1280,720
Face2Face/457_398.mp4,FAKE,582,640,480
Face2Face/458_722.mp4,FAKE,396,832,480
Face2Face/459_430.mp4,FAKE,357,1920,1080
Face2Face/460_678.mp4,FAKE,400,1280,720
Face2Face/461_250.mp4,FAKE,564,1280,720
Face2Face/462_467.mp4,FAKE,423,640,480
Face2Face/463_464.mp4,FAKE,404,608,480
Face2Face/464_463.mp4,FAKE,315,640,480
Face2Face/465_482.mp4,FAKE,354,1280,720
Face2Face/466_428.mp4,FAKE,540,1280,720
Face2Face/467_462.mp4,FAKE,585,640,480
Face2Face/468_470.mp4,FAKE,905,576,480
Face2Face/469_481.mp4,FAKE,414,832,480
Face2Face/470_468.mp4,FAKE,597,640,480
Face2Face/471_455.mp4,FAKE,370,640,480
Face2Face/472_511.mp4,FAKE,809,640,480
Face2Face/473_366.mp4,FAKE,404,640,480
Face2Face/474_281.mp4,FAKE,309,640,480
Face2Face/475_265.mp4,FAKE,552,1280,720
Face2Face/476_400.mp4,FAKE,357,640,480
Face2Face/477_487.mp4,FAKE,319,1248,720
Face2Face/478_506.mp4,FAKE,668,640,480
Face2Face/479_706.mp4,FAKE,328,1920,1080
Face2Face/480_389.mp4,FAKE,314,1280,720
Face2Face/481_469.mp4,FAKE,414,1280,720
Face2Face/482_465.mp4,FAKE,329,640,480
Face2Face/483_370.mp4,FAKE,396,1280,720
Face2Face/484_415.mp4,FAKE,563,640,480
Face2Face/485_425.mp4,FAKE,336,832,480
Face2Face/486_680.mp4,FAKE,300,640,480
Face2Face/487_477.mp4,FAKE,365,1280,720
Face2Face/488_399.mp4,FAKE,862,832,480
Face2Face/489_022.mp4,FAKE,325,1280,720
Face2Face/490_534.mp4,FAKE,384,1920,1080
Face2Face/491_226.mp4,FAKE,328,1920,1080
Face2Face/492_325.mp4,FAKE,1421,1280,720
Face2Face/493_538.mp4,FAKE,596,640,480
Face2Face/494_445.mp4,FAKE,1053,1280,720
Face2Face/495_512.mp4,FAKE,750,640,480
Face2Face/496_417.mp4,FAKE,861,640,480
Face2Face/497_403.mp4,FAKE,707,832,480
Face2Face/498_433.mp4,FAKE,532,832,480
Face2Face/499_539.mp4,FAKE,313,1280,720
Face2Face/500_592.mp4,FAKE,383,1920,1080
Face2Face/501_326.mp4,FAKE,914,576,480
Face2Face/502_504.mp4,FAKE,317,1280,720
Face2Face/503_756.mp4,FAKE,570,640,480
Face2Face/504_502.mp4,FAKE,317,1280,720
Face2Face/505_600.mp4,FAKE,388,640,480
Face2Face/506_478.mp4,FAKE,749,832,480
Face2Face/507_418.mp4,FAKE,319,1920,1080
Face2Face/508_831.mp4,FAKE,327,1920,1080
Face2Face/509_525.mp4,FAKE,517,640,480
Face2Face/510_528.mp4,FAKE,377,832,480
Face2Face/511_472.mp4,FAKE,479,640,480
Face2Face/512_495.mp4,FAKE,573,640,480
Face2Face/513_305.mp4,FAKE,843,1280,720
Face2Face/514_443.mp4,FAKE,1146,640,480
Face2Face/515_519.mp4,FAKE,751,640,480
Face2Face/516_555.mp4,FAKE,572,1920,1080
Face2Face/517_521.mp4,FAKE,304,640,480
Face2Face/518_131.mp4,FAKE,306,832,480
Face2Face/519_515.mp4,FAKE,766,640,480
Face2Face/520_542.mp4,FAKE,320,1280,720
Face2Face/521_517.mp4,FAKE,373,640,480
Face2Face/522_337.mp4,FAKE,331,576,480
Face2Face/523_541.mp4,FAKE,390,832,480
Face2Face/524_580.mp4,FAKE,292,832,480
Face2Face/525_509.mp4,FAKE,563,832,480
Face2Face/526_436.mp4,FAKE,518,1280,720
Face2Face/527_454.mp4,FAKE,384,1280,720
Face2Face/528_510.mp4,FAKE,340,704,480
Face2Face/529_633.mp4,FAKE,512,1920,1080
Face2Face/530_594.mp4,FAKE,294,1280,720
Face2Face/531_549.mp4,FAKE,624,640,480
Face2Face/532_544.mp4,FAKE,355,1280,720
Face2Face/533_450.mp4,FAKE,774,1920,1080
Face2Face/534_490.mp4,FAKE,635,1280,720
Face2Face/535_587.mp4,FAKE,626,640,480
Face2Face/536_540.mp4,FAKE,957,1280,720
Face2Face/537_563.mp4,FAKE,390,1280,720
Face2Face/538_493.mp4,FAKE,395,832,480
Face2Face/539_499.mp4,FAKE,514,640,480
Face2Face/540_536.mp4,FAKE,603,1280,720
Face2Face/541_523.mp4,FAKE,375,640,480
Face2Face/542_520.mp4,FAKE,350,1280,720
Face2Face/543_559.mp4,FAKE,334,640,480
Face2Face/544_532.mp4,FAKE,391,1280,720
Face2Face/545_553.mp4,FAKE,364,640,480
Face2Face/546_621.mp4,FAKE,370,832,480
Face2Face/547_574.mp4,FAKE,507,1920,1080
Face2Face/548_632.mp4,FAKE,427,1280,720
Face2Face/549_531.mp4,FAKE,319,1280,720
Face2Face/550_452.mp4,FAKE,606,640,480
Face2Face/551_631.mp4,FAKE,424,1280,720
Face2Face/552_851.mp4,FAKE,833,1280,720
Face2Face/553_545.mp4,FAKE,436,640,480
Face2Face/554_572.mp4,FAKE,347,1280,720
Face2Face/555_516.mp4,FAKE,354,1920,1080
Face2Face/556_588.mp4,FAKE,544,640,480
Face2Face/557_560.mp4,FAKE,349,832,480
Face2Face/558_583.mp4,FAKE,475,1280,720
Face2Face/559_543.mp4,FAKE,718,1280,720
Face2Face/560_557.mp4,FAKE,509,640,480
Face2Face/561_998.mp4,FAKE,344,1920,1080
Face2Face/562_626.mp4,FAKE,975,1280,720
Face2Face/563_537.mp4,FAKE,385,640,480
Face2Face/564_971.mp4,FAKE,354,1920,1080
Face2Face/565_589.mp4,FAKE,686,640,480
Face2Face/566_617.mp4,FAKE,312,832,480
Face2Face/567_606.mp4,FAKE,387,832,480
Face2Face/568_628.mp4,FAKE,895,640,480
Face2Face/569_921.mp4,FAKE,296,1920,1080
Face2Face/570_624.mp4,FAKE,350,1280,720
Face2Face/571_746.mp4,FAKE,493,1280,720
Face2Face/572_554.mp4,FAKE,828,1280,720
Face2Face/573_757.mp4,FAKE,441,1280,720
Face2Face/574_547.mp4,FAKE,496,640,480
Face2Face/575_603.mp4,FAKE,296,1280,720
Face2Face/576_155.mp4,FAKE,829,1280,720
Face2Face/577_593.mp4,FAKE,535,1920,1080
Face2Face/578_636.mp4,FAKE,335,1280,720
Face2Face/579_701.mp4,FAKE,393,1920,1080
Face2Face/580_524.mp4,FAKE,527,1280,720
Face2Face/581_697.mp4,FAKE,465,1920,1080
Face2Face/582_172.mp4,FAKE,752,640,480
Face2Face/583_558.mp4,FAKE,535,1280,720
Face2Face/584_823.mp4,FAKE,672,1280,720
Face2Face/585_599.mp4,FAKE,398,1280,720
Face2Face/586_223.mp4,FAKE,336,1920,1080
Face2Face/587_535.mp4,FAKE,667,640,480
Face2Face/588_556.mp4,FAKE,372,832,480
Face2Face/589_565.mp4,FAKE,430,640,480
Face2Face/590_034.mp4,FAKE,407,1920,1080
Face2Face/591_605.mp4,FAKE,664,1280,720
Face2Face/592_500.mp4,FAKE,292,832,480
Face2Face/593_577.mp4,FAKE,344,1920,1080
Face2Face/594_530.mp4,FAKE,716,1280,720
Face2Face/595_597.mp4,FAKE,297,1280,720
Face2Face/596_609.mp4,FAKE,489,576,480
Face2Face/597_595.mp4,FAKE,565,640,480
Face2Face/598_178.mp4,FAKE,521,640,480
Face2Face/599_585.mp4,FAKE,359,1280,720
Face2Face/600_505.mp4,FAKE,543,640,480
Face2Face/601_653.mp4,FAKE,731,640,480
Face2Face/602_397.mp4,FAKE,355,1920,1080
Face2Face/603_575.mp4,FAKE,557,1280,720
Face2Face/604_703.mp4,FAKE,375,1280,720
Face2Face/605_591.mp4,FAKE,541,832,480
Face2Face/606_567.mp4,FAKE,340,832,480
Face2Face/607_683.mp4,FAKE,302,1920,1080
Face2Face/608_675.mp4,FAKE,421,576,480
Face2Face/609_596.mp4,FAKE,557,576,480
Face2Face/610_692.mp4,FAKE,354,1280,720
Face2Face/611_760.mp4,FAKE,306,640,480
Face2Face/612_702.mp4,FAKE,749,1280,720
Face2Face/613_685.mp4,FAKE,522,1280,720
Face2Face/614_616.mp4,FAKE,663,1280,720
Face2Face/615_687.mp4,FAKE,469,1280,720
Face2Face/616_614.mp4,FAKE,507,640,480
Face2Face/617_566.mp4,FAKE,723,832,480
Face2Face/618_629.mp4,FAKE,990,1280,720
Face2Face/619_620.mp4,FAKE,628,1280,720
Face2Face/620_619.mp4,FAKE,305,1920,1080
Face2Face/621_546.mp4,FAKE,714,1280,720
Face2Face/622_647.mp4,FAKE,699,1280,720
Face2Face/623_630.mp4,FAKE,423,640,480
Face2Face/624_570.mp4,FAKE,430,832,480
Face2Face/625_650.mp4,FAKE,693,640,480
Face2Face/626_562.mp4,FAKE,467,832,480
Face2Face/627_658.mp4,FAKE,404,576,480
Face2Face/628_568.mp4,FAKE,570,640,480
Face2Face/629_618.mp4,FAKE,382,1280,720
Face2Face/630_623.mp4,FAKE,352,640,480
Face2Face/631_551.mp4,FAKE,727,640,480
Face2Face/632_548.mp4,FAKE,573,1920,1080
Face2Face/633_529.mp4,FAKE,335,1280,720
Face2Face/634_660.mp4,FAKE,340,1280,720
Face2Face/635_642.mp4,FAKE,573,832,480
Face2Face/636_578.mp4,FAKE,564,640,480
Face2Face/637_427.mp4,FAKE,468,1280,720
Face2Face/638_640.mp4,FAKE,306,1280,720
Face2Face/639_841.mp4,FAKE,519,1280,720
Face2Face/640_638.mp4,FAKE,698,1280,720
Face2Face/641_662.mp4,FAKE,496,1280,720
Face2Face/642_635.mp4,FAKE,764,640,480
Face2Face/643_646.mp4,FAKE,440,1280,720
Face2Face/644_657.mp4,FAKE,546,832,480
Face2Face/645_688.mp4,FAKE,571,1920,1080
Face2Face/646_643.mp4,FAKE,364,640,480
Face2Face/647_622.mp4,FAKE,371,1920,1080
Face2Face/648_654.mp4,FAKE,410,1280,720
Face2Face/649_816.mp4,FAKE,411,1280,720
Face2Face/650_625.mp4,FAKE,332,640,480
Face2Face/651_835.mp4,FAKE,426,1280,720
Face2Face/652_773.mp4,FAKE,579,1280,720
Face2Face/653_601.mp4,FAKE,364,640,480
Face2Face/654_648.mp4,FAKE,471,640,480
Face2Face/655_444.mp4,FAKE,437,640,480
Face2Face/656_666.mp4,FAKE,383,640,480
Face2Face/657_644.mp4,FAKE,413,640,480
Face2Face/658_627.mp4,FAKE,374,640,480
Face2Face/659_749.mp4,FAKE,693,640,480
Face2Face/660_634.mp4,FAKE,338,1280,720
Face2Face/661_670.mp4,FAKE,481,1280,720
Face2Face/662_641.mp4,FAKE,350,1280,720
Face2Face/663_231.mp4,FAKE,573,640,480
Face2Face/664_668.mp4,FAKE,398,1280,720
Face2Face/665_679.mp4,FAKE,416,640,480
Face2Face/666_656.mp4,FAKE,505,640,480
Face2Face/667_446.mp4,FAKE,423,1920,1080
Face2Face/668_664.mp4,FAKE,293,640,480
Face2Face/669_682.mp4,FAKE,965,640,480
Face2Face/670_661.mp4,FAKE,513,640,480
Face2Face/671_677.mp4,FAKE,314,1280,720
Face2Face/672_720.mp4,FAKE,564,1280,720
Face2Face/673_728.mp4,FAKE,568,640,480
Face2Face/674_744.mp4,FAKE,294,640,480
Face2Face/675_608.mp4,FAKE,1205,576,480
Face2Face/676_776.mp4,FAKE,331,1280,720
Face2Face/677_671.mp4,FAKE,343,1280,720
Face2Face/678_460.mp4,FAKE,640,1920,1080
Face2Face/679_665.mp4,FAKE,324,640,480
Face2Face/680_486.mp4,FAKE,564,640,480
Face2Face/681_711.mp4,FAKE,292,1280,720
Face2Face/682_669.mp4,FAKE,489,576,480
Face2Face/683_607.mp4,FAKE,454,1920,1080
Face2Face/684_717.mp4,FAKE,374,1920,1080
Face2Face/685_613.mp4,FAKE,415,1280,720
Face2Face/686_696.mp4,FAKE,405,1280,720
Face2Face/687_615.mp4,FAKE,452,1280,720
Face2Face/688_645.mp4,FAKE,554,1280,720
Face2Face/689_690.mp4,FAKE,331,640,480
Face2Face/690_689.mp4,FAKE,455,832,480
Face2Face/691_732.mp4,FAKE,426,1280,720
Face2Face/692_610.mp4,FAKE,394,1280,720
Face2Face/693_698.mp4,FAKE,304,640,480
Face2Face/694_767.mp4,FAKE,407,832,480
Face2Face/695_422.mp4,FAKE,316,1920,1080
Face2Face/696_686.mp4,FAKE,342,640,480
Face2Face/697_581.mp4,FAKE,382,1280,720
Face2Face/698_693.mp4,FAKE,595,640,480
Face2Face/699_734.mp4,FAKE,1098,576,480
Face2Face/700_813.mp4,FAKE,360,1280,720
Face2Face/701_579.mp4,FAKE,476,1920,1080
Face2Face/702_612.mp4,FAKE,420,1280,720
Face2Face/703_604.mp4,FAKE,825,1280,720
Face2Face/704_723.mp4,FAKE,730,576,480
Face2Face/705_707.mp4,FAKE,1034,832,480
Face2Face/706_479.mp4,FAKE,488,1920,1080
Face2Face/707_705.mp4,FAKE,473,832,480
Face2Face/708_772.mp4,FAKE,341,1920,1080
Face2Face/709_390.mp4,FAKE,809,1920,1080
Face2Face/710_788.mp4,FAKE,534,832,480
Face2Face/711_681.mp4,FAKE,840,1920,1080
Face2Face/712_716.mp4,FAKE,628,1280,720
Face2Face/713_726.mp4,FAKE,410,1920,1080
Face2Face/714_842.mp4,FAKE,447,1280,720
Face2Face/715_721.mp4,FAKE,581,640,480
Face2Face/716_712.mp4,FAKE,550,576,480
Face2Face/717_684.mp4,FAKE,497,1280,720
Face2Face/718_972.mp4,FAKE,311,1920,1080
Face2Face/719_737.mp4,FAKE,369,640,480
Face2Face/720_672.mp4,FAKE,541,640,480
Face2Face/721_715.mp4,FAKE,856,576,480
Face2Face/722_458.mp4,FAKE,351,1920,1080
Face2Face/723_704.mp4,FAKE,450,832,480
Face2Face/724_725.mp4,FAKE,699,1920,1080
Face2Face/725_724.mp4,FAKE,600,1280,720
Face2Face/726_713.mp4,FAKE,527,1920,1080
Face2Face/727_729.mp4,FAKE,636,640,480
Face2Face/728_673.mp4,FAKE,592,640,480
Face2Face/729_727.mp4,FAKE,554,640,480
Face2Face/730_815.mp4,FAKE,452,1280,720
Face2Face/731_741.mp4,FAKE,370,576,480
Face2Face/732_691.mp4,FAKE,540,576,480
Face2Face/733_935.mp4,FAKE,540,1280,720
Face2Face/734_699.mp4,FAKE,524,640,480
Face2Face/735_774.mp4,FAKE,313,640,480
Face2Face/736_785.mp4,FAKE,413,640,480
Face2Face/737_719.mp4,FAKE,402,640,480
Face2Face/738_804.mp4,FAKE,359,1280,720
Face2Face/739_865.mp4,FAKE,347,1280,720
Face2Face/740_796.mp4,FAKE,1001,1920,1080
Face2Face/741_731.mp4,FAKE,778,640,480
Face2Face/742_775.mp4,FAKE,559,640,480
Face2Face/743_750.mp4,FAKE,441,1280,720
Face2Face/744_674.mp4,FAKE,367,640,480
Face2Face/745_777.mp4,FAKE,325,832,480
Face2Face/746_571.mp4,FAKE,576,1280,720
Face2Face/747_854.mp4,FAKE,294,1280,720
Face2Face/748_355.mp4,FAKE,499,1280,720
Face2Face/749_659.mp4,FAKE,1001,832,480
Face2Face/750_743.mp4,FAKE,311,1920,1080
Face2Face/751_752.mp4,FAKE,1016,640,480
Face2Face/752_751.mp4,FAKE,331,1280,720
Face2Face/753_789.mp4,FAKE,567,1920,1080
Face2Face/754_758.mp4,FAKE,391,1280,720
Face2Face/755_759.mp4,FAKE,434,832,480
Face2Face/756_503.mp4,FAKE,674,832,480
Face2Face/757_573.mp4,FAKE,613,1280,720
Face2Face/758_754.mp4,FAKE,401,640,480
Face2Face/759_755.mp4,FAKE,336,1920,1080
Face2Face/760_611.mp4,FAKE,645,832,480
Face2Face/761_766.mp4,FAKE,860,640,480
Face2Face/762_832.mp4,FAKE,553,640,480
Face2Face/763_930.mp4,FAKE,448,832,480
Face2Face/764_850.mp4,FAKE,612,1440,1080
Face2Face/765_867.mp4,FAKE,1489,640,480
Face2Face/766_761.mp4,FAKE,343,640,480
Face2Face/767_694.mp4,FAKE,299,640,480
Face2Face/768_793.mp4,FAKE,590,1280,720
Face2Face/769_784.mp4,FAKE,557,1280,720
Face2Face/770_791.mp4,FAKE,333,1280,720
Face2Face/771_849.mp4,FAKE,322,640,480
Face2Face/772_708.mp4,FAKE,549,1280,720
Face2Face/773_652.mp4,FAKE,456,1280,720
Face2Face/774_735.mp4,FAKE,802,640,480
Face2Face/775_742.mp4,FAKE,623,640,480
Face2Face/776_676.mp4,FAKE,515,1920,1080
Face2Face/777_745.mp4,FAKE,569,640,480
Face2Face/778_798.mp4,FAKE,371,1280,720
Face2Face/779_794.mp4,FAKE,879,1280,720
Face2Face/780_869.mp4,FAKE,333,1280,720
Face2Face/781_806.mp4,FAKE,301,640,480
Face2Face/782_787.mp4,FAKE,502,576,480
Face2Face/783_916.mp4,FAKE,484,1280,720
Face2Face/784_769.mp4,FAKE,484,640,480
Face2Face/785_736.mp4,FAKE,414,640,480
Face2Face/786_819.mp4,FAKE,927,1920,1080
Face2Face/787_782.mp4,FAKE,556,640,480
Face2Face/788_710.mp4,FAKE,378,640,480
Face2Face/789_753.mp4,FAKE,686,1920,1080
Face2Face/790_014.mp4,FAKE,676,1280,720
Face2Face/791_770.mp4,FAKE,653,704,480
Face2Face/792_903.mp4,FAKE,567,640,480
Face2Face/793_768.mp4,FAKE,330,1280,720
Face2Face/794_779.mp4,FAKE,306,1280,720
Face2Face/795_907.mp4,FAKE,525,1280,720
Face2Face/796_740.mp4,FAKE,348,1280,720
Face2Face/797_844.mp4,FAKE,852,640,480
Face2Face/798_778.mp4,FAKE,328,1920,1080
Face2Face/799_809.mp4,FAKE,367,1280,720
Face2Face/800_840.mp4,FAKE,840,1280,720
Face2Face/801_855.mp4,FAKE,630,640,480
Face2Face/802_885.mp4,FAKE,329,640,480
Face2Face/803_017.mp4,FAKE,398,832,480
Face2Face/804_738.mp4,FAKE,417,832,480
Face2Face/805_011.mp4,FAKE,632,1280,720
Face2Face/806_781.mp4,FAKE,475,640,480
Face2Face/807_273.mp4,FAKE,322,1920,1080
Face2Face/808_829.mp4,FAKE,801,1280,720
Face2Face/809_799.mp4,FAKE,1227,640,480
Face2Face/810_838.mp4,FAKE,457,1280,720
Face2Face/811_920.mp4,FAKE,371,1280,720
Face2Face/812_821.mp4,FAKE,423,704,480
Face2Face/813_700.mp4,FAKE,333,1280,720
Face2Face/814_871.mp4,FAKE,348,1280,720
Face2Face/815_730.mp4,FAKE,719,1280,720
Face2Face/816_649.mp4,FAKE,930,640,480
Face2Face/817_827.mp4,FAKE,311,1280,720
Face2Face/818_820.mp4,FAKE,665,1280,720
Face2Face/819_786.mp4,FAKE,520,1920,1080
Face2Face/820_818.mp4,FAKE,466,1280,720
Face2Face/821_812.mp4,FAKE,433,704,480
Face2Face/822_244.mp4,FAKE,557,1920,1080
Face2Face/823_584.mp4,FAKE,475,1280,720
Face2Face/824_419.mp4,FAKE,487,1280,720
Face2Face/825_074.mp4,FAKE,345,832,480
Face2Face/826_833.mp4,FAKE,600,1280,720
Face2Face/827_817.mp4,FAKE,419,640,480
Face2Face/828_830.mp4,FAKE,511,640,480
Face2Face/829_808.mp4,FAKE,637,1248,720
Face2Face/830_828.mp4,FAKE,319,576,480
Face2Face/831_508.mp4,FAKE,603,1920,1080
Face2Face/832_762.mp4,FAKE,416,576,480
Face2Face/833_826.mp4,FAKE,355,1920,1080
Face2Face/834_852.mp4,FAKE,427,704,480
Face2Face/835_651.mp4,FAKE,380,1920,1080
Face2Face/836_950.mp4,FAKE,763,1280,720
Face2Face/837_890.mp4,FAKE,341,1280,720
Face2Face/838_810.mp4,FAKE,1052,1280,720
Face2Face/839_864.mp4,FAKE,326,640,480
Face2Face/840_800.mp4,FAKE,338,640,480
Face2Face/841_639.mp4,FAKE,662,832,480
Face2Face/842_714.mp4,FAKE,560,640,480
Face2Face/843_859.mp4,FAKE,333,832,480
Face2Face/844_797.mp4,FAKE,434,640,480
Face2Face/845_846.mp4,FAKE,353,832,480
Face2Face/846_845.mp4,FAKE,356,640,480
Face2Face/847_906.mp4,FAKE,389,1280,720
Face2Face/848_894.mp4,FAKE,328,1920,1080
Face2Face/849_771.mp4,FAKE,634,640,480
Face2Face/850_764.mp4,FAKE,369,800,480
Face2Face/851_552.mp4,FAKE,303,1280,720
Face2Face/852_834.mp4,FAKE,303,640,480
Face2Face/853_863.mp4,FAKE,513,1280,720
Face2Face/854_747.mp4,FAKE,470,1280,720
Face2Face/855_801.mp4,FAKE,444,640,480
Face2Face/856_881.mp4,FAKE,638,1280,720
Face2Face/857_909.mp4,FAKE,637,640,480
Face2Face/858_861.mp4,FAKE,594,640,480
Face2Face/859_843.mp4,FAKE,318,640,480
Face2Face/860_905.mp4,FAKE,382,1920,1080
Face2Face/861_858.mp4,FAKE,483,640,480
Face2Face/862_047.mp4,FAKE,319,1280,720
Face2Face/863_853.mp4,FAKE,616,1280,720
Face2Face/864_839.mp4,FAKE,385,576,480
Face2Face/865_739.mp4,FAKE,304,1920,1080
Face2Face/866_878.mp4,FAKE,736,1920,1080
Face2Face/867_765.mp4,FAKE,388,704,480
Face2Face/868_949.mp4,FAKE,686,640,480
Face2Face/869_780.mp4,FAKE,402,1920,1080
Face2Face/870_001.mp4,FAKE,460,1280,720
Face2Face/871_814.mp4,FAKE,550,832,480
Face2Face/872_873.mp4,FAKE,884,640,480
Face2Face/873_872.mp4,FAKE,474,1280,720
Face2Face/874_291.mp4,FAKE,330,1920,1080
Face2Face/875_979.mp4,FAKE,335,1280,720
Face2Face/876_891.mp4,FAKE,296,1280,720
Face2Face/877_886.mp4,FAKE,525,1280,720
Face2Face/878_866.mp4,FAKE,509,1280,720
Face2Face/879_963.mp4,FAKE,692,832,480
Face2Face/880_135.mp4,FAKE,327,1920,1080
Face2Face/881_856.mp4,FAKE,1103,704,480
Face2Face/882_952.mp4,FAKE,700,1920,1080
Face2Face/883_013.mp4,FAKE,332,960,720
Face2Face/884_968.mp4,FAKE,300,960,720
Face2Face/885_802.mp4,FAKE,351,640,480
Face2Face/886_877.mp4,FAKE,570,640,480
Face2Face/887_275.mp4,FAKE,424,640,480
Face2Face/888_937.mp4,FAKE,455,640,480
Face2Face/889_045.mp4,FAKE,350,1920,1080
Face2Face/890_837.mp4,FAKE,443,832,480
Face2Face/891_876.mp4,FAKE,313,1280,720
Face2Face/892_112.mp4,FAKE,418,1920,1080
Face2Face/893_913.mp4,FAKE,634,832,480
Face2Face/894_848.mp4,FAKE,360,1920,1080
Face2Face/895_915.mp4,FAKE,352,832,480
Face2Face/896_128.mp4,FAKE,735,640,480
Face2Face/897_969.mp4,FAKE,356,640,480
Face2Face/898_922.mp4,FAKE,616,640,480
Face2Face/899_914.mp4,FAKE,307,640,480
Face2Face/900_926.mp4,FAKE,333,640,480
Face2Face/901_902.mp4,FAKE,295,1280,720
Face2Face/902_901.mp4,FAKE,523,1280,720
Face2Face/903_792.mp4,FAKE,383,576,480
Face2Face/904_046.mp4,FAKE,504,1920,1080
Face2Face/905_860.mp4,FAKE,459,960,720
Face2Face/906_847.mp4,FAKE,301,1920,1080
Face2Face/907_795.mp4,FAKE,550,1280,720
Face2Face/908_207.mp4,FAKE,346,1920,1080
Face2Face/909_857.mp4,FAKE,640,640,480
Face2Face/910_911.mp4,FAKE,329,1280,720
Face2Face/911_910.mp4,FAKE,292,1280,720
Face2Face/912_927.mp4,FAKE,697,640,480
Face2Face/913_893.mp4,FAKE,537,608,480
Face2Face/914_899.mp4,FAKE,560,640,480
Face2Face/915_895.mp4,FAKE,294,1280,720
Face2Face/916_783.mp4,FAKE,403,1280,720
Face2Face/917_924.mp4,FAKE,1248,640,480
Face2Face/918_934.mp4,FAKE,377,960,720
Face2Face/919_015.mp4,FAKE,437,640,480
Face2Face/920_811.mp4,FAKE,542,1920,1080
Face2Face/921_569.mp4,FAKE,335,1920,1080
Face2Face/922_898.mp4,FAKE,349,640,480
Face2Face/923_023.mp4,FAKE,553,1280,720
Face2Face/924_917.mp4,FAKE,448,576,480
Face2Face/925_933.mp4,FAKE,494,1280,720
Face2Face/926_900.mp4,FAKE,341,640,480
Face2Face/927_912.mp4,FAKE,647,640,480
Face2Face/928_160.mp4,FAKE,534,1280,720
Face2Face/929_962.mp4,FAKE,460,640,480
Face2Face/930_763.mp4,FAKE,812,640,480
Face2Face/931_936.mp4,FAKE,297,640,480
Face2Face/932_384.mp4,FAKE,462,1280,720
Face2Face/933_925.mp4,FAKE,356,1280,720
Face2Face/934_918.mp4,FAKE,472,1280,720
Face2Face/935_733.mp4,FAKE,518,1920,1080
Face2Face/936_931.mp4,FAKE,319,640,480
Face2Face/937_888.mp4,FAKE,307,640,480
Face2Face/938_987.mp4,FAKE,575,640,480
Face2Face/939_115.mp4,FAKE,320,640,480
Face2Face/940_941.mp4,FAKE,494,640,480
Face2Face/941_940.mp4,FAKE,309,832,480
Face2Face/942_943.mp4,FAKE,470,1280,720
Face2Face/943_942.mp4,FAKE,495,1280,720
Face2Face/944_032.mp4,FAKE,310,704,480
Face2Face/945_044.mp4,FAKE,335,1280,720
Face2Face/946_049.mp4,FAKE,360,1280,720
Face2Face/947_951.mp4,FAKE,1176,1280,720
Face2Face/948_965.mp4,FAKE,348,1920,1080
Face2Face/949_868.mp4,FAKE,431,640,480
Face2Face/950_836.mp4,FAKE,343,1920,1080
Face2Face/951_947.mp4,FAKE,641,1280,720
Face2Face/952_882.mp4,FAKE,333,1280,720
Face2Face/953_974.mp4,FAKE,318,1280,720
Face2Face/954_976.mp4,FAKE,328,640,480
Face2Face/955_078.mp4,FAKE,523,640,480
Face2Face/956_958.mp4,FAKE,392,832,480
Face2Face/957_959.mp4,FAKE,482,1920,1080
Face2Face/958_956.mp4,FAKE,542,704,480
Face2Face/959_957.mp4,FAKE,418,1920,1080
Face2Face/960_999.mp4,FAKE,335,1280,720
Face2Face/961_069.mp4,FAKE,774,1280,720
Face2Face/962_929.mp4,FAKE,462,640,480
Face2Face/963_879.mp4,FAKE,839,832,480
Face2Face/964_174.mp4,FAKE,414,640,480
Face2Face/965_948.mp4,FAKE,434,1920,1080
Face2Face/966_988.mp4,FAKE,455,640,480
Face2Face/967_984.mp4,FAKE,339,1280,720
Face2Face/968_884.mp4,FAKE,343,1280,720
Face2Face/969_897.mp4,FAKE,333,640,480
Face2Face/970_973.mp4,FAKE,533,640,480
Face2Face/971_564.mp4,FAKE,648,1920,1080
Face2Face/972_718.mp4,FAKE,578,1920,1080
Face2Face/973_970.mp4,FAKE,476,576,480
Face2Face/974_953.mp4,FAKE,351,576,480
Face2Face/975_978.mp4,FAKE,757,1280,720
Face2Face/976_954.mp4,FAKE,376,832,480
Face2Face/977_075.mp4,FAKE,613,832,480
Face2Face/978_975.mp4,FAKE,304,1280,720
Face2Face/979_875.mp4,FAKE,422,1280,720
Face2Face/980_992.mp4,FAKE,718,640,480
Face2Face/981_985.mp4,FAKE,343,576,480
Face2Face/982_004.mp4,FAKE,309,832,480
Face2Face/983_113.mp4,FAKE,841,832,480
Face2Face/984_967.mp4,FAKE,412,1280,720
Face2Face/985_981.mp4,FAKE,372,640,480
Face2Face/986_994.mp4,FAKE,316,1280,720
Face2Face/987_938.mp4,FAKE,369,576,480
Face2Face/988_966.mp4,FAKE,364,576,480
Face2Face/989_993.mp4,FAKE,409,640,480
Face2Face/990_008.mp4,FAKE,637,832,480
Face2Face/991_064.mp4,FAKE,402,640,480
Face2Face/992_980.mp4,FAKE,383,576,480
Face2Face/993_989.mp4,FAKE,960,640,480
Face2Face/994_986.mp4,FAKE,828,640,480
Face2Face/995_233.mp4,FAKE,675,640,480
Face2Face/996_056.mp4,FAKE,373,704,480
Face2Face/997_040.mp4,FAKE,548,576,480
Face2Face/998_561.mp4,FAKE,416,1280,720
Face2Face/999_960.mp4,FAKE,345,640,480
FaceShifter/000_003.mp4,FAKE,396,640,480
FaceShifter/001_870.mp4,FAKE,460,1280,720
FaceShifter/002_006.mp4,FAKE,693,1280,720
FaceShifter/003_000.mp4,FAKE,303,640,480
FaceShifter/004_982.mp4,FAKE,309,1280,720
FaceShifter/005_010.mp4,FAKE,385,720,480
FaceShifter/006_002.mp4,FAKE,310,1280,720
FaceShifter/007_132.mp4,FAKE,505,600,480
FaceShifter/008_990.mp4,FAKE,637,640,480
FaceShifter/009_027.mp4,FAKE,588,640,480
FaceShifter/010_005.mp4,FAKE,474,640,480
FaceShifter/011_805.mp4,FAKE,632,1280,720
FaceShifter/012_026.mp4,FAKE,363,640,480
FaceShifter/013_883.mp4,FAKE,332,640,480
FaceShifter/014_790.mp4,FAKE,676,640,480
FaceShifter/015_919.mp4,FAKE,437,640,480
FaceShifter/016_209.mp4,FAKE,678,640,480
FaceShifter/017_803.mp4,FAKE,398,1280,720
FaceShifter/018_019.mp4,FAKE,432,640,480
FaceShifter/019_018.mp4,FAKE,1385,640,480
FaceShifter/020_344.mp4,FAKE,390,1280,720
FaceShifter/021_312.mp4,FAKE,431,654,480
FaceShifter/022_489.mp4,FAKE,325,1280,720
FaceShifter/023_923.mp4,FAKE,553,640,480
FaceShifter/024_073.mp4,FAKE,306,640,480
FaceShifter/025_067.mp4,FAKE,747,1440,1080
FaceShifter/026_012.mp4,FAKE,322,640,480
FaceShifter/027_009.mp4,FAKE,315,640,480
FaceShifter/028_068.mp4,FAKE,434,848,480
FaceShifter/029_048.mp4,FAKE,416,586,480
FaceShifter/030_193.mp4,FAKE,297,1920,1080
FaceShifter/031_163.mp4,FAKE,482,1280,720
FaceShifter/032_944.mp4,FAKE,310,1280,720
FaceShifter/033_097.mp4,FAKE,809,854,480
FaceShifter/034_590.mp4,FAKE,407,960,720
FaceShifter/035_036.mp4,FAKE,423,640,480
FaceShifter/036_035.mp4,FAKE,337,640,480
FaceShifter/037_072.mp4,FAKE,454,656,480
FaceShifter/038_125.mp4,FAKE,305,854,480
FaceShifter/039_058.mp4,FAKE,609,654,480
FaceShifter/040_997.mp4,FAKE,548,1280,720
FaceShifter/041_063.mp4,FAKE,349,656,480
FaceShifter/042_084.mp4,FAKE,338,640,480
FaceShifter/043_110.mp4,FAKE,495,1280,720
FaceShifter/044_945.mp4,FAKE,335,1280,720
FaceShifter/045_889.mp4,FAKE,350,1920,1080
FaceShifter/046_904.mp4,FAKE,504,1280,720
FaceShifter/047_862.mp4,FAKE,319,854,480
FaceShifter/048_029.mp4,FAKE,485,640,480
FaceShifter/049_946.mp4,FAKE,360,640,480
FaceShifter/050_059.mp4,FAKE,530,640,480
FaceShifter/051_332.mp4,FAKE,717,1280,720
FaceShifter/052_108.mp4,FAKE,323,1920,1080
FaceShifter/053_095.mp4,FAKE,417,656,480
FaceShifter/054_071.mp4,FAKE,368,640,480
FaceShifter/055_147.mp4,FAKE,394,640,480
FaceShifter/056_996.mp4,FAKE,373,1280,720
FaceShifter/057_070.mp4,FAKE,431,656,480
FaceShifter/058_039.mp4,FAKE,669,720,480
FaceShifter/059_050.mp4,FAKE,721,640,480
FaceShifter/060_088.mp4,FAKE,844,600,480
FaceShifter/061_080.mp4,FAKE,337,654,480
FaceShifter/062_066.mp4,FAKE,423,640,480
FaceShifter/063_041.mp4,FAKE,930,640,480
FaceShifter/064_991.mp4,FAKE,402,640,480
FaceShifter/065_089.mp4,FAKE,442,1280,720
FaceShifter/066_062.mp4,FAKE,435,720,480
FaceShifter/067_025.mp4,FAKE,538,1280,720
FaceShifter/068_028.mp4,FAKE,401,640,480
FaceShifter/069_961.mp4,FAKE,774,1280,720
FaceShifter/070_057.mp4,FAKE,367,640,480
FaceShifter/071_054.mp4,FAKE,453,654,480
FaceShifter/072_037.mp4,FAKE,311,656,480
FaceShifter/073_024.mp4,FAKE,703,1280,720
FaceShifter/074_825.mp4,FAKE,345,1920,1080
FaceShifter/075_977.mp4,FAKE,613,1280,720
FaceShifter/076_079.mp4,FAKE,329,1280,720
FaceShifter/077_100.mp4,FAKE,611,640,480
FaceShifter/078_955.mp4,FAKE,523,1280,720
FaceShifter/079_076.mp4,FAKE,424,1280,720
FaceShifter/080_061.mp4,FAKE,483,656,480
FaceShifter/081_087.mp4,FAKE,1170,600,480
FaceShifter/082_103.mp4,FAKE,316,640,480
FaceShifter/083_213.mp4,FAKE,545,1920,1080
FaceShifter/084_042.mp4,FAKE,375,1920,1080
FaceShifter/085_124.mp4,FAKE,329,640,480
FaceShifter/086_090.mp4,FAKE,935,1280,720
FaceShifter/087_081.mp4,FAKE,309,640,480
FaceShifter/088_060.mp4,FAKE,665,640,480
FaceShifter/089_065.mp4,FAKE,751,1280,720
FaceShifter/090_086.mp4,FAKE,687,1280,720
FaceShifter/091_116.mp4,FAKE,639,658,480
FaceShifter/092_098.mp4,FAKE,460,720,480
FaceShifter/093_121.mp4,FAKE,308,1280,720
FaceShifter/094_111.mp4,FAKE,559,1280,720
FaceShifter/095_053.mp4,FAKE,1006,640,480
FaceShifter/096_101.mp4,FAKE,504,1920,1080
FaceShifter/097_033.mp4,FAKE,478,640,480
FaceShifter/098_092.mp4,FAKE,299,656,480
FaceShifter/099_295.mp4,FAKE,613,1920,1080
FaceShifter/100_077.mp4,FAKE,423,640,480
FaceShifter/101_096.mp4,FAKE,1148,854,480
FaceShifter/102_114.mp4,FAKE,389,720,480
FaceShifter/103_082.mp4,FAKE,595,656,480
FaceShifter/104_126.mp4,FAKE,462,640,480
FaceShifter/105_180.mp4,FAKE,300,640,480
FaceShifter/106_198.mp4,FAKE,356,854,480
FaceShifter/107_109.mp4,FAKE,556,640,480
FaceShifter/108_052.mp4,FAKE,300,1440,1080
FaceShifter/109_107.mp4,FAKE,298,640,480
FaceShifter/110_043.mp4,FAKE,565,960,720
FaceShifter/111_094.mp4,FAKE,433,640,480
FaceShifter/112_892.mp4,FAKE,418,1920,1080
FaceShifter/113_983.mp4,FAKE,841,1280,720
FaceShifter/114_102.mp4,FAKE,1269,640,480
FaceShifter/115_939.mp4,FAKE,320,1280,720
FaceShifter/116_091.mp4,FAKE,327,640,480
FaceShifter/117_217.mp4,FAKE,548,1280,720
FaceShifter/118_120.mp4,FAKE,352,852,480
FaceShifter/119_123.mp4,FAKE,502,640,480
FaceShifter/120_118.mp4,FAKE,405,640,480
FaceShifter/121_093.mp4,FAKE,553,1920,1080
FaceShifter/122_144.mp4,FAKE,309,1264,720
FaceShifter/123_119.mp4,FAKE,514,640,480
FaceShifter/124_085.mp4,FAKE,318,600,480
FaceShifter/125_038.mp4,FAKE,500,1280,720
FaceShifter/126_104.mp4,FAKE,328,640,480
FaceShifter/127_129.mp4,FAKE,864,1280,720
FaceShifter/128_896.mp4,FAKE,735,640,480
FaceShifter/129_127.mp4,FAKE,330,1280,720
FaceShifter/130_139.mp4,FAKE,662,656,480
FaceShifter/131_518.mp4,FAKE,306,600,480
FaceShifter/132_007.mp4,FAKE,413,640,480
FaceShifter/133_148.mp4,FAKE,767,720,480
FaceShifter/134_192.mp4,FAKE,346,1280,720
FaceShifter/135_880.mp4,FAKE,327,1280,720
FaceShifter/136_285.mp4,FAKE,611,1280,720
FaceShifter/137_165.mp4,FAKE,606,720,480
FaceShifter/138_142.mp4,FAKE,410,600,480
FaceShifter/139_130.mp4,FAKE,378,600,480
FaceShifter/140_143.mp4,FAKE,485,640,480
FaceShifter/141_161.mp4,FAKE,508,854,480
FaceShifter/142_138.mp4,FAKE,962,600,480
FaceShifter/143_140.mp4,FAKE,414,640,480
FaceShifter/144_122.mp4,FAKE,344,1280,720
FaceShifter/145_299.mp4,FAKE,475,600,480
FaceShifter/146_256.mp4,FAKE,1003,1280,720
FaceShifter/147_055.mp4,FAKE,667,600,480
FaceShifter/148_133.mp4,FAKE,475,640,480
FaceShifter/149_152.mp4,FAKE,363,854,480
FaceShifter/150_153.mp4,FAKE,456,854,480
FaceShifter/151_225.mp4,FAKE,347,1280,720
FaceShifter/152_149.mp4,FAKE,313,656,480
FaceShifter/153_150.mp4,FAKE,732,640,480
FaceShifter/154_386.mp4,FAKE,594,1280,720
FaceShifter/155_576.mp4,FAKE,829,854,480
FaceShifter/156_243.mp4,FAKE,518,640,480
FaceShifter/157_245.mp4,FAKE,486,656,480
FaceShifter/158_379.mp4,FAKE,444,640,480
FaceShifter/159_175.mp4,FAKE,325,600,480
FaceShifter/160_928.mp4,FAKE,534,1280,720
FaceShifter/161_141.mp4,FAKE,369,640,480
FaceShifter/162_330.mp4,FAKE,685,1280,720
FaceShifter/163_031.mp4,FAKE,304,1280,720
FaceShifter/164_216.mp4,FAKE,1021,854,480
FaceShifter/165_137.mp4,FAKE,387,656,480
FaceShifter/166_167.mp4,FAKE,756,640,480
FaceShifter/167_166.mp4,FAKE,341,854,480
FaceShifter/168_222.mp4,FAKE,1228,640,480
FaceShifter/169_227.mp4,FAKE,649,640,480
FaceShifter/170_186.mp4,FAKE,504,1920,1080
FaceShifter/171_173.mp4,FAKE,541,1280,720
FaceShifter/172_582.mp4,FAKE,752,640,480
FaceShifter/173_171.mp4,FAKE,721,1280,720
FaceShifter/174_964.mp4,FAKE,414,1280,720
FaceShifter/175_159.mp4,FAKE,504,640,480
FaceShifter/176_190.mp4,FAKE,376,1920,1080
FaceShifter/177_211.mp4,FAKE,410,854,480
FaceShifter/178_598.mp4,FAKE,521,640,480
FaceShifter/179_212.mp4,FAKE,1260,640,480
FaceShifter/180_105.mp4,FAKE,569,640,480
FaceShifter/181_199.mp4,FAKE,478,640,480
FaceShifter/182_242.mp4,FAKE,620,1280,720
FaceShifter/183_253.mp4,FAKE,390,1280,720
FaceShifter/184_205.mp4,FAKE,1254,1280,720
FaceShifter/185_276.mp4,FAKE,875,854,480
FaceShifter/186_170.mp4,FAKE,334,1920,1080
FaceShifter/187_234.mp4,FAKE,986,1280,720
FaceShifter/188_191.mp4,FAKE,310,1280,720
FaceShifter/189_200.mp4,FAKE,512,640,480
FaceShifter/190_176.mp4,FAKE,331,1920,1080
FaceShifter/191_188.mp4,FAKE,372,1920,1080
FaceShifter/192_134.mp4,FAKE,287,1280,720
FaceShifter/193_030.mp4,FAKE,372,1920,1080
FaceShifter/194_235.mp4,FAKE,567,640,480
FaceShifter/195_442.mp4,FAKE,333,1280,720
FaceShifter/196_310.mp4,FAKE,426,656,480
FaceShifter/197_224.mp4,FAKE,880,640,480
FaceShifter/198_106.mp4,FAKE,392,720,480
FaceShifter/199_181.mp4,FAKE,368,1280,720
FaceShifter/200_189.mp4,FAKE,719,854,480
FaceShifter/201_203.mp4,FAKE,863,656,480
FaceShifter/202_348.mp4,FAKE,323,854,480
FaceShifter/203_201.mp4,FAKE,446,640,480
FaceShifter/204_230.mp4,FAKE,515,960,720
FaceShifter/205_184.mp4,FAKE,307,854,480
FaceShifter/206_221.mp4,FAKE,714,656,480
FaceShifter/207_908.mp4,FAKE,346,1920,1080
FaceShifter/208_215.mp4,FAKE,465,640,480
FaceShifter/209_016.mp4,FAKE,337,854,480
FaceShifter/210_241.mp4,FAKE,839,654,480
FaceShifter/211_177.mp4,FAKE,527,1280,720
FaceShifter/212_179.mp4,FAKE,415,854,480
FaceShifter/213_083.mp4,FAKE,378,1280,720
FaceShifter/214_255.mp4,FAKE,462,854,480
FaceShifter/215_208.mp4,FAKE,588,720,480
FaceShifter/216_164.mp4,FAKE,476,644,480
FaceShifter/217_117.mp4,FAKE,702,1920,1080
FaceShifter/218_239.mp4,FAKE,353,640,480
FaceShifter/219_220.mp4,FAKE,350,1280,720
FaceShifter/220_219.mp4,FAKE,357,720,480
FaceShifter/221_206.mp4,FAKE,718,1280,720
FaceShifter/222_168.mp4,FAKE,407,640,480
FaceShifter/223_586.mp4,FAKE,336,1920,1080
FaceShifter/224_197.mp4,FAKE,488,640,480
FaceShifter/225_151.mp4,FAKE,304,1280,720
FaceShifter/226_491.mp4,FAKE,328,1280,720
FaceShifter/227_169.mp4,FAKE,441,1280,720
FaceShifter/228_289.mp4,FAKE,556,854,480
FaceShifter/229_247.mp4,FAKE,392,854,480
FaceShifter/230_204.mp4,FAKE,372,1280,720
FaceShifter/231_663.mp4,FAKE,573,720,480
FaceShifter/232_248.mp4,FAKE,574,720,480
FaceShifter/233_995.mp4,FAKE,675,1280,720
FaceShifter/234_187.mp4,FAKE,528,1280,720
FaceShifter/235_194.mp4,FAKE,312,854,480
FaceShifter/236_237.mp4,FAKE,651,656,480
FaceShifter/237_236.mp4,FAKE,757,1280,720
FaceShifter/238_282.mp4,FAKE,622,640,480
FaceShifter/239_218.mp4,FAKE,588,640,480
FaceShifter/240_290.mp4,FAKE,1274,720,480
FaceShifter/241_210.mp4,FAKE,292,854,480
FaceShifter/242_182.mp4,FAKE,331,640,480
FaceShifter/243_156.mp4,FAKE,387,1280,720
FaceShifter/244_822.mp4,FAKE,557,1920,1080
FaceShifter/245_157.mp4,FAKE,334,640,480
FaceShifter/246_258.mp4,FAKE,496,1280,720
FaceShifter/247_229.mp4,FAKE,399,656,480
FaceShifter/248_232.mp4,FAKE,496,1280,720
FaceShifter/249_280.mp4,FAKE,632,854,480
FaceShifter/250_461.mp4,FAKE,564,1280,720
FaceShifter/251_375.mp4,FAKE,346,1920,1080
FaceShifter/252_266.mp4,FAKE,572,800,480
FaceShifter/253_183.mp4,FAKE,501,1280,720
FaceShifter/254_261.mp4,FAKE,427,1280,720
FaceShifter/255_214.mp4,FAKE,470,1280,720
FaceShifter/256_146.mp4,FAKE,546,1280,720
FaceShifter/257_420.mp4,FAKE,763,656,480
FaceShifter/258_246.mp4,FAKE,498,1280,720
FaceShifter/259_345.mp4,FAKE,444,640,480
FaceShifter/260_331.mp4,FAKE,302,640,480
FaceShifter/261_254.mp4,FAKE,677,600,480
FaceShifter/262_301.mp4,FAKE,397,600,480
FaceShifter/263_284.mp4,FAKE,300,1280,720
FaceShifter/264_271.mp4,FAKE,455,854,480
FaceShifter/265_475.mp4,FAKE,552,1920,1080
FaceShifter/266_252.mp4,FAKE,465,720,480
FaceShifter/267_286.mp4,FAKE,306,1280,720
FaceShifter/268_269.mp4,FAKE,1465,654,480
FaceShifter/269_268.mp4,FAKE,387,640,480
FaceShifter/270_297.mp4,FAKE,311,656,480
FaceShifter/271_264.mp4,FAKE,490,640,480
FaceShifter/272_396.mp4,FAKE,323,1280,720
FaceShifter/273_807.mp4,FAKE,322,1280,720
FaceShifter/274_412.mp4,FAKE,474,1280,720
FaceShifter/275_887.mp4,FAKE,424,640,480
FaceShifter/276_185.mp4,FAKE,331,656,480
FaceShifter/277_335.mp4,FAKE,966,1280,720
FaceShifter/278_306.mp4,FAKE,449,640,480
FaceShifter/279_298.mp4,FAKE,906,640,480
FaceShifter/280_249.mp4,FAKE,606,854,480
FaceShifter/281_474.mp4,FAKE,309,1280,720
FaceShifter/282_238.mp4,FAKE,594,854,480
FaceShifter/283_313.mp4,FAKE,966,640,480
FaceShifter/284_263.mp4,FAKE,483,1920,1080
FaceShifter/285_136.mp4,FAKE,383,1280,720
FaceShifter/286_267.mp4,FAKE,668,1280,720
FaceShifter/287_426.mp4,FAKE,475,1280,720
FaceShifter/288_321.mp4,FAKE,543,640,480
FaceShifter/289_228.mp4,FAKE,597,720,480
FaceShifter/290_240.mp4,FAKE,422,640,480
FaceShifter/291_874.mp4,FAKE,330,1920,1080
FaceShifter/292_294.mp4,FAKE,425,1280,720
FaceShifter/293_296.mp4,FAKE,758,656,480
FaceShifter/294_292.mp4,FAKE,604,1280,720
FaceShifter/295_099.mp4,FAKE,411,1920,1080
FaceShifter/296_293.mp4,FAKE,336,640,480
FaceShifter/297_270.mp4,FAKE,390,656,480
FaceShifter/298_279.mp4,FAKE,569,640,480
FaceShifter/299_145.mp4,FAKE,314,640,480
FaceShifter/300_304.mp4,FAKE,598,600,480
FaceShifter/301_262.mp4,FAKE,763,640,480
FaceShifter/302_323.mp4,FAKE,875,854,480
FaceShifter/303_309.mp4,FAKE,571,656,480
FaceShifter/304_300.mp4,FAKE,610,640,480
FaceShifter/305_513.mp4,FAKE,843,1280,720
FaceShifter/306_278.mp4,FAKE,728,600,480
FaceShifter/307_365.mp4,FAKE,378,640,480
FaceShifter/308_388.mp4,FAKE,502,1280,720
FaceShifter/309_303.mp4,FAKE,850,600,480
FaceShifter/310_196.mp4,FAKE,375,1280,720
FaceShifter/311_387.mp4,FAKE,368,960,720
FaceShifter/312_021.mp4,FAKE,428,640,480
FaceShifter/313_283.mp4,FAKE,481,654,480
FaceShifter/314_347.mp4,FAKE,413,1280,720
FaceShifter/315_322.mp4,FAKE,304,854,480
FaceShifter/316_369.mp4,FAKE,566,640,480
FaceShifter/317_359.mp4,FAKE,682,640,480
FaceShifter/318_334.mp4,FAKE,475,656,480
FaceShifter/319_352.mp4,FAKE,717,854,480
FaceShifter/320_328.mp4,FAKE,504,1280,720
FaceShifter/321_288.mp4,FAKE,567,640,480
FaceShifter/322_315.mp4,FAKE,313,1280,720
FaceShifter/323_302.mp4,FAKE,456,656,480
FaceShifter/324_356.mp4,FAKE,1249,640,480
FaceShifter/325_492.mp4,FAKE,1421,1280,720
FaceShifter/326_501.mp4,FAKE,914,640,480
FaceShifter/327_329.mp4,FAKE,495,640,480
FaceShifter/328_320.mp4,FAKE,319,1280,720
FaceShifter/329_327.mp4,FAKE,415,654,480
FaceShifter/330_162.mp4,FAKE,407,1280,720
FaceShifter/331_260.mp4,FAKE,469,1280,720
FaceShifter/332_051.mp4,FAKE,695,1280,720
FaceShifter/333_377.mp4,FAKE,429,640,480
FaceShifter/334_318.mp4,FAKE,1339,600,480
FaceShifter/335_277.mp4,FAKE,384,1280,720
FaceShifter/336_338.mp4,FAKE,507,656,480
FaceShifter/337_522.mp4,FAKE,331,640,480
FaceShifter/338_336.mp4,FAKE,889,600,480
FaceShifter/339_392.mp4,FAKE,457,640,480
FaceShifter/340_341.mp4,FAKE,293,1920,1080
FaceShifter/341_340.mp4,FAKE,827,960,720
FaceShifter/342_416.mp4,FAKE,302,1280,720
FaceShifter/343_363.mp4,FAKE,299,656,480
FaceShifter/344_020.mp4,FAKE,631,1280,720
FaceShifter/345_259.mp4,FAKE,423,854,480
FaceShifter/346_351.mp4,FAKE,615,454,480
FaceShifter/347_314.mp4,FAKE,458,854,480
FaceShifter/348_202.mp4,FAKE,414,854,480
FaceShifter/349_350.mp4,FAKE,471,1280,720
FaceShifter/350_349.mp4,FAKE,405,854,480
FaceShifter/351_346.mp4,FAKE,684,640,480
FaceShifter/352_319.mp4,FAKE,421,720,480
FaceShifter/353_383.mp4,FAKE,358,1280,720
FaceShifter/354_362.mp4,FAKE,460,1280,720
FaceShifter/355_748.mp4,FAKE,499,1920,1080
FaceShifter/356_324.mp4,FAKE,558,1280,720
FaceShifter/357_432.mp4,FAKE,346,854,480
FaceShifter/358_380.mp4,FAKE,534,640,480
FaceShifter/359_317.mp4,FAKE,456,640,480
FaceShifter/360_437.mp4,FAKE,385,1280,720
FaceShifter/361_448.mp4,FAKE,455,1280,720
FaceShifter/362_354.mp4,FAKE,455,1280,720
FaceShifter/363_343.mp4,FAKE,473,640,480
FaceShifter/364_440.mp4,FAKE,648,854,480
FaceShifter/365_307.mp4,FAKE,369,640,480
FaceShifter/366_473.mp4,FAKE,404,656,480
FaceShifter/367_371.mp4,FAKE,649,640,480
FaceShifter/368_378.mp4,FAKE,761,640,480
FaceShifter/369_316.mp4,FAKE,320,854,480
FaceShifter/370_483.mp4,FAKE,396,1920,1080
FaceShifter/371_367.mp4,FAKE,718,600,480
FaceShifter/372_413.mp4,FAKE,486,854,480
FaceShifter/373_394.mp4,FAKE,602,1280,720
FaceShifter/374_407.mp4,FAKE,586,1280,720
FaceShifter/375_251.mp4,FAKE,353,1280,720
FaceShifter/376_381.mp4,FAKE,515,1280,720
FaceShifter/377_333.mp4,FAKE,398,640,480
FaceShifter/378_368.mp4,FAKE,761,1280,720
FaceShifter/379_158.mp4,FAKE,341,640,480
FaceShifter/380_358.mp4,FAKE,455,640,480
FaceShifter/381_376.mp4,FAKE,578,656,480
FaceShifter/382_409.mp4,FAKE,313,640,480
FaceShifter/383_353.mp4,FAKE,465,1920,1080
FaceShifter/384_932.mp4,FAKE,462,1920,1080
FaceShifter/385_414.mp4,FAKE,349,1280,720
FaceShifter/386_154.mp4,FAKE,449,1920,1080
FaceShifter/387_311.mp4,FAKE,528,1280,720
FaceShifter/388_308.mp4,FAKE,636,640,480
FaceShifter/389_480.mp4,FAKE,314,1920,1080
FaceShifter/390_709.mp4,FAKE,809,1280,720
FaceShifter/391_406.mp4,FAKE,547,640,480
FaceShifter/392_339.mp4,FAKE,1496,1280,720
FaceShifter/393_405.mp4,FAKE,579,640,480
FaceShifter/394_373.mp4,FAKE,420,1280,720
FaceShifter/395_401.mp4,FAKE,448,1280,720
FaceShifter/396_272.mp4,FAKE,525,1280,720
FaceShifter/397_602.mp4,FAKE,355,1920,1080
FaceShifter/398_457.mp4,FAKE,582,656,480
FaceShifter/399_488.mp4,FAKE,862,1280,720
FaceShifter/400_476.mp4,FAKE,357,1280,720
FaceShifter/401_395.mp4,FAKE,492,1280,720
FaceShifter/402_453.mp4,FAKE,423,1920,1080
FaceShifter/403_497.mp4,FAKE,707,272,480
FaceShifter/404_429.mp4,FAKE,798,1280,720
FaceShifter/405_393.mp4,FAKE,531,640,480
FaceShifter/406_391.mp4,FAKE,512,600,480
FaceShifter/407_374.mp4,FAKE,504,600,480
FaceShifter/408_424.mp4,FAKE,306,720,480
FaceShifter/409_382.mp4,FAKE,361,640,480
FaceShifter/410_411.mp4,FAKE,459,1920,1080
FaceShifter/411_410.mp4,FAKE,529,1920,1080
FaceShifter/412_274.mp4,FAKE,572,1280,720
FaceShifter/413_372.mp4,FAKE,379,640,480
FaceShifter/414_385.mp4,FAKE,587,1920,1080
FaceShifter/415_484.mp4,FAKE,563,720,480
FaceShifter/416_342.mp4,FAKE,313,1280,720
FaceShifter/417_496.mp4,FAKE,861,854,480
FaceShifter/418_507.mp4,FAKE,319,1280,720
FaceShifter/419_824.mp4,FAKE,487,1280,720
FaceShifter/420_257.mp4,FAKE,1126,600,480
FaceShifter/421_423.mp4,FAKE,1038,640,480
FaceShifter/422_695.mp4,FAKE,316,1920,1080
FaceShifter/423_421.mp4,FAKE,1814,598,480
FaceShifter/424_408.mp4,FAKE,311,640,480
FaceShifter/425_485.mp4,FAKE,336,854,480
FaceShifter/426_287.mp4,FAKE,335,1920,1080
FaceShifter/427_637.mp4,FAKE,468,1280,720
FaceShifter/428_466.mp4,FAKE,540,1280,720
FaceShifter/429_404.mp4,FAKE,457,656,480
FaceShifter/430_459.mp4,FAKE,357,1920,1080
FaceShifter/431_447.mp4,FAKE,616,1280,720
FaceShifter/432_357.mp4,FAKE,360,640,480
FaceShifter/433_498.mp4,FAKE,532,1280,720
FaceShifter/434_438.mp4,FAKE,337,854,480
FaceShifter/435_456.mp4,FAKE,476,656,480
FaceShifter/436_526.mp4,FAKE,518,1280,720
FaceShifter/437_360.mp4,FAKE,593,1280,720
FaceShifter/438_434.mp4,FAKE,542,640,480
FaceShifter/439_441.mp4,FAKE,462,640,480
FaceShifter/440_364.mp4,FAKE,419,656,480
FaceShifter/441_439.mp4,FAKE,305,640,480
FaceShifter/442_195.mp4,FAKE,355,1920,1080
FaceShifter/443_514.mp4,FAKE,1146,640,480
FaceShifter/444_655.mp4,FAKE,437,854,480
FaceShifter/445_494.mp4,FAKE,1053,1280,720
FaceShifter/446_667.mp4,FAKE,423,1920,1080
FaceShifter/447_431.mp4,FAKE,326,654,480
FaceShifter/448_361.mp4,FAKE,528,1280,720
FaceShifter/449_451.mp4,FAKE,306,1280,720
FaceShifter/450_533.mp4,FAKE,774,1920,1080
FaceShifter/451_449.mp4,FAKE,383,1280,720
FaceShifter/452_550.mp4,FAKE,606,640,480
FaceShifter/453_402.mp4,FAKE,645,1280,718
FaceShifter/454_527.mp4,FAKE,384,854,480
FaceShifter/455_471.mp4,FAKE,370,656,480
FaceShifter/456_435.mp4,FAKE,608,1280,720
FaceShifter/457_398.mp4,FAKE,528,640,480
FaceShifter/458_722.mp4,FAKE,351,854,480
FaceShifter/459_430.mp4,FAKE,526,1920,1080
FaceShifter/460_678.mp4,FAKE,640,1280,720
FaceShifter/461_250.mp4,FAKE,612,1280,720
FaceShifter/462_467.mp4,FAKE,585,640,480
FaceShifter/463_464.mp4,FAKE,315,636,480
FaceShifter/464_463.mp4,FAKE,404,640,480
FaceShifter/465_482.mp4,FAKE,329,1280,720
FaceShifter/466_428.mp4,FAKE,334,1280,720
FaceShifter/467_462.mp4,FAKE,423,640,480
FaceShifter/468_470.mp4,FAKE,597,600,480
FaceShifter/469_481.mp4,FAKE,414,854,480
FaceShifter/470_468.mp4,FAKE,905,642,480
FaceShifter/471_455.mp4,FAKE,540,640,480
FaceShifter/472_511.mp4,FAKE,479,640,480
FaceShifter/473_366.mp4,FAKE,574,640,480
FaceShifter/474_281.mp4,FAKE,296,640,480
FaceShifter/475_265.mp4,FAKE,337,1280,720
FaceShifter/476_400.mp4,FAKE,310,640,480
FaceShifter/477_487.mp4,FAKE,365,1264,720
FaceShifter/478_506.mp4,FAKE,749,640,480
FaceShifter/479_706.mp4,FAKE,488,1920,1080
FaceShifter/480_389.mp4,FAKE,485,1280,720
FaceShifter/481_469.mp4,FAKE,414,1280,720
FaceShifter/482_465.mp4,FAKE,354,640,480
FaceShifter/483_370.mp4,FAKE,375,1280,720
FaceShifter/484_415.mp4,FAKE,319,654,480
FaceShifter/485_425.mp4,FAKE,803,854,480
FaceShifter/486_680.mp4,FAKE,564,640,480
FaceShifter/487_477.mp4,FAKE,319,1280,720
FaceShifter/488_399.mp4,FAKE,518,854,480
FaceShifter/489_022.mp4,FAKE,566,1280,720
FaceShifter/490_534.mp4,FAKE,635,1920,1080
FaceShifter/491_226.mp4,FAKE,427,1920,1080
FaceShifter/492_325.mp4,FAKE,347,1280,720
FaceShifter/493_538.mp4,FAKE,395,640,480
FaceShifter/494_445.mp4,FAKE,802,1280,720
FaceShifter/495_512.mp4,FAKE,573,640,480
FaceShifter/496_417.mp4,FAKE,1496,640,480
FaceShifter/497_403.mp4,FAKE,621,854,480
FaceShifter/498_433.mp4,FAKE,317,854,480
FaceShifter/499_539.mp4,FAKE,514,1280,720
FaceShifter/500_592.mp4,FAKE,292,1920,1080
FaceShifter/501_326.mp4,FAKE,522,600,480
FaceShifter/502_504.mp4,FAKE,317,1280,720
FaceShifter/503_756.mp4,FAKE,674,640,480
FaceShifter/504_502.mp4,FAKE,317,1280,720
FaceShifter/505_600.mp4,FAKE,543,654,480
FaceShifter/506_478.mp4,FAKE,668,854,480
FaceShifter/507_418.mp4,FAKE,469,1920,1080
FaceShifter/508_831.mp4,FAKE,603,1920,1080
FaceShifter/509_525.mp4,FAKE,563,640,480
FaceShifter/510_528.mp4,FAKE,340,854,480
FaceShifter/511_472.mp4,FAKE,809,640,480
FaceShifter/512_495.mp4,FAKE,750,640,480
FaceShifter/513_305.mp4,FAKE,494,1280,720
FaceShifter/514_443.mp4,FAKE,361,640,480
FaceShifter/515_519.mp4,FAKE,766,640,480
FaceShifter/516_555.mp4,FAKE,354,1920,1080
FaceShifter/517_521.mp4,FAKE,373,654,480
FaceShifter/518_131.mp4,FAKE,295,854,480
FaceShifter/519_515.mp4,FAKE,751,640,480
FaceShifter/520_542.mp4,FAKE,350,1280,720
FaceShifter/521_517.mp4,FAKE,304,640,480
FaceShifter/522_337.mp4,FAKE,713,602,480
FaceShifter/523_541.mp4,FAKE,375,854,480
FaceShifter/524_580.mp4,FAKE,527,854,480
FaceShifter/525_509.mp4,FAKE,517,854,480
FaceShifter/526_436.mp4,FAKE,838,1280,720
FaceShifter/527_454.mp4,FAKE,342,1280,720
FaceShifter/528_510.mp4,FAKE,377,720,480
FaceShifter/529_633.mp4,FAKE,335,1920,1080
FaceShifter/530_594.mp4,FAKE,716,1280,720
FaceShifter/531_549.mp4,FAKE,319,640,480
FaceShifter/532_544.mp4,FAKE,391,1280,720
FaceShifter/533_450.mp4,FAKE,558,1920,1080
FaceShifter/534_490.mp4,FAKE,384,1280,720
FaceShifter/535_587.mp4,FAKE,667,640,480
FaceShifter/536_540.mp4,FAKE,603,1280,720
FaceShifter/537_563.mp4,FAKE,385,1280,720
FaceShifter/538_493.mp4,FAKE,596,854,480
FaceShifter/539_499.mp4,FAKE,313,640,480
FaceShifter/540_536.mp4,FAKE,957,1280,720
FaceShifter/541_523.mp4,FAKE,390,642,480
FaceShifter/542_520.mp4,FAKE,320,1280,720
FaceShifter/543_559.mp4,FAKE,718,656,480
FaceShifter/544_532.mp4,FAKE,355,1280,720
FaceShifter/545_553.mp4,FAKE,436,640,480
FaceShifter/546_621.mp4,FAKE,714,854,480
FaceShifter/547_574.mp4,FAKE,496,1920,1080
FaceShifter/548_632.mp4,FAKE,573,1280,720
FaceShifter/549_531.mp4,FAKE,624,1280,720
FaceShifter/550_452.mp4,FAKE,444,640,480
FaceShifter/551_631.mp4,FAKE,727,1280,720
FaceShifter/552_851.mp4,FAKE,303,1280,720
FaceShifter/553_545.mp4,FAKE,364,640,480
FaceShifter/554_572.mp4,FAKE,828,1280,720
FaceShifter/555_516.mp4,FAKE,572,1920,1080
FaceShifter/556_588.mp4,FAKE,372,640,480
FaceShifter/557_560.mp4,FAKE,509,854,480
FaceShifter/558_583.mp4,FAKE,535,1280,720
FaceShifter/559_543.mp4,FAKE,334,1280,720
FaceShifter/560_557.mp4,FAKE,349,640,480
FaceShifter/561_998.mp4,FAKE,416,1920,1080
FaceShifter/562_626.mp4,FAKE,467,1280,720
FaceShifter/563_537.mp4,FAKE,390,640,480
FaceShifter/564_971.mp4,FAKE,648,1920,1080
FaceShifter/565_589.mp4,FAKE,430,656,480
FaceShifter/566_617.mp4,FAKE,723,854,480
FaceShifter/567_606.mp4,FAKE,340,854,480
FaceShifter/568_628.mp4,FAKE,570,640,480
FaceShifter/569_921.mp4,FAKE,335,1920,1080
FaceShifter/570_624.mp4,FAKE,430,1280,720
FaceShifter/571_746.mp4,FAKE,576,1280,720
FaceShifter/572_554.mp4,FAKE,347,1280,720
FaceShifter/573_757.mp4,FAKE,613,1280,720
FaceShifter/574_547.mp4,FAKE,507,656,480
FaceShifter/575_603.mp4,FAKE,557,1280,720
FaceShifter/576_155.mp4,FAKE,461,1280,720
FaceShifter/577_593.mp4,FAKE,344,1920,1080
FaceShifter/578_636.mp4,FAKE,564,1280,720
FaceShifter/579_701.mp4,FAKE,476,1920,1080
FaceShifter/580_524.mp4,FAKE,292,1280,720
FaceShifter/581_697.mp4,FAKE,382,1920,1080
FaceShifter/582_172.mp4,FAKE,431,654,480
FaceShifter/583_558.mp4,FAKE,475,1280,720
FaceShifter/584_823.mp4,FAKE,475,1280,720
FaceShifter/585_599.mp4,FAKE,359,1280,720
FaceShifter/586_223.mp4,FAKE,379,1920,1080
FaceShifter/587_535.mp4,FAKE,626,640,480
FaceShifter/588_556.mp4,FAKE,544,854,480
FaceShifter/589_565.mp4,FAKE,686,640,480
FaceShifter/590_034.mp4,FAKE,600,1920,1080
FaceShifter/591_605.mp4,FAKE,541,1280,720
FaceShifter/592_500.mp4,FAKE,383,854,480
FaceShifter/593_577.mp4,FAKE,535,1920,1080
FaceShifter/594_530.mp4,FAKE,294,1280,720
FaceShifter/595_597.mp4,FAKE,565,1280,720
FaceShifter/596_609.mp4,FAKE,557,600,480
FaceShifter/597_595.mp4,FAKE,297,640,480
FaceShifter/598_178.mp4,FAKE,686,640,480
FaceShifter/599_585.mp4,FAKE,398,1280,720
FaceShifter/600_505.mp4,FAKE,388,640,480
FaceShifter/601_653.mp4,FAKE,364,654,480
FaceShifter/602_397.mp4,FAKE,667,1920,1080
FaceShifter/603_575.mp4,FAKE,296,1280,720
FaceShifter/604_703.mp4,FAKE,825,1280,720
FaceShifter/605_591.mp4,FAKE,664,848,480
FaceShifter/606_567.mp4,FAKE,387,848,480
FaceShifter/607_683.mp4,FAKE,454,1920,1080
FaceShifter/608_675.mp4,FAKE,1205,600,480
FaceShifter/609_596.mp4,FAKE,489,600,480
FaceShifter/610_692.mp4,FAKE,394,1280,720
FaceShifter/611_760.mp4,FAKE,645,640,480
FaceShifter/612_702.mp4,FAKE,420,1280,720
FaceShifter/613_685.mp4,FAKE,415,1280,720
FaceShifter/614_616.mp4,FAKE,507,1280,720
FaceShifter/615_687.mp4,FAKE,452,1280,720
FaceShifter/616_614.mp4,FAKE,663,640,480
FaceShifter/617_566.mp4,FAKE,312,854,480
FaceShifter/618_629.mp4,FAKE,382,1280,720
FaceShifter/619_620.mp4,FAKE,305,1280,720
FaceShifter/620_619.mp4,FAKE,628,1920,1080
FaceShifter/621_546.mp4,FAKE,370,1280,720
FaceShifter/622_647.mp4,FAKE,371,1280,720
FaceShifter/623_630.mp4,FAKE,352,640,480
FaceShifter/624_570.mp4,FAKE,350,854,480
FaceShifter/625_650.mp4,FAKE,332,640,480
FaceShifter/626_562.mp4,FAKE,975,854,480
FaceShifter/627_658.mp4,FAKE,374,600,480
FaceShifter/628_568.mp4,FAKE,895,640,480
FaceShifter/629_618.mp4,FAKE,990,1280,720
FaceShifter/630_623.mp4,FAKE,423,640,480
FaceShifter/631_551.mp4,FAKE,424,656,480
FaceShifter/632_548.mp4,FAKE,427,1920,1080
FaceShifter/633_529.mp4,FAKE,512,1280,720
FaceShifter/634_660.mp4,FAKE,338,1280,720
FaceShifter/635_642.mp4,FAKE,764,854,480
FaceShifter/636_578.mp4,FAKE,335,640,480
FaceShifter/637_427.mp4,FAKE,510,1280,720
FaceShifter/638_640.mp4,FAKE,698,1280,720
FaceShifter/639_841.mp4,FAKE,662,1280,720
FaceShifter/640_638.mp4,FAKE,306,1280,720
FaceShifter/641_662.mp4,FAKE,350,1280,720
FaceShifter/642_635.mp4,FAKE,573,656,480
FaceShifter/643_646.mp4,FAKE,364,1280,720
FaceShifter/644_657.mp4,FAKE,413,854,480
FaceShifter/645_688.mp4,FAKE,554,1920,1080
FaceShifter/646_643.mp4,FAKE,440,640,480
FaceShifter/647_622.mp4,FAKE,699,1920,1080
FaceShifter/648_654.mp4,FAKE,471,1280,720
FaceShifter/649_816.mp4,FAKE,930,1280,720
FaceShifter/650_625.mp4,FAKE,693,656,480
FaceShifter/651_835.mp4,FAKE,380,1280,720
FaceShifter/652_773.mp4,FAKE,456,1280,720
FaceShifter/653_601.mp4,FAKE,731,654,480
FaceShifter/654_648.mp4,FAKE,410,640,480
FaceShifter/655_444.mp4,FAKE,678,640,480
FaceShifter/656_666.mp4,FAKE,505,640,480
FaceShifter/657_644.mp4,FAKE,546,656,480
FaceShifter/658_627.mp4,FAKE,404,656,480
FaceShifter/659_749.mp4,FAKE,1001,640,480
FaceShifter/660_634.mp4,FAKE,340,1280,720
FaceShifter/661_670.mp4,FAKE,513,1280,720
FaceShifter/662_641.mp4,FAKE,496,1280,720
FaceShifter/663_231.mp4,FAKE,316,640,480
FaceShifter/664_668.mp4,FAKE,293,1280,720
FaceShifter/665_679.mp4,FAKE,324,640,480
FaceShifter/666_656.mp4,FAKE,383,640,480
FaceShifter/667_446.mp4,FAKE,469,1920,1080
FaceShifter/668_664.mp4,FAKE,398,654,480
FaceShifter/669_682.mp4,FAKE,489,640,480
FaceShifter/670_661.mp4,FAKE,481,640,480
FaceShifter/671_677.mp4,FAKE,343,1280,720
FaceShifter/672_720.mp4,FAKE,541,1280,720
FaceShifter/673_728.mp4,FAKE,592,640,480
FaceShifter/674_744.mp4,FAKE,367,640,480
FaceShifter/675_608.mp4,FAKE,421,600,480
FaceShifter/676_776.mp4,FAKE,515,1280,720
FaceShifter/677_671.mp4,FAKE,314,1280,720
FaceShifter/678_460.mp4,FAKE,400,1920,1080
FaceShifter/679_665.mp4,FAKE,416,656,480
FaceShifter/680_486.mp4,FAKE,300,656,480
FaceShifter/681_711.mp4,FAKE,840,1280,720
FaceShifter/682_669.mp4,FAKE,965,600,480
FaceShifter/683_607.mp4,FAKE,302,1920,1080
FaceShifter/684_717.mp4,FAKE,497,1920,1080
FaceShifter/685_613.mp4,FAKE,522,1280,720
FaceShifter/686_696.mp4,FAKE,342,1280,720
FaceShifter/687_615.mp4,FAKE,469,1280,720
FaceShifter/688_645.mp4,FAKE,571,1280,720
FaceShifter/689_690.mp4,FAKE,455,640,480
FaceShifter/690_689.mp4,FAKE,331,854,480
FaceShifter/691_732.mp4,FAKE,540,1280,720
FaceShifter/692_610.mp4,FAKE,354,1280,720
FaceShifter/693_698.mp4,FAKE,595,656,480
FaceShifter/694_767.mp4,FAKE,299,854,480
FaceShifter/695_422.mp4,FAKE,310,1920,1080
FaceShifter/696_686.mp4,FAKE,405,656,480
FaceShifter/697_581.mp4,FAKE,465,1280,720
FaceShifter/698_693.mp4,FAKE,304,656,480
FaceShifter/699_734.mp4,FAKE,524,600,480
FaceShifter/700_813.mp4,FAKE,333,1280,720
FaceShifter/701_579.mp4,FAKE,393,1920,1080
FaceShifter/702_612.mp4,FAKE,749,1280,720
FaceShifter/703_604.mp4,FAKE,375,1280,720
FaceShifter/704_723.mp4,FAKE,450,600,480
FaceShifter/705_707.mp4,FAKE,473,854,480
FaceShifter/706_479.mp4,FAKE,328,1920,1080
FaceShifter/707_705.mp4,FAKE,1034,854,480
FaceShifter/708_772.mp4,FAKE,549,1920,1080
FaceShifter/709_390.mp4,FAKE,300,1920,1080
FaceShifter/710_788.mp4,FAKE,378,854,480
FaceShifter/711_681.mp4,FAKE,292,1920,1080
FaceShifter/712_716.mp4,FAKE,550,1280,720
FaceShifter/713_726.mp4,FAKE,527,1920,1080
FaceShifter/714_842.mp4,FAKE,560,1280,720
FaceShifter/715_721.mp4,FAKE,856,640,480
FaceShifter/716_712.mp4,FAKE,628,600,480
FaceShifter/717_684.mp4,FAKE,374,1280,720
FaceShifter/718_972.mp4,FAKE,578,1920,1080
FaceShifter/719_737.mp4,FAKE,402,640,480
FaceShifter/720_672.mp4,FAKE,564,656,480
FaceShifter/721_715.mp4,FAKE,581,600,480
FaceShifter/722_458.mp4,FAKE,396,1920,1080
FaceShifter/723_704.mp4,FAKE,730,854,480
FaceShifter/724_725.mp4,FAKE,600,1920,1080
FaceShifter/725_724.mp4,FAKE,699,1280,720
FaceShifter/726_713.mp4,FAKE,410,1920,1080
FaceShifter/727_729.mp4,FAKE,554,640,480
FaceShifter/728_673.mp4,FAKE,568,640,480
FaceShifter/729_727.mp4,FAKE,636,656,480
FaceShifter/730_815.mp4,FAKE,719,1280,720
FaceShifter/731_741.mp4,FAKE,778,600,480
FaceShifter/732_691.mp4,FAKE,426,600,480
FaceShifter/733_935.mp4,FAKE,518,1280,720
FaceShifter/734_699.mp4,FAKE,1098,656,480
FaceShifter/735_774.mp4,FAKE,802,640,480
FaceShifter/736_785.mp4,FAKE,414,640,480
FaceShifter/737_719.mp4,FAKE,369,640,480
FaceShifter/738_804.mp4,FAKE,417,1280,720
FaceShifter/739_865.mp4,FAKE,304,1280,720
FaceShifter/740_796.mp4,FAKE,348,1920,1080
FaceShifter/741_731.mp4,FAKE,370,640,480
FaceShifter/742_775.mp4,FAKE,623,640,480
FaceShifter/743_750.mp4,FAKE,311,1280,720
FaceShifter/744_674.mp4,FAKE,294,640,480
FaceShifter/745_777.mp4,FAKE,569,854,480
FaceShifter/746_571.mp4,FAKE,493,1280,720
FaceShifter/747_854.mp4,FAKE,470,1280,720
FaceShifter/748_355.mp4,FAKE,318,1280,720
FaceShifter/749_659.mp4,FAKE,693,854,480
FaceShifter/750_743.mp4,FAKE,441,1920,1080
FaceShifter/751_752.mp4,FAKE,331,640,480
FaceShifter/752_751.mp4,FAKE,1016,1280,720
FaceShifter/753_789.mp4,FAKE,686,1920,1080
FaceShifter/754_758.mp4,FAKE,401,1280,720
FaceShifter/755_759.mp4,FAKE,336,854,480
FaceShifter/756_503.mp4,FAKE,570,854,480
FaceShifter/757_573.mp4,FAKE,441,1280,720
FaceShifter/758_754.mp4,FAKE,391,640,480
FaceShifter/759_755.mp4,FAKE,434,1920,1080
FaceShifter/760_611.mp4,FAKE,306,854,480
FaceShifter/761_766.mp4,FAKE,343,640,480
FaceShifter/762_832.mp4,FAKE,416,640,480
FaceShifter/763_930.mp4,FAKE,812,854,480
FaceShifter/764_850.mp4,FAKE,369,1440,1080
FaceShifter/765_867.mp4,FAKE,388,640,480
FaceShifter/766_761.mp4,FAKE,860,640,480
FaceShifter/767_694.mp4,FAKE,407,640,480
FaceShifter/768_793.mp4,FAKE,330,1280,720
FaceShifter/769_784.mp4,FAKE,484,1280,720
FaceShifter/770_791.mp4,FAKE,653,1280,720
FaceShifter/771_849.mp4,FAKE,634,656,480
FaceShifter/772_708.mp4,FAKE,341,1280,720
FaceShifter/773_652.mp4,FAKE,579,1280,720
FaceShifter/774_735.mp4,FAKE,313,640,480
FaceShifter/775_742.mp4,FAKE,559,640,480
FaceShifter/776_676.mp4,FAKE,331,1920,1080
FaceShifter/777_745.mp4,FAKE,325,640,480
FaceShifter/778_798.mp4,FAKE,328,1280,720
FaceShifter/779_794.mp4,FAKE,306,1280,720
FaceShifter/780_869.mp4,FAKE,402,1280,720
FaceShifter/781_806.mp4,FAKE,475,640,480
FaceShifter/782_787.mp4,FAKE,556,600,480
FaceShifter/783_916.mp4,FAKE,403,1280,720
FaceShifter/784_769.mp4,FAKE,557,640,480
FaceShifter/785_736.mp4,FAKE,413,640,480
FaceShifter/786_819.mp4,FAKE,520,1920,1080
FaceShifter/787_782.mp4,FAKE,502,656,480
FaceShifter/788_710.mp4,FAKE,534,656,480
FaceShifter/789_753.mp4,FAKE,567,1920,1080
FaceShifter/790_014.mp4,FAKE,690,1280,720
FaceShifter/791_770.mp4,FAKE,333,720,480
FaceShifter/792_903.mp4,FAKE,383,640,480
FaceShifter/793_768.mp4,FAKE,590,1280,720
FaceShifter/794_779.mp4,FAKE,879,1280,720
FaceShifter/795_907.mp4,FAKE,550,1280,720
FaceShifter/796_740.mp4,FAKE,1001,1280,720
FaceShifter/797_844.mp4,FAKE,434,640,480
FaceShifter/798_778.mp4,FAKE,371,1920,1080
FaceShifter/799_809.mp4,FAKE,1227,1280,720
FaceShifter/800_840.mp4,FAKE,338,1280,720
FaceShifter/801_855.mp4,FAKE,444,640,480
FaceShifter/802_885.mp4,FAKE,351,656,480
FaceShifter/803_017.mp4,FAKE,297,854,480
FaceShifter/804_738.mp4,FAKE,359,854,480
FaceShifter/805_011.mp4,FAKE,411,1280,720
FaceShifter/806_781.mp4,FAKE,301,640,480
FaceShifter/807_273.mp4,FAKE,650,1920,1080
FaceShifter/808_829.mp4,FAKE,637,1280,720
FaceShifter/809_799.mp4,FAKE,367,656,480
FaceShifter/810_838.mp4,FAKE,1052,1280,720
FaceShifter/811_920.mp4,FAKE,542,1280,720
FaceShifter/812_821.mp4,FAKE,433,720,480
FaceShifter/813_700.mp4,FAKE,360,1280,720
FaceShifter/814_871.mp4,FAKE,550,1280,720
FaceShifter/815_730.mp4,FAKE,452,1280,720
FaceShifter/816_649.mp4,FAKE,411,640,480
FaceShifter/817_827.mp4,FAKE,419,1280,720
FaceShifter/818_820.mp4,FAKE,466,1280,720
FaceShifter/819_786.mp4,FAKE,927,1920,1080
FaceShifter/820_818.mp4,FAKE,665,1280,720
FaceShifter/821_812.mp4,FAKE,423,712,480
FaceShifter/822_244.mp4,FAKE,297,1920,1080
FaceShifter/823_584.mp4,FAKE,672,1280,720
FaceShifter/824_419.mp4,FAKE,577,1280,720
FaceShifter/825_074.mp4,FAKE,547,854,480
FaceShifter/826_833.mp4,FAKE,355,1280,720
FaceShifter/827_817.mp4,FAKE,311,640,480
FaceShifter/828_830.mp4,FAKE,319,640,480
FaceShifter/829_808.mp4,FAKE,801,1274,720
FaceShifter/830_828.mp4,FAKE,511,600,480
FaceShifter/831_508.mp4,FAKE,327,1920,1080
FaceShifter/832_762.mp4,FAKE,553,600,480
FaceShifter/833_826.mp4,FAKE,600,1920,1080
FaceShifter/834_852.mp4,FAKE,303,720,480
FaceShifter/835_651.mp4,FAKE,426,1920,1080
FaceShifter/836_950.mp4,FAKE,343,1280,720
FaceShifter/837_890.mp4,FAKE,443,1280,720
FaceShifter/838_810.mp4,FAKE,457,1280,720
FaceShifter/839_864.mp4,FAKE,385,640,480
FaceShifter/840_800.mp4,FAKE,840,654,480
FaceShifter/841_639.mp4,FAKE,519,854,480
FaceShifter/842_714.mp4,FAKE,447,656,480
FaceShifter/843_859.mp4,FAKE,318,854,480
FaceShifter/844_797.mp4,FAKE,852,640,480
FaceShifter/845_846.mp4,FAKE,356,854,480
FaceShifter/846_845.mp4,FAKE,353,656,480
FaceShifter/847_906.mp4,FAKE,301,1280,720
FaceShifter/848_894.mp4,FAKE,360,1920,1080
FaceShifter/849_771.mp4,FAKE,322,640,480
FaceShifter/850_764.mp4,FAKE,612,810,480
FaceShifter/851_552.mp4,FAKE,833,1280,720
FaceShifter/852_834.mp4,FAKE,427,640,480
FaceShifter/853_863.mp4,FAKE,616,1280,720
FaceShifter/854_747.mp4,FAKE,294,1280,720
FaceShifter/855_801.mp4,FAKE,630,640,480
FaceShifter/856_881.mp4,FAKE,1103,1280,720
FaceShifter/857_909.mp4,FAKE,640,640,480
FaceShifter/858_861.mp4,FAKE,483,656,480
FaceShifter/859_843.mp4,FAKE,333,640,480
FaceShifter/860_905.mp4,FAKE,459,1920,1080
FaceShifter/861_858.mp4,FAKE,594,654,480
FaceShifter/862_047.mp4,FAKE,470,1280,720
FaceShifter/863_853.mp4,FAKE,513,1280,720
FaceShifter/864_839.mp4,FAKE,326,600,480
FaceShifter/865_739.mp4,FAKE,347,1920,1080
FaceShifter/866_878.mp4,FAKE,509,1920,1080
FaceShifter/867_765.mp4,FAKE,1489,720,480
FaceShifter/868_949.mp4,FAKE,431,654,480
FaceShifter/869_780.mp4,FAKE,333,1920,1080
FaceShifter/870_001.mp4,FAKE,604,1280,720
FaceShifter/871_814.mp4,FAKE,348,854,480
FaceShifter/872_873.mp4,FAKE,474,640,480
FaceShifter/873_872.mp4,FAKE,884,1280,720
FaceShifter/874_291.mp4,FAKE,469,1920,1080
FaceShifter/875_979.mp4,FAKE,422,1280,720
FaceShifter/876_891.mp4,FAKE,313,1280,720
FaceShifter/877_886.mp4,FAKE,570,1280,720
FaceShifter/878_866.mp4,FAKE,736,1280,720
FaceShifter/879_963.mp4,FAKE,839,854,480
FaceShifter/880_135.mp4,FAKE,435,1920,1080
FaceShifter/881_856.mp4,FAKE,638,720,480
FaceShifter/882_952.mp4,FAKE,333,1920,1080
FaceShifter/883_013.mp4,FAKE,433,960,720
FaceShifter/884_968.mp4,FAKE,343,960,720
FaceShifter/885_802.mp4,FAKE,329,640,480
FaceShifter/886_877.mp4,FAKE,525,640,480
FaceShifter/887_275.mp4,FAKE,339,658,480
FaceShifter/888_937.mp4,FAKE,307,640,480
FaceShifter/889_045.mp4,FAKE,329,1920,1080
FaceShifter/890_837.mp4,FAKE,341,854,480
FaceShifter/891_876.mp4,FAKE,296,1280,720
FaceShifter/892_112.mp4,FAKE,311,1920,1080
FaceShifter/893_913.mp4,FAKE,537,854,480
FaceShifter/894_848.mp4,FAKE,328,1920,1080
FaceShifter/895_915.mp4,FAKE,294,854,480
FaceShifter/896_128.mp4,FAKE,531,640,480
FaceShifter/897_969.mp4,FAKE,333,656,480
FaceShifter/898_922.mp4,FAKE,349,640,480
FaceShifter/899_914.mp4,FAKE,560,640,480
FaceShifter/900_926.mp4,FAKE,341,640,480
FaceShifter/901_902.mp4,FAKE,523,1280,720
FaceShifter/902_901.mp4,FAKE,295,1280,720
FaceShifter/903_792.mp4,FAKE,567,598,480
FaceShifter/904_046.mp4,FAKE,359,1920,1080
FaceShifter/905_860.mp4,FAKE,382,960,720
FaceShifter/906_847.mp4,FAKE,389,1920,1080
FaceShifter/907_795.mp4,FAKE,525,1280,720
FaceShifter/908_207.mp4,FAKE,667,1920,1080
FaceShifter/909_857.mp4,FAKE,637,640,480
FaceShifter/910_911.mp4,FAKE,292,1280,720
FaceShifter/911_910.mp4,FAKE,329,1280,720
FaceShifter/912_927.mp4,FAKE,647,640,480
FaceShifter/913_893.mp4,FAKE,634,632,480
FaceShifter/914_899.mp4,FAKE,307,640,480
FaceShifter/915_895.mp4,FAKE,352,1280,720
FaceShifter/916_783.mp4,FAKE,484,1280,720
FaceShifter/917_924.mp4,FAKE,448,656,480
FaceShifter/918_934.mp4,FAKE,472,978,720
FaceShifter/919_015.mp4,FAKE,534,640,480
FaceShifter/920_811.mp4,FAKE,371,1920,1080
FaceShifter/921_569.mp4,FAKE,296,1920,1080
FaceShifter/922_898.mp4,FAKE,616,640,480
FaceShifter/923_023.mp4,FAKE,602,1280,720
FaceShifter/924_917.mp4,FAKE,1248,600,480
FaceShifter/925_933.mp4,FAKE,356,1280,720
FaceShifter/926_900.mp4,FAKE,333,640,480
FaceShifter/927_912.mp4,FAKE,697,640,480
FaceShifter/928_160.mp4,FAKE,376,1280,720
FaceShifter/929_962.mp4,FAKE,462,656,480
FaceShifter/930_763.mp4,FAKE,448,640,480
FaceShifter/931_936.mp4,FAKE,319,640,480
FaceShifter/932_384.mp4,FAKE,484,1280,720
FaceShifter/933_925.mp4,FAKE,494,1280,720
FaceShifter/934_918.mp4,FAKE,377,1280,720
FaceShifter/935_733.mp4,FAKE,540,1920,1080
FaceShifter/936_931.mp4,FAKE,297,656,480
FaceShifter/937_888.mp4,FAKE,455,640,480
FaceShifter/938_987.mp4,FAKE,369,640,480
FaceShifter/939_115.mp4,FAKE,511,640,480
FaceShifter/940_941.mp4,FAKE,309,640,480
FaceShifter/941_940.mp4,FAKE,494,854,480
FaceShifter/942_943.mp4,FAKE,495,1280,720
FaceShifter/943_942.mp4,FAKE,470,1280,720
FaceShifter/944_032.mp4,FAKE,342,720,480
FaceShifter/945_044.mp4,FAKE,761,1280,720
FaceShifter/946_049.mp4,FAKE,462,1280,720
FaceShifter/947_951.mp4,FAKE,641,1280,720
FaceShifter/948_965.mp4,FAKE,434,1920,1080
FaceShifter/949_868.mp4,FAKE,686,640,480
FaceShifter/950_836.mp4,FAKE,763,1920,1080
FaceShifter/951_947.mp4,FAKE,1176,1280,720
FaceShifter/952_882.mp4,FAKE,700,1280,720
FaceShifter/953_974.mp4,FAKE,351,1280,720
FaceShifter/954_976.mp4,FAKE,376,640,480
FaceShifter/955_078.mp4,FAKE,531,640,480
FaceShifter/956_958.mp4,FAKE,542,854,480
FaceShifter/957_959.mp4,FAKE,418,1920,1080
FaceShifter/958_956.mp4,FAKE,392,720,480
FaceShifter/959_957.mp4,FAKE,482,1920,1080
FaceShifter/960_999.mp4,FAKE,345,1280,720
FaceShifter/961_069.mp4,FAKE,323,1280,720
FaceShifter/962_929.mp4,FAKE,460,640,480
FaceShifter/963_879.mp4,FAKE,692,854,480
FaceShifter/964_174.mp4,FAKE,451,654,480
FaceShifter/965_948.mp4,FAKE,348,1920,1080
FaceShifter/966_988.mp4,FAKE,364,640,480
FaceShifter/967_984.mp4,FAKE,412,1280,720
FaceShifter/968_884.mp4,FAKE,300,1280,720
FaceShifter/969_897.mp4,FAKE,356,656,480
FaceShifter/970_973.mp4,FAKE,476,656,480
FaceShifter/971_564.mp4,FAKE,354,1920,1080
FaceShifter/972_718.mp4,FAKE,311,1920,1080
FaceShifter/973_970.mp4,FAKE,533,600,480
FaceShifter/974_953.mp4,FAKE,318,600,480
FaceShifter/975_978.mp4,FAKE,304,1280,720
FaceShifter/976_954.mp4,FAKE,328,854,480
FaceShifter/977_075.mp4,FAKE,651,854,480
FaceShifter/978_975.mp4,FAKE,757,1280,720
FaceShifter/979_875.mp4,FAKE,335,1280,720
FaceShifter/980_992.mp4,FAKE,383,656,480
FaceShifter/981_985.mp4,FAKE,372,600,480
FaceShifter/982_004.mp4,FAKE,845,854,480
FaceShifter/983_113.mp4,FAKE,406,854,480
FaceShifter/984_967.mp4,FAKE,339,1280,720
FaceShifter/985_981.mp4,FAKE,343,640,480
FaceShifter/986_994.mp4,FAKE,828,1280,720
FaceShifter/987_938.mp4,FAKE,575,600,480
FaceShifter/988_966.mp4,FAKE,455,600,480
FaceShifter/989_993.mp4,FAKE,960,656,480
FaceShifter/990_008.mp4,FAKE,305,854,480
FaceShifter/991_064.mp4,FAKE,402,640,480
FaceShifter/992_980.mp4,FAKE,718,600,480
FaceShifter/993_989.mp4,FAKE,409,640,480
FaceShifter/994_986.mp4,FAKE,316,640,480
FaceShifter/995_233.mp4,FAKE,548,640,480
FaceShifter/996_056.mp4,FAKE,312,720,480
FaceShifter/997_040.mp4,FAKE,438,600,480
FaceShifter/998_561.mp4,FAKE,344,1280,720
FaceShifter/999_960.mp4,FAKE,335,640,480
NeuralTextures/000_003.mp4,FAKE,303,640,480
NeuralTextures/001_870.mp4,FAKE,460,1280,720
NeuralTextures/002_006.mp4,FAKE,310,1280,720
NeuralTextures/003_000.mp4,FAKE,303,640,480
NeuralTextures/004_982.mp4,FAKE,309,1280,720
NeuralTextures/005_010.mp4,FAKE,385,704,480
NeuralTextures/006_002.mp4,FAKE,310,1280,720
NeuralTextures/007_132.mp4,FAKE,413,576,480
NeuralTextures/008_990.mp4,FAKE,305,640,480
NeuralTextures/009_027.mp4,FAKE,315,640,480
NeuralTextures/010_005.mp4,FAKE,385,640,480
NeuralTextures/011_805.mp4,FAKE,411,1280,720
NeuralTextures/012_026.mp4,FAKE,322,640,480
NeuralTextures/013_883.mp4,FAKE,332,640,480
NeuralTextures/014_790.mp4,FAKE,676,640,480
NeuralTextures/015_919.mp4,FAKE,437,640,480
NeuralTextures/016_209.mp4,FAKE,337,640,480
NeuralTextures/017_803.mp4,FAKE,297,1280,720
NeuralTextures/018_019.mp4,FAKE,432,640,480
NeuralTextures/019_018.mp4,FAKE,432,640,480
NeuralTextures/020_344.mp4,FAKE,390,1280,720
NeuralTextures/021_312.mp4,FAKE,428,640,480
NeuralTextures/022_489.mp4,FAKE,325,1280,720
NeuralTextures/023_923.mp4,FAKE,553,640,480
NeuralTextures/024_073.mp4,FAKE,306,640,480
NeuralTextures/025_067.mp4,FAKE,538,1440,1080
NeuralTextures/026_012.mp4,FAKE,322,640,480
NeuralTextures/027_009.mp4,FAKE,315,640,480
NeuralTextures/028_068.mp4,FAKE,401,832,480
NeuralTextures/029_048.mp4,FAKE,416,576,480
NeuralTextures/030_193.mp4,FAKE,297,1920,1080
NeuralTextures/031_163.mp4,FAKE,304,1280,720
NeuralTextures/032_944.mp4,FAKE,310,1280,720
NeuralTextures/033_097.mp4,FAKE,478,832,480
NeuralTextures/034_590.mp4,FAKE,407,960,720
NeuralTextures/035_036.mp4,FAKE,337,640,480
NeuralTextures/036_035.mp4,FAKE,337,640,480
NeuralTextures/037_072.mp4,FAKE,311,640,480
NeuralTextures/038_125.mp4,FAKE,305,832,480
NeuralTextures/039_058.mp4,FAKE,609,640,480
NeuralTextures/040_997.mp4,FAKE,438,1280,720
NeuralTextures/041_063.mp4,FAKE,349,640,480
NeuralTextures/042_084.mp4,FAKE,338,640,480
NeuralTextures/043_110.mp4,FAKE,495,1280,720
NeuralTextures/044_945.mp4,FAKE,335,1280,720
NeuralTextures/045_889.mp4,FAKE,329,1920,1080
NeuralTextures/046_904.mp4,FAKE,359,1280,720
NeuralTextures/047_862.mp4,FAKE,319,832,480
NeuralTextures/048_029.mp4,FAKE,416,640,480
NeuralTextures/049_946.mp4,FAKE,360,640,480
NeuralTextures/050_059.mp4,FAKE,530,640,480
NeuralTextures/051_332.mp4,FAKE,695,1280,720
NeuralTextures/052_108.mp4,FAKE,300,1920,1080
NeuralTextures/053_095.mp4,FAKE,417,640,480
NeuralTextures/054_071.mp4,FAKE,368,640,480
NeuralTextures/055_147.mp4,FAKE,394,640,480
NeuralTextures/056_996.mp4,FAKE,312,1280,720
NeuralTextures/057_070.mp4,FAKE,367,640,480
NeuralTextures/058_039.mp4,FAKE,609,704,480
NeuralTextures/059_050.mp4,FAKE,530,640,480
NeuralTextures/060_088.mp4,FAKE,665,576,480
NeuralTextures/061_080.mp4,FAKE,337,640,480
NeuralTextures/062_066.mp4,FAKE,423,640,480
NeuralTextures/063_041.mp4,FAKE,349,640,480
NeuralTextures/064_991.mp4,FAKE,402,640,480
NeuralTextures/065_089.mp4,FAKE,442,1280,720
NeuralTextures/066_062.mp4,FAKE,423,704,480
NeuralTextures/067_025.mp4,FAKE,538,1280,720
NeuralTextures/068_028.mp4,FAKE,401,640,480
NeuralTextures/069_961.mp4,FAKE,323,1280,720
NeuralTextures/070_057.mp4,FAKE,367,640,480
NeuralTextures/071_054.mp4,FAKE,368,640,480
NeuralTextures/072_037.mp4,FAKE,311,640,480
NeuralTextures/073_024.mp4,FAKE,306,1280,720
NeuralTextures/074_825.mp4,FAKE,345,1920,1080
NeuralTextures/075_977.mp4,FAKE,613,1280,720
NeuralTextures/076_079.mp4,FAKE,329,1280,720
NeuralTextures/077_100.mp4,FAKE,423,640,480
NeuralTextures/078_955.mp4,FAKE,523,1280,720
NeuralTextures/079_076.mp4,FAKE,329,1280,720
NeuralTextures/080_061.mp4,FAKE,337,640,480
NeuralTextures/081_087.mp4,FAKE,309,576,480
NeuralTextures/082_103.mp4,FAKE,316,640,480
NeuralTextures/083_213.mp4,FAKE,378,1920,1080
NeuralTextures/084_042.mp4,FAKE,338,1920,1080
NeuralTextures/085_124.mp4,FAKE,318,640,480
NeuralTextures/086_090.mp4,FAKE,687,1280,720
NeuralTextures/087_081.mp4,FAKE,309,640,480
NeuralTextures/088_060.mp4,FAKE,665,640,480
NeuralTextures/089_065.mp4,FAKE,442,1280,720
NeuralTextures/090_086.mp4,FAKE,687,1280,720
NeuralTextures/091_116.mp4,FAKE,327,640,480
NeuralTextures/092_098.mp4,FAKE,299,704,480
NeuralTextures/093_121.mp4,FAKE,308,1280,720
NeuralTextures/094_111.mp4,FAKE,433,1280,720
NeuralTextures/095_053.mp4,FAKE,417,640,480
NeuralTextures/096_101.mp4,FAKE,504,1920,1080
NeuralTextures/097_033.mp4,FAKE,478,640,480
NeuralTextures/098_092.mp4,FAKE,299,640,480
NeuralTextures/099_295.mp4,FAKE,411,1920,1080
NeuralTextures/100_077.mp4,FAKE,423,640,480
NeuralTextures/101_096.mp4,FAKE,504,832,480
NeuralTextures/102_114.mp4,FAKE,389,704,480
NeuralTextures/103_082.mp4,FAKE,316,640,480
NeuralTextures/104_126.mp4,FAKE,328,640,480
NeuralTextures/105_180.mp4,FAKE,300,640,480
NeuralTextures/106_198.mp4,FAKE,356,832,480
NeuralTextures/107_109.mp4,FAKE,298,640,480
NeuralTextures/108_052.mp4,FAKE,300,1440,1080
NeuralTextures/109_107.mp4,FAKE,298,640,480
NeuralTextures/110_043.mp4,FAKE,495,960,720
NeuralTextures/111_094.mp4,FAKE,433,640,480
NeuralTextures/112_892.mp4,FAKE,311,1920,1080
NeuralTextures/113_983.mp4,FAKE,406,1280,720
NeuralTextures/114_102.mp4,FAKE,389,640,480
NeuralTextures/115_939.mp4,FAKE,320,1280,720
NeuralTextures/116_091.mp4,FAKE,327,640,480
NeuralTextures/117_217.mp4,FAKE,548,1280,720
NeuralTextures/118_120.mp4,FAKE,352,832,480
NeuralTextures/119_123.mp4,FAKE,502,640,480
NeuralTextures/120_118.mp4,FAKE,352,640,480
NeuralTextures/121_093.mp4,FAKE,308,1920,1080
NeuralTextures/122_144.mp4,FAKE,309,1248,720
NeuralTextures/123_119.mp4,FAKE,502,640,480
NeuralTextures/124_085.mp4,FAKE,318,576,480
NeuralTextures/125_038.mp4,FAKE,305,1280,720
NeuralTextures/126_104.mp4,FAKE,328,640,480
NeuralTextures/127_129.mp4,FAKE,330,1280,720
NeuralTextures/128_896.mp4,FAKE,531,640,480
NeuralTextures/129_127.mp4,FAKE,330,1280,720
NeuralTextures/130_139.mp4,FAKE,378,640,480
NeuralTextures/131_518.mp4,FAKE,295,576,480
NeuralTextures/132_007.mp4,FAKE,413,640,480
NeuralTextures/133_148.mp4,FAKE,475,704,480
NeuralTextures/134_192.mp4,FAKE,287,1280,720
NeuralTextures/135_880.mp4,FAKE,327,1280,720
NeuralTextures/136_285.mp4,FAKE,383,1280,720
NeuralTextures/137_165.mp4,FAKE,387,704,480
NeuralTextures/138_142.mp4,FAKE,410,576,480
NeuralTextures/139_130.mp4,FAKE,378,576,480
NeuralTextures/140_143.mp4,FAKE,414,640,480
NeuralTextures/141_161.mp4,FAKE,369,832,480
NeuralTextures/142_138.mp4,FAKE,410,576,480
NeuralTextures/143_140.mp4,FAKE,414,640,480
NeuralTextures/144_122.mp4,FAKE,309,1280,720
NeuralTextures/145_299.mp4,FAKE,314,576,480
NeuralTextures/146_256.mp4,FAKE,546,1280,720
NeuralTextures/147_055.mp4,FAKE,394,576,480
NeuralTextures/148_133.mp4,FAKE,475,640,480
NeuralTextures/149_152.mp4,FAKE,313,832,480
NeuralTextures/150_153.mp4,FAKE,456,832,480
NeuralTextures/151_225.mp4,FAKE,304,1280,720
NeuralTextures/152_149.mp4,FAKE,313,640,480
NeuralTextures/153_150.mp4,FAKE,456,640,480
NeuralTextures/154_386.mp4,FAKE,449,1280,720
NeuralTextures/155_576.mp4,FAKE,461,832,480
NeuralTextures/156_243.mp4,FAKE,387,640,480
NeuralTextures/157_245.mp4,FAKE,334,640,480
NeuralTextures/158_379.mp4,FAKE,341,640,480
NeuralTextures/159_175.mp4,FAKE,325,576,480
NeuralTextures/160_928.mp4,FAKE,376,1280,720
NeuralTextures/161_141.mp4,FAKE,369,640,480
NeuralTextures/162_330.mp4,FAKE,407,1280,720
NeuralTextures/163_031.mp4,FAKE,304,1280,720
NeuralTextures/164_216.mp4,FAKE,476,832,480
NeuralTextures/165_137.mp4,FAKE,387,640,480
NeuralTextures/166_167.mp4,FAKE,341,640,480
NeuralTextures/167_166.mp4,FAKE,341,832,480
NeuralTextures/168_222.mp4,FAKE,407,640,480
NeuralTextures/169_227.mp4,FAKE,441,640,480
NeuralTextures/170_186.mp4,FAKE,334,1920,1080
NeuralTextures/171_173.mp4,FAKE,541,1280,720
NeuralTextures/172_582.mp4,FAKE,431,640,480
NeuralTextures/173_171.mp4,FAKE,541,1280,720
NeuralTextures/174_964.mp4,FAKE,414,1280,720
NeuralTextures/175_159.mp4,FAKE,325,640,480
NeuralTextures/176_190.mp4,FAKE,331,1920,1080
NeuralTextures/177_211.mp4,FAKE,410,832,480
NeuralTextures/178_598.mp4,FAKE,521,640,480
NeuralTextures/179_212.mp4,FAKE,415,640,480
NeuralTextures/180_105.mp4,FAKE,300,640,480
NeuralTextures/181_199.mp4,FAKE,368,640,480
NeuralTextures/182_242.mp4,FAKE,331,1280,720
NeuralTextures/183_253.mp4,FAKE,390,1280,720
NeuralTextures/184_205.mp4,FAKE,307,1280,720
NeuralTextures/185_276.mp4,FAKE,331,832,480
NeuralTextures/186_170.mp4,FAKE,334,1920,1080
NeuralTextures/187_234.mp4,FAKE,528,1280,720
NeuralTextures/188_191.mp4,FAKE,310,1280,720
NeuralTextures/189_200.mp4,FAKE,512,640,480
NeuralTextures/190_176.mp4,FAKE,331,1920,1080
NeuralTextures/191_188.mp4,FAKE,310,1920,1080
NeuralTextures/192_134.mp4,FAKE,287,1280,720
NeuralTextures/193_030.mp4,FAKE,297,1920,1080
NeuralTextures/194_235.mp4,FAKE,312,640,480
NeuralTextures/195_442.mp4,FAKE,333,1280,720
NeuralTextures/196_310.mp4,FAKE,375,640,480
NeuralTextures/197_224.mp4,FAKE,488,640,480
NeuralTextures/198_106.mp4,FAKE,356,704,480
NeuralTextures/199_181.mp4,FAKE,368,1280,720
NeuralTextures/200_189.mp4,FAKE,512,832,480
NeuralTextures/201_203.mp4,FAKE,446,640,480
NeuralTextures/202_348.mp4,FAKE,323,832,480
NeuralTextures/203_201.mp4,FAKE,446,640,480
NeuralTextures/204_230.mp4,FAKE,372,960,720
NeuralTextures/205_184.mp4,FAKE,307,832,480
NeuralTextures/206_221.mp4,FAKE,714,640,480
NeuralTextures/207_908.mp4,FAKE,346,1920,1080
NeuralTextures/208_215.mp4,FAKE,465,640,480
NeuralTextures/209_016.mp4,FAKE,337,832,480
NeuralTextures/210_241.mp4,FAKE,292,640,480
NeuralTextures/211_177.mp4,FAKE,410,1280,720
NeuralTextures/212_179.mp4,FAKE,415,832,480
NeuralTextures/213_083.mp4,FAKE,378,1280,720
NeuralTextures/214_255.mp4,FAKE,462,832,480
NeuralTextures/215_208.mp4,FAKE,465,704,480
NeuralTextures/216_164.mp4,FAKE,476,640,480
NeuralTextures/217_117.mp4,FAKE,548,1920,1080
NeuralTextures/218_239.mp4,FAKE,353,640,480
NeuralTextures/219_220.mp4,FAKE,350,1280,720
NeuralTextures/220_219.mp4,FAKE,350,704,480
NeuralTextures/221_206.mp4,FAKE,714,1280,720
NeuralTextures/222_168.mp4,FAKE,407,640,480
NeuralTextures/223_586.mp4,FAKE,336,1920,1080
NeuralTextures/224_197.mp4,FAKE,488,640,480
NeuralTextures/225_151.mp4,FAKE,304,1280,720
NeuralTextures/226_491.mp4,FAKE,328,1280,720
NeuralTextures/227_169.mp4,FAKE,441,1280,720
NeuralTextures/228_289.mp4,FAKE,556,832,480
NeuralTextures/229_247.mp4,FAKE,392,832,480
NeuralTextures/230_204.mp4,FAKE,372,1280,720
NeuralTextures/231_663.mp4,FAKE,316,704,480
NeuralTextures/232_248.mp4,FAKE,496,704,480
NeuralTextures/233_995.mp4,FAKE,548,1280,720
NeuralTextures/234_187.mp4,FAKE,528,1280,720
NeuralTextures/235_194.mp4,FAKE,312,832,480
NeuralTextures/236_237.mp4,FAKE,651,640,480
NeuralTextures/237_236.mp4,FAKE,651,1280,720
NeuralTextures/238_282.mp4,FAKE,594,640,480
NeuralTextures/239_218.mp4,FAKE,353,640,480
NeuralTextures/240_290.mp4,FAKE,422,704,480
NeuralTextures/241_210.mp4,FAKE,292,832,480
NeuralTextures/242_182.mp4,FAKE,331,640,480
NeuralTextures/243_156.mp4,FAKE,387,1280,720
NeuralTextures/244_822.mp4,FAKE,297,1920,1080
NeuralTextures/245_157.mp4,FAKE,334,640,480
NeuralTextures/246_258.mp4,FAKE,496,1280,720
NeuralTextures/247_229.mp4,FAKE,392,640,480
NeuralTextures/248_232.mp4,FAKE,496,1280,720
NeuralTextures/249_280.mp4,FAKE,606,832,480
NeuralTextures/250_461.mp4,FAKE,564,1280,720
NeuralTextures/251_375.mp4,FAKE,346,1920,1080
NeuralTextures/252_266.mp4,FAKE,465,800,480
NeuralTextures/253_183.mp4,FAKE,390,1280,720
NeuralTextures/254_261.mp4,FAKE,427,1280,720
NeuralTextures/255_214.mp4,FAKE,462,1280,720
NeuralTextures/256_146.mp4,FAKE,546,1280,720
NeuralTextures/257_420.mp4,FAKE,763,640,480
NeuralTextures/258_246.mp4,FAKE,496,1280,720
NeuralTextures/259_345.mp4,FAKE,423,640,480
NeuralTextures/260_331.mp4,FAKE,302,640,480
NeuralTextures/261_254.mp4,FAKE,427,576,480
NeuralTextures/262_301.mp4,FAKE,397,576,480
NeuralTextures/263_284.mp4,FAKE,300,1280,720
NeuralTextures/264_271.mp4,FAKE,455,832,480
NeuralTextures/265_475.mp4,FAKE,337,1920,1080
NeuralTextures/266_252.mp4,FAKE,465,704,480
NeuralTextures/267_286.mp4,FAKE,306,1280,720
NeuralTextures/268_269.mp4,FAKE,387,640,480
NeuralTextures/269_268.mp4,FAKE,387,640,480
NeuralTextures/270_297.mp4,FAKE,311,640,480
NeuralTextures/271_264.mp4,FAKE,455,640,480
NeuralTextures/272_396.mp4,FAKE,323,1280,720
NeuralTextures/273_807.mp4,FAKE,322,1280,720
NeuralTextures/274_412.mp4,FAKE,474,1280,720
NeuralTextures/275_887.mp4,FAKE,339,640,480
NeuralTextures/276_185.mp4,FAKE,331,640,480
NeuralTextures/277_335.mp4,FAKE,384,1280,720
NeuralTextures/278_306.mp4,FAKE,449,640,480
NeuralTextures/279_298.mp4,FAKE,569,640,480
NeuralTextures/280_249.mp4,FAKE,606,832,480
NeuralTextures/281_474.mp4,FAKE,296,1280,720
NeuralTextures/282_238.mp4,FAKE,594,832,480
NeuralTextures/283_313.mp4,FAKE,481,640,480
NeuralTextures/284_263.mp4,FAKE,300,1920,1080
NeuralTextures/285_136.mp4,FAKE,383,1280,720
NeuralTextures/286_267.mp4,FAKE,306,1280,720
NeuralTextures/287_426.mp4,FAKE,335,1280,720
NeuralTextures/288_321.mp4,FAKE,543,640,480
NeuralTextures/289_228.mp4,FAKE,556,704,480
NeuralTextures/290_240.mp4,FAKE,422,640,480
NeuralTextures/291_874.mp4,FAKE,330,1920,1080
NeuralTextures/292_294.mp4,FAKE,425,1280,720
NeuralTextures/293_296.mp4,FAKE,336,640,480
NeuralTextures/294_292.mp4,FAKE,425,1280,720
NeuralTextures/295_099.mp4,FAKE,411,1920,1080
NeuralTextures/296_293.mp4,FAKE,336,640,480
NeuralTextures/297_270.mp4,FAKE,311,640,480
NeuralTextures/298_279.mp4,FAKE,569,640,480
NeuralTextures/299_145.mp4,FAKE,314,640,480
NeuralTextures/300_304.mp4,FAKE,598,576,480
NeuralTextures/301_262.mp4,FAKE,397,640,480
NeuralTextures/302_323.mp4,FAKE,456,832,480
NeuralTextures/303_309.mp4,FAKE,571,640,480
NeuralTextures/304_300.mp4,FAKE,598,640,480
NeuralTextures/305_513.mp4,FAKE,494,1280,720
NeuralTextures/306_278.mp4,FAKE,449,576,480
NeuralTextures/307_365.mp4,FAKE,369,640,480
NeuralTextures/308_388.mp4,FAKE,502,1280,720
NeuralTextures/309_303.mp4,FAKE,571,576,480
NeuralTextures/310_196.mp4,FAKE,375,1280,720
NeuralTextures/311_387.mp4,FAKE,368,960,720
NeuralTextures/312_021.mp4,FAKE,428,640,480
NeuralTextures/313_283.mp4,FAKE,481,640,480
NeuralTextures/314_347.mp4,FAKE,413,1280,720
NeuralTextures/315_322.mp4,FAKE,304,832,480
NeuralTextures/316_369.mp4,FAKE,320,640,480
NeuralTextures/317_359.mp4,FAKE,456,640,480
NeuralTextures/318_334.mp4,FAKE,475,640,480
NeuralTextures/319_352.mp4,FAKE,421,832,480
NeuralTextures/320_328.mp4,FAKE,319,1280,720
NeuralTextures/321_288.mp4,FAKE,543,640,480
NeuralTextures/322_315.mp4,FAKE,304,1280,720
NeuralTextures/323_302.mp4,FAKE,456,640,480
NeuralTextures/324_356.mp4,FAKE,558,640,480
NeuralTextures/325_492.mp4,FAKE,347,1280,720
NeuralTextures/326_501.mp4,FAKE,522,640,480
NeuralTextures/327_329.mp4,FAKE,415,640,480
NeuralTextures/328_320.mp4,FAKE,319,1280,720
NeuralTextures/329_327.mp4,FAKE,415,640,480
NeuralTextures/330_162.mp4,FAKE,407,1280,720
NeuralTextures/331_260.mp4,FAKE,302,1280,720
NeuralTextures/332_051.mp4,FAKE,695,1280,720
NeuralTextures/333_377.mp4,FAKE,398,640,480
NeuralTextures/334_318.mp4,FAKE,475,576,480
NeuralTextures/335_277.mp4,FAKE,384,1280,720
NeuralTextures/336_338.mp4,FAKE,507,640,480
NeuralTextures/337_522.mp4,FAKE,331,640,480
NeuralTextures/338_336.mp4,FAKE,507,576,480
NeuralTextures/339_392.mp4,FAKE,457,640,480
NeuralTextures/340_341.mp4,FAKE,293,1920,1080
NeuralTextures/341_340.mp4,FAKE,293,960,720
NeuralTextures/342_416.mp4,FAKE,302,1280,720
NeuralTextures/343_363.mp4,FAKE,299,640,480
NeuralTextures/344_020.mp4,FAKE,390,1280,720
NeuralTextures/345_259.mp4,FAKE,423,832,480
NeuralTextures/346_351.mp4,FAKE,615,448,480
NeuralTextures/347_314.mp4,FAKE,413,832,480
NeuralTextures/348_202.mp4,FAKE,323,832,480
NeuralTextures/349_350.mp4,FAKE,405,1280,720
NeuralTextures/350_349.mp4,FAKE,405,832,480
NeuralTextures/351_346.mp4,FAKE,615,640,480
NeuralTextures/352_319.mp4,FAKE,421,704,480
NeuralTextures/353_383.mp4,FAKE,358,1280,720
NeuralTextures/354_362.mp4,FAKE,455,1280,720
NeuralTextures/355_748.mp4,FAKE,318,1920,1080
NeuralTextures/356_324.mp4,FAKE,558,1280,720
NeuralTextures/357_432.mp4,FAKE,346,832,480
NeuralTextures/358_380.mp4,FAKE,455,640,480
NeuralTextures/359_317.mp4,FAKE,456,640,480
NeuralTextures/360_437.mp4,FAKE,385,1280,720
NeuralTextures/361_448.mp4,FAKE,455,1280,720
NeuralTextures/362_354.mp4,FAKE,455,1280,720
NeuralTextures/363_343.mp4,FAKE,299,640,480
NeuralTextures/364_440.mp4,FAKE,419,832,480
NeuralTextures/365_307.mp4,FAKE,369,640,480
NeuralTextures/366_473.mp4,FAKE,404,640,480
NeuralTextures/367_371.mp4,FAKE,649,640,480
NeuralTextures/368_378.mp4,FAKE,761,640,480
NeuralTextures/369_316.mp4,FAKE,320,832,480
NeuralTextures/370_483.mp4,FAKE,375,1920,1080
NeuralTextures/371_367.mp4,FAKE,649,576,480
NeuralTextures/372_413.mp4,FAKE,379,832,480
NeuralTextures/373_394.mp4,FAKE,420,1280,720
NeuralTextures/374_407.mp4,FAKE,504,1280,720
NeuralTextures/375_251.mp4,FAKE,346,1280,720
NeuralTextures/376_381.mp4,FAKE,515,1280,720
NeuralTextures/377_333.mp4,FAKE,398,640,480
NeuralTextures/378_368.mp4,FAKE,761,1280,720
NeuralTextures/379_158.mp4,FAKE,341,640,480
NeuralTextures/380_358.mp4,FAKE,455,640,480
NeuralTextures/381_376.mp4,FAKE,515,640,480
NeuralTextures/382_409.mp4,FAKE,313,640,480
NeuralTextures/383_353.mp4,FAKE,358,1920,1080
NeuralTextures/384_932.mp4,FAKE,462,1920,1080
NeuralTextures/385_414.mp4,FAKE,349,1280,720
NeuralTextures/386_154.mp4,FAKE,449,1920,1080
NeuralTextures/387_311.mp4,FAKE,368,1280,720
NeuralTextures/388_308.mp4,FAKE,502,640,480
NeuralTextures/389_480.mp4,FAKE,314,1920,1080
NeuralTextures/390_709.mp4,FAKE,300,1280,720
NeuralTextures/391_406.mp4,FAKE,512,640,480
NeuralTextures/392_339.mp4,FAKE,457,1280,720
NeuralTextures/393_405.mp4,FAKE,531,640,480
NeuralTextures/394_373.mp4,FAKE,420,1280,720
NeuralTextures/395_401.mp4,FAKE,448,1280,720
NeuralTextures/396_272.mp4,FAKE,323,1280,720
NeuralTextures/397_602.mp4,FAKE,355,1920,1080
NeuralTextures/398_457.mp4,FAKE,528,640,480
NeuralTextures/399_488.mp4,FAKE,518,1280,720
NeuralTextures/400_476.mp4,FAKE,310,1280,720
NeuralTextures/401_395.mp4,FAKE,448,1280,720
NeuralTextures/402_453.mp4,FAKE,423,1920,1080
NeuralTextures/403_497.mp4,FAKE,621,256,480
NeuralTextures/404_429.mp4,FAKE,457,1280,720
NeuralTextures/405_393.mp4,FAKE,531,640,480
NeuralTextures/406_391.mp4,FAKE,512,576,480
NeuralTextures/407_374.mp4,FAKE,504,576,480
NeuralTextures/408_424.mp4,FAKE,306,704,480
NeuralTextures/409_382.mp4,FAKE,313,640,480
NeuralTextures/410_411.mp4,FAKE,459,1920,1080
NeuralTextures/411_410.mp4,FAKE,459,1920,1080
NeuralTextures/412_274.mp4,FAKE,474,1280,720
NeuralTextures/413_372.mp4,FAKE,379,640,480
NeuralTextures/414_385.mp4,FAKE,349,1920,1080
NeuralTextures/415_484.mp4,FAKE,319,704,480
NeuralTextures/416_342.mp4,FAKE,302,1280,720
NeuralTextures/417_496.mp4,FAKE,861,832,480
NeuralTextures/418_507.mp4,FAKE,319,1280,720
NeuralTextures/419_824.mp4,FAKE,487,1280,720
NeuralTextures/420_257.mp4,FAKE,763,576,480
NeuralTextures/421_423.mp4,FAKE,1038,640,480
NeuralTextures/422_695.mp4,FAKE,310,1920,1080
NeuralTextures/423_421.mp4,FAKE,1038,576,480
NeuralTextures/424_408.mp4,FAKE,306,640,480
NeuralTextures/425_485.mp4,FAKE,336,832,480
NeuralTextures/426_287.mp4,FAKE,335,1920,1080
NeuralTextures/427_637.mp4,FAKE,468,1280,720
NeuralTextures/428_466.mp4,FAKE,334,1280,720
NeuralTextures/429_404.mp4,FAKE,457,640,480
NeuralTextures/430_459.mp4,FAKE,357,1920,1080
NeuralTextures/431_447.mp4,FAKE,326,1280,720
NeuralTextures/432_357.mp4,FAKE,346,640,480
NeuralTextures/433_498.mp4,FAKE,317,1280,720
NeuralTextures/434_438.mp4,FAKE,337,832,480
NeuralTextures/435_456.mp4,FAKE,476,640,480
NeuralTextures/436_526.mp4,FAKE,518,1280,720
NeuralTextures/437_360.mp4,FAKE,385,1280,720
NeuralTextures/438_434.mp4,FAKE,337,640,480
NeuralTextures/439_441.mp4,FAKE,305,640,480
NeuralTextures/440_364.mp4,FAKE,419,640,480
NeuralTextures/441_439.mp4,FAKE,305,640,480
NeuralTextures/442_195.mp4,FAKE,333,1920,1080
NeuralTextures/443_514.mp4,FAKE,361,640,480
NeuralTextures/444_655.mp4,FAKE,437,832,480
NeuralTextures/445_494.mp4,FAKE,802,1280,720
NeuralTextures/446_667.mp4,FAKE,423,1920,1080
NeuralTextures/447_431.mp4,FAKE,326,640,480
NeuralTextures/448_361.mp4,FAKE,455,1280,720
NeuralTextures/449_451.mp4,FAKE,306,1280,720
NeuralTextures/450_533.mp4,FAKE,558,1920,1080
NeuralTextures/451_449.mp4,FAKE,306,1280,720
NeuralTextures/452_550.mp4,FAKE,444,640,480
NeuralTextures/453_402.mp4,FAKE,423,1280,718
NeuralTextures/454_527.mp4,FAKE,342,832,480
NeuralTextures/455_471.mp4,FAKE,370,640,480
NeuralTextures/456_435.mp4,FAKE,476,1280,720
NeuralTextures/457_398.mp4,FAKE,528,640,480
NeuralTextures/458_722.mp4,FAKE,351,832,480
NeuralTextures/459_430.mp4,FAKE,357,1920,1080
NeuralTextures/460_678.mp4,FAKE,400,1280,720
NeuralTextures/461_250.mp4,FAKE,564,1280,720
NeuralTextures/462_467.mp4,FAKE,423,640,480
NeuralTextures/463_464.mp4,FAKE,315,608,480
NeuralTextures/464_463.mp4,FAKE,315,640,480
NeuralTextures/465_482.mp4,FAKE,329,1280,720
NeuralTextures/466_428.mp4,FAKE,334,1280,720
NeuralTextures/467_462.mp4,FAKE,423,640,480
NeuralTextures/468_470.mp4,FAKE,597,576,480
NeuralTextures/469_481.mp4,FAKE,414,832,480
NeuralTextures/470_468.mp4,FAKE,597,640,480
NeuralTextures/471_455.mp4,FAKE,370,640,480
NeuralTextures/472_511.mp4,FAKE,479,640,480
NeuralTextures/473_366.mp4,FAKE,404,640,480
NeuralTextures/474_281.mp4,FAKE,296,640,480
NeuralTextures/475_265.mp4,FAKE,337,1280,720
NeuralTextures/476_400.mp4,FAKE,310,640,480
NeuralTextures/477_487.mp4,FAKE,319,1248,720
NeuralTextures/478_506.mp4,FAKE,668,640,480
NeuralTextures/479_706.mp4,FAKE,328,1920,1080
NeuralTextures/480_389.mp4,FAKE,314,1280,720
NeuralTextures/481_469.mp4,FAKE,414,1280,720
NeuralTextures/482_465.mp4,FAKE,329,640,480
NeuralTextures/483_370.mp4,FAKE,375,1280,720
NeuralTextures/484_415.mp4,FAKE,319,640,480
NeuralTextures/485_425.mp4,FAKE,336,832,480
NeuralTextures/486_680.mp4,FAKE,300,640,480
NeuralTextures/487_477.mp4,FAKE,319,1280,720
NeuralTextures/488_399.mp4,FAKE,518,832,480
NeuralTextures/489_022.mp4,FAKE,325,1280,720
NeuralTextures/490_534.mp4,FAKE,384,1920,1080
NeuralTextures/491_226.mp4,FAKE,328,1920,1080
NeuralTextures/492_325.mp4,FAKE,347,1280,720
NeuralTextures/493_538.mp4,FAKE,395,640,480
NeuralTextures/494_445.mp4,FAKE,802,1280,720
NeuralTextures/495_512.mp4,FAKE,573,640,480
NeuralTextures/496_417.mp4,FAKE,861,640,480
NeuralTextures/497_403.mp4,FAKE,621,832,480
NeuralTextures/498_433.mp4,FAKE,317,832,480
NeuralTextures/499_539.mp4,FAKE,313,1280,720
NeuralTextures/500_592.mp4,FAKE,292,1920,1080
NeuralTextures/501_326.mp4,FAKE,522,576,480
NeuralTextures/502_504.mp4,FAKE,317,1280,720
NeuralTextures/503_756.mp4,FAKE,570,640,480
NeuralTextures/504_502.mp4,FAKE,317,1280,720
NeuralTextures/505_600.mp4,FAKE,388,640,480
NeuralTextures/506_478.mp4,FAKE,668,832,480
NeuralTextures/507_418.mp4,FAKE,319,1920,1080
NeuralTextures/508_831.mp4,FAKE,327,1920,1080
NeuralTextures/509_525.mp4,FAKE,517,640,480
NeuralTextures/510_528.mp4,FAKE,340,832,480
NeuralTextures/511_472.mp4,FAKE,479,640,480
NeuralTextures/512_495.mp4,FAKE,573,640,480
NeuralTextures/513_305.mp4,FAKE,494,1280,720
NeuralTextures/514_443.mp4,FAKE,361,640,480
NeuralTextures/515_519.mp4,FAKE,751,640,480
NeuralTextures/516_555.mp4,FAKE,354,1920,1080
NeuralTextures/517_521.mp4,FAKE,304,640,480
NeuralTextures/518_131.mp4,FAKE,295,832,480
NeuralTextures/519_515.mp4,FAKE,751,640,480
NeuralTextures/520_542.mp4,FAKE,320,1280,720
NeuralTextures/521_517.mp4,FAKE,304,640,480
NeuralTextures/522_337.mp4,FAKE,331,576,480
NeuralTextures/523_541.mp4,FAKE,375,832,480
NeuralTextures/524_580.mp4,FAKE,292,832,480
NeuralTextures/525_509.mp4,FAKE,517,832,480
NeuralTextures/526_436.mp4,FAKE,518,1280,720
NeuralTextures/527_454.mp4,FAKE,342,1280,720
NeuralTextures/528_510.mp4,FAKE,340,704,480
NeuralTextures/529_633.mp4,FAKE,335,1920,1080
NeuralTextures/530_594.mp4,FAKE,294,1280,720
NeuralTextures/531_549.mp4,FAKE,319,640,480
NeuralTextures/532_544.mp4,FAKE,355,1280,720
NeuralTextures/533_450.mp4,FAKE,558,1920,1080
NeuralTextures/534_490.mp4,FAKE,384,1280,720
NeuralTextures/535_587.mp4,FAKE,626,640,480
NeuralTextures/536_540.mp4,FAKE,603,1280,720
NeuralTextures/537_563.mp4,FAKE,385,1280,720
NeuralTextures/538_493.mp4,FAKE,395,832,480
NeuralTextures/539_499.mp4,FAKE,313,640,480
NeuralTextures/540_536.mp4,FAKE,603,1280,720
NeuralTextures/541_523.mp4,FAKE,375,640,480
NeuralTextures/542_520.mp4,FAKE,320,1280,720
NeuralTextures/543_559.mp4,FAKE,334,640,480
NeuralTextures/544_532.mp4,FAKE,355,1280,720
NeuralTextures/545_553.mp4,FAKE,364,640,480
NeuralTextures/546_621.mp4,FAKE,370,832,480
NeuralTextures/547_574.mp4,FAKE,496,1920,1080
NeuralTextures/548_632.mp4,FAKE,427,1280,720
NeuralTextures/549_531.mp4,FAKE,319,1280,720
NeuralTextures/550_452.mp4,FAKE,444,640,480
NeuralTextures/551_631.mp4,FAKE,424,1280,720
NeuralTextures/552_851.mp4,FAKE,303,1280,720
NeuralTextures/553_545.mp4,FAKE,364,640,480
NeuralTextures/554_572.mp4,FAKE,347,1280,720
NeuralTextures/555_516.mp4,FAKE,354,1920,1080
NeuralTextures/556_588.mp4,FAKE,372,640,480
NeuralTextures/557_560.mp4,FAKE,349,832,480
NeuralTextures/558_583.mp4,FAKE,475,1280,720
NeuralTextures/559_543.mp4,FAKE,334,1280,720
NeuralTextures/560_557.mp4,FAKE,349,640,480
NeuralTextures/561_998.mp4,FAKE,344,1920,1080
NeuralTextures/562_626.mp4,FAKE,467,1280,720
NeuralTextures/563_537.mp4,FAKE,385,640,480
NeuralTextures/564_971.mp4,FAKE,354,1920,1080
NeuralTextures/565_589.mp4,FAKE,430,640,480
NeuralTextures/566_617.mp4,FAKE,312,832,480
NeuralTextures/567_606.mp4,FAKE,337,832,480
NeuralTextures/568_628.mp4,FAKE,570,640,480
NeuralTextures/569_921.mp4,FAKE,296,1920,1080
NeuralTextures/570_624.mp4,FAKE,350,1280,720
NeuralTextures/571_746.mp4,FAKE,493,1280,720
NeuralTextures/572_554.mp4,FAKE,347,1280,720
NeuralTextures/573_757.mp4,FAKE,441,1280,720
NeuralTextures/574_547.mp4,FAKE,496,640,480
NeuralTextures/575_603.mp4,FAKE,296,1280,720
NeuralTextures/576_155.mp4,FAKE,461,1280,720
NeuralTextures/577_593.mp4,FAKE,344,1920,1080
NeuralTextures/578_636.mp4,FAKE,335,1280,720
NeuralTextures/579_701.mp4,FAKE,393,1920,1080
NeuralTextures/580_524.mp4,FAKE,292,1280,720
NeuralTextures/581_697.mp4,FAKE,382,1920,1080
NeuralTextures/582_172.mp4,FAKE,431,640,480
NeuralTextures/583_558.mp4,FAKE,475,1280,720
NeuralTextures/584_823.mp4,FAKE,475,1280,720
NeuralTextures/585_599.mp4,FAKE,359,1280,720
NeuralTextures/586_223.mp4,FAKE,336,1920,1080
NeuralTextures/587_535.mp4,FAKE,626,640,480
NeuralTextures/588_556.mp4,FAKE,372,832,480
NeuralTextures/589_565.mp4,FAKE,430,640,480
NeuralTextures/590_034.mp4,FAKE,407,1920,1080
NeuralTextures/591_605.mp4,FAKE,541,1280,720
NeuralTextures/592_500.mp4,FAKE,292,832,480
NeuralTextures/593_577.mp4,FAKE,344,1920,1080
NeuralTextures/594_530.mp4,FAKE,294,1280,720
NeuralTextures/595_597.mp4,FAKE,297,1280,720
NeuralTextures/596_609.mp4,FAKE,489,576,480
NeuralTextures/597_595.mp4,FAKE,297,640,480
NeuralTextures/598_178.mp4,FAKE,521,640,480
NeuralTextures/599_585.mp4,FAKE,359,1280,720
NeuralTextures/600_505.mp4,FAKE,388,640,480
NeuralTextures/601_653.mp4,FAKE,364,640,480
NeuralTextures/602_397.mp4,FAKE,355,1920,1080
NeuralTextures/603_575.mp4,FAKE,296,1280,720
NeuralTextures/604_703.mp4,FAKE,375,1280,720
NeuralTextures/605_591.mp4,FAKE,541,832,480
NeuralTextures/606_567.mp4,FAKE,340,832,480
NeuralTextures/607_683.mp4,FAKE,302,1920,1080
NeuralTextures/608_675.mp4,FAKE,421,576,480
NeuralTextures/609_596.mp4,FAKE,489,576,480
NeuralTextures/610_692.mp4,FAKE,354,1280,720
NeuralTextures/611_760.mp4,FAKE,306,640,480
NeuralTextures/612_702.mp4,FAKE,420,1280,720
NeuralTextures/613_685.mp4,FAKE,415,1280,720
NeuralTextures/614_616.mp4,FAKE,507,1280,720
NeuralTextures/615_687.mp4,FAKE,452,1280,720
NeuralTextures/616_614.mp4,FAKE,507,640,480
NeuralTextures/617_566.mp4,FAKE,312,832,480
NeuralTextures/618_629.mp4,FAKE,382,1280,720
NeuralTextures/619_620.mp4,FAKE,305,1280,720
NeuralTextures/620_619.mp4,FAKE,305,1920,1080
NeuralTextures/621_546.mp4,FAKE,370,1280,720
NeuralTextures/622_647.mp4,FAKE,371,1280,720
NeuralTextures/623_630.mp4,FAKE,352,640,480
NeuralTextures/624_570.mp4,FAKE,350,832,480
NeuralTextures/625_650.mp4,FAKE,332,640,480
NeuralTextures/626_562.mp4,FAKE,467,832,480
NeuralTextures/627_658.mp4,FAKE,374,576,480
NeuralTextures/628_568.mp4,FAKE,570,640,480
NeuralTextures/629_618.mp4,FAKE,382,1280,720
NeuralTextures/630_623.mp4,FAKE,352,640,480
NeuralTextures/631_551.mp4,FAKE,424,640,480
NeuralTextures/632_548.mp4,FAKE,427,1920,1080
NeuralTextures/633_529.mp4,FAKE,335,1280,720
NeuralTextures/634_660.mp4,FAKE,338,1280,720
NeuralTextures/635_642.mp4,FAKE,573,832,480
NeuralTextures/636_578.mp4,FAKE,335,640,480
NeuralTextures/637_427.mp4,FAKE,468,1280,720
NeuralTextures/638_640.mp4,FAKE,306,1280,720
NeuralTextures/639_841.mp4,FAKE,519,1280,720
NeuralTextures/640_638.mp4,FAKE,306,1280,720
NeuralTextures/641_662.mp4,FAKE,350,1280,720
NeuralTextures/642_635.mp4,FAKE,573,640,480
NeuralTextures/643_646.mp4,FAKE,364,1280,720
NeuralTextures/644_657.mp4,FAKE,413,832,480
NeuralTextures/645_688.mp4,FAKE,554,1920,1080
NeuralTextures/646_643.mp4,FAKE,364,640,480
NeuralTextures/647_622.mp4,FAKE,371,1920,1080
NeuralTextures/648_654.mp4,FAKE,410,1280,720
NeuralTextures/649_816.mp4,FAKE,411,1280,720
NeuralTextures/650_625.mp4,FAKE,332,640,480
NeuralTextures/651_835.mp4,FAKE,380,1280,720
NeuralTextures/652_773.mp4,FAKE,456,1280,720
NeuralTextures/653_601.mp4,FAKE,364,640,480
NeuralTextures/654_648.mp4,FAKE,410,640,480
NeuralTextures/655_444.mp4,FAKE,437,640,480
NeuralTextures/656_666.mp4,FAKE,383,640,480
NeuralTextures/657_644.mp4,FAKE,413,640,480
NeuralTextures/658_627.mp4,FAKE,374,640,480
NeuralTextures/659_749.mp4,FAKE,693,640,480
NeuralTextures/660_634.mp4,FAKE,338,1280,720
NeuralTextures/661_670.mp4,FAKE,481,1280,720
NeuralTextures/662_641.mp4,FAKE,350,1280,720
NeuralTextures/663_231.mp4,FAKE,316,640,480
NeuralTextures/664_668.mp4,FAKE,293,1280,720
NeuralTextures/665_679.mp4,FAKE,324,640,480
NeuralTextures/666_656.mp4,FAKE,383,640,480
NeuralTextures/667_446.mp4,FAKE,423,1920,1080
NeuralTextures/668_664.mp4,FAKE,293,640,480
NeuralTextures/669_682.mp4,FAKE,489,640,480
NeuralTextures/670_661.mp4,FAKE,481,640,480
NeuralTextures/671_677.mp4,FAKE,314,1280,720
NeuralTextures/672_720.mp4,FAKE,541,1280,720
NeuralTextures/673_728.mp4,FAKE,568,640,480
NeuralTextures/674_744.mp4,FAKE,294,640,480
NeuralTextures/675_608.mp4,FAKE,421,576,480
NeuralTextures/676_776.mp4,FAKE,331,1280,720
NeuralTextures/677_671.mp4,FAKE,314,1280,720
NeuralTextures/678_460.mp4,FAKE,400,1920,1080
NeuralTextures/679_665.mp4,FAKE,324,640,480
NeuralTextures/680_486.mp4,FAKE,300,640,480
NeuralTextures/681_711.mp4,FAKE,292,1280,720
NeuralTextures/682_669.mp4,FAKE,489,576,480
NeuralTextures/683_607.mp4,FAKE,302,1920,1080
NeuralTextures/684_717.mp4,FAKE,374,1920,1080
NeuralTextures/685_613.mp4,FAKE,415,1280,720
NeuralTextures/686_696.mp4,FAKE,342,1280,720
NeuralTextures/687_615.mp4,FAKE,452,1280,720
NeuralTextures/688_645.mp4,FAKE,554,1280,720
NeuralTextures/689_690.mp4,FAKE,331,640,480
NeuralTextures/690_689.mp4,FAKE,331,832,480
NeuralTextures/691_732.mp4,FAKE,426,1280,720
NeuralTextures/692_610.mp4,FAKE,354,1280,720
NeuralTextures/693_698.mp4,FAKE,304,640,480
NeuralTextures/694_767.mp4,FAKE,299,832,480
NeuralTextures/695_422.mp4,FAKE,310,1920,1080
NeuralTextures/696_686.mp4,FAKE,342,640,480
NeuralTextures/697_581.mp4,FAKE,382,1280,720
NeuralTextures/698_693.mp4,FAKE,304,640,480
NeuralTextures/699_734.mp4,FAKE,524,576,480
NeuralTextures/700_813.mp4,FAKE,333,1280,720
NeuralTextures/701_579.mp4,FAKE,393,1920,1080
NeuralTextures/702_612.mp4,FAKE,420,1280,720
NeuralTextures/703_604.mp4,FAKE,375,1280,720
NeuralTextures/704_723.mp4,FAKE,450,576,480
NeuralTextures/705_707.mp4,FAKE,473,832,480
NeuralTextures/706_479.mp4,FAKE,328,1920,1080
NeuralTextures/707_705.mp4,FAKE,473,832,480
NeuralTextures/708_772.mp4,FAKE,341,1920,1080
NeuralTextures/709_390.mp4,FAKE,300,1920,1080
NeuralTextures/710_788.mp4,FAKE,378,832,480
NeuralTextures/711_681.mp4,FAKE,292,1920,1080
NeuralTextures/712_716.mp4,FAKE,550,1280,720
NeuralTextures/713_726.mp4,FAKE,410,1920,1080
NeuralTextures/714_842.mp4,FAKE,447,1280,720
NeuralTextures/715_721.mp4,FAKE,581,640,480
NeuralTextures/716_712.mp4,FAKE,550,576,480
NeuralTextures/717_684.mp4,FAKE,374,1280,720
NeuralTextures/718_972.mp4,FAKE,311,1920,1080
NeuralTextures/719_737.mp4,FAKE,369,640,480
NeuralTextures/720_672.mp4,FAKE,541,640,480
NeuralTextures/721_715.mp4,FAKE,581,576,480
NeuralTextures/722_458.mp4,FAKE,351,1920,1080
NeuralTextures/723_704.mp4,FAKE,450,832,480
NeuralTextures/724_725.mp4,FAKE,600,1920,1080
NeuralTextures/725_724.mp4,FAKE,600,1280,720
NeuralTextures/726_713.mp4,FAKE,410,1920,1080
NeuralTextures/727_729.mp4,FAKE,554,640,480
NeuralTextures/728_673.mp4,FAKE,568,640,480
NeuralTextures/729_727.mp4,FAKE,554,640,480
NeuralTextures/730_815.mp4,FAKE,452,1280,720
NeuralTextures/731_741.mp4,FAKE,370,576,480
NeuralTextures/732_691.mp4,FAKE,426,576,480
NeuralTextures/733_935.mp4,FAKE,518,1280,720
NeuralTextures/734_699.mp4,FAKE,524,640,480
NeuralTextures/735_774.mp4,FAKE,313,640,480
NeuralTextures/736_785.mp4,FAKE,413,640,480
NeuralTextures/737_719.mp4,FAKE,369,640,480
NeuralTextures/738_804.mp4,FAKE,359,1280,720
NeuralTextures/739_865.mp4,FAKE,304,1280,720
NeuralTextures/740_796.mp4,FAKE,348,1920,1080
NeuralTextures/741_731.mp4,FAKE,370,640,480
NeuralTextures/742_775.mp4,FAKE,559,640,480
NeuralTextures/743_750.mp4,FAKE,311,1280,720
NeuralTextures/744_674.mp4,FAKE,294,640,480
NeuralTextures/745_777.mp4,FAKE,325,832,480
NeuralTextures/746_571.mp4,FAKE,493,1280,720
NeuralTextures/747_854.mp4,FAKE,294,1280,720
NeuralTextures/748_355.mp4,FAKE,318,1280,720
NeuralTextures/749_659.mp4,FAKE,693,832,480
NeuralTextures/750_743.mp4,FAKE,311,1920,1080
NeuralTextures/751_752.mp4,FAKE,331,640,480
NeuralTextures/752_751.mp4,FAKE,331,1280,720
NeuralTextures/753_789.mp4,FAKE,567,1920,1080
NeuralTextures/754_758.mp4,FAKE,391,1280,720
NeuralTextures/755_759.mp4,FAKE,336,832,480
NeuralTextures/756_503.mp4,FAKE,570,832,480
NeuralTextures/757_573.mp4,FAKE,441,1280,720
NeuralTextures/758_754.mp4,FAKE,391,640,480
NeuralTextures/759_755.mp4,FAKE,336,1920,1080
NeuralTextures/760_611.mp4,FAKE,306,832,480
NeuralTextures/761_766.mp4,FAKE,343,640,480
NeuralTextures/762_832.mp4,FAKE,416,640,480
NeuralTextures/763_930.mp4,FAKE,448,832,480
NeuralTextures/764_850.mp4,FAKE,369,1440,1080
NeuralTextures/765_867.mp4,FAKE,388,640,480
NeuralTextures/766_761.mp4,FAKE,343,640,480
NeuralTextures/767_694.mp4,FAKE,299,640,480
NeuralTextures/768_793.mp4,FAKE,330,1280,720
NeuralTextures/769_784.mp4,FAKE,484,1280,720
NeuralTextures/770_791.mp4,FAKE,333,1280,720
NeuralTextures/771_849.mp4,FAKE,322,640,480
NeuralTextures/772_708.mp4,FAKE,341,1280,720
NeuralTextures/773_652.mp4,FAKE,456,1280,720
NeuralTextures/774_735.mp4,FAKE,313,640,480
NeuralTextures/775_742.mp4,FAKE,559,640,480
NeuralTextures/776_676.mp4,FAKE,331,1920,1080
NeuralTextures/777_745.mp4,FAKE,325,640,480
NeuralTextures/778_798.mp4,FAKE,328,1280,720
NeuralTextures/779_794.mp4,FAKE,306,1280,720
NeuralTextures/780_869.mp4,FAKE,333,1280,720
NeuralTextures/781_806.mp4,FAKE,301,640,480
NeuralTextures/782_787.mp4,FAKE,502,576,480
NeuralTextures/783_916.mp4,FAKE,403,1280,720
NeuralTextures/784_769.mp4,FAKE,484,640,480
NeuralTextures/785_736.mp4,FAKE,413,640,480
NeuralTextures/786_819.mp4,FAKE,520,1920,1080
NeuralTextures/787_782.mp4,FAKE,502,640,480
NeuralTextures/788_710.mp4,FAKE,378,640,480
NeuralTextures/789_753.mp4,FAKE,567,1920,1080
NeuralTextures/790_014.mp4,FAKE,676,1280,720
NeuralTextures/791_770.mp4,FAKE,333,704,480
NeuralTextures/792_903.mp4,FAKE,383,640,480
NeuralTextures/793_768.mp4,FAKE,330,1280,720
NeuralTextures/794_779.mp4,FAKE,306,1280,720
NeuralTextures/795_907.mp4,FAKE,525,1280,720
NeuralTextures/796_740.mp4,FAKE,348,1280,720
NeuralTextures/797_844.mp4,FAKE,434,640,480
NeuralTextures/798_778.mp4,FAKE,328,1920,1080
NeuralTextures/799_809.mp4,FAKE,367,1280,720
NeuralTextures/800_840.mp4,FAKE,338,1280,720
NeuralTextures/801_855.mp4,FAKE,444,640,480
NeuralTextures/802_885.mp4,FAKE,329,640,480
NeuralTextures/803_017.mp4,FAKE,297,832,480
NeuralTextures/804_738.mp4,FAKE,359,832,480
NeuralTextures/805_011.mp4,FAKE,411,1280,720
NeuralTextures/806_781.mp4,FAKE,301,640,480
NeuralTextures/807_273.mp4,FAKE,322,1920,1080
NeuralTextures/808_829.mp4,FAKE,637,1280,720
NeuralTextures/809_799.mp4,FAKE,367,640,480
NeuralTextures/810_838.mp4,FAKE,457,1280,720
NeuralTextures/811_920.mp4,FAKE,371,1280,720
NeuralTextures/812_821.mp4,FAKE,423,704,480
NeuralTextures/813_700.mp4,FAKE,333,1280,720
NeuralTextures/814_871.mp4,FAKE,348,1280,720
NeuralTextures/815_730.mp4,FAKE,452,1280,720
NeuralTextures/816_649.mp4,FAKE,411,640,480
NeuralTextures/817_827.mp4,FAKE,311,1280,720
NeuralTextures/818_820.mp4,FAKE,466,1280,720
NeuralTextures/819_786.mp4,FAKE,520,1920,1080
NeuralTextures/820_818.mp4,FAKE,466,1280,720
NeuralTextures/821_812.mp4,FAKE,423,704,480
NeuralTextures/822_244.mp4,FAKE,297,1920,1080
NeuralTextures/823_584.mp4,FAKE,475,1280,720
NeuralTextures/824_419.mp4,FAKE,487,1280,720
NeuralTextures/825_074.mp4,FAKE,345,832,480
NeuralTextures/826_833.mp4,FAKE,355,1280,720
NeuralTextures/827_817.mp4,FAKE,311,640,480
NeuralTextures/828_830.mp4,FAKE,319,640,480
NeuralTextures/829_808.mp4,FAKE,637,1248,720
NeuralTextures/830_828.mp4,FAKE,319,576,480
NeuralTextures/831_508.mp4,FAKE,327,1920,1080
NeuralTextures/832_762.mp4,FAKE,416,576,480
NeuralTextures/833_826.mp4,FAKE,355,1920,1080
NeuralTextures/834_852.mp4,FAKE,303,704,480
NeuralTextures/835_651.mp4,FAKE,380,1920,1080
NeuralTextures/836_950.mp4,FAKE,343,1280,720
NeuralTextures/837_890.mp4,FAKE,341,1280,720
NeuralTextures/838_810.mp4,FAKE,457,1280,720
NeuralTextures/839_864.mp4,FAKE,326,640,480
NeuralTextures/840_800.mp4,FAKE,338,640,480
NeuralTextures/841_639.mp4,FAKE,519,832,480
NeuralTextures/842_714.mp4,FAKE,447,640,480
NeuralTextures/843_859.mp4,FAKE,318,832,480
NeuralTextures/844_797.mp4,FAKE,434,640,480
NeuralTextures/845_846.mp4,FAKE,353,832,480
NeuralTextures/846_845.mp4,FAKE,353,640,480
NeuralTextures/847_906.mp4,FAKE,301,1280,720
NeuralTextures/848_894.mp4,FAKE,328,1920,1080
NeuralTextures/849_771.mp4,FAKE,322,640,480
NeuralTextures/850_764.mp4,FAKE,369,800,480
NeuralTextures/851_552.mp4,FAKE,303,1280,720
NeuralTextures/852_834.mp4,FAKE,303,640,480
NeuralTextures/853_863.mp4,FAKE,513,1280,720
NeuralTextures/854_747.mp4,FAKE,294,1280,720
NeuralTextures/855_801.mp4,FAKE,444,640,480
NeuralTextures/856_881.mp4,FAKE,638,1280,720
NeuralTextures/857_909.mp4,FAKE,637,640,480
NeuralTextures/858_861.mp4,FAKE,483,640,480
NeuralTextures/859_843.mp4,FAKE,318,640,480
NeuralTextures/860_905.mp4,FAKE,382,1920,1080
NeuralTextures/861_858.mp4,FAKE,483,640,480
NeuralTextures/862_047.mp4,FAKE,319,1280,720
NeuralTextures/863_853.mp4,FAKE,513,1280,720
NeuralTextures/864_839.mp4,FAKE,326,576,480
NeuralTextures/865_739.mp4,FAKE,304,1920,1080
NeuralTextures/866_878.mp4,FAKE,509,1920,1080
NeuralTextures/867_765.mp4,FAKE,388,704,480
NeuralTextures/868_949.mp4,FAKE,431,640,480
NeuralTextures/869_780.mp4,FAKE,333,1920,1080
NeuralTextures/870_001.mp4,FAKE,460,1280,720
NeuralTextures/871_814.mp4,FAKE,348,832,480
NeuralTextures/872_873.mp4,FAKE,474,640,480
NeuralTextures/873_872.mp4,FAKE,474,1280,720
NeuralTextures/874_291.mp4,FAKE,330,1920,1080
NeuralTextures/875_979.mp4,FAKE,335,1280,720
NeuralTextures/876_891.mp4,FAKE,296,1280,720
NeuralTextures/877_886.mp4,FAKE,525,1280,720
NeuralTextures/878_866.mp4,FAKE,509,1280,720
NeuralTextures/879_963.mp4,FAKE,692,832,480
NeuralTextures/880_135.mp4,FAKE,327,1920,1080
NeuralTextures/881_856.mp4,FAKE,638,704,480
NeuralTextures/882_952.mp4,FAKE,333,1920,1080
NeuralTextures/883_013.mp4,FAKE,332,960,720
NeuralTextures/884_968.mp4,FAKE,300,960,720
NeuralTextures/885_802.mp4,FAKE,329,640,480
NeuralTextures/886_877.mp4,FAKE,525,640,480
NeuralTextures/887_275.mp4,FAKE,339,640,480
NeuralTextures/888_937.mp4,FAKE,307,640,480
NeuralTextures/889_045.mp4,FAKE,329,1920,1080
NeuralTextures/890_837.mp4,FAKE,341,832,480
NeuralTextures/891_876.mp4,FAKE,296,1280,720
NeuralTextures/892_112.mp4,FAKE,311,1920,1080
NeuralTextures/893_913.mp4,FAKE,537,832,480
NeuralTextures/894_848.mp4,FAKE,328,1920,1080
NeuralTextures/895_915.mp4,FAKE,294,832,480
NeuralTextures/896_128.mp4,FAKE,531,640,480
NeuralTextures/897_969.mp4,FAKE,333,640,480
NeuralTextures/898_922.mp4,FAKE,349,640,480
NeuralTextures/899_914.mp4,FAKE,307,640,480
NeuralTextures/900_926.mp4,FAKE,333,640,480
NeuralTextures/901_902.mp4,FAKE,295,1280,720
NeuralTextures/902_901.mp4,FAKE,295,1280,720
NeuralTextures/903_792.mp4,FAKE,383,576,480
NeuralTextures/904_046.mp4,FAKE,359,1920,1080
NeuralTextures/905_860.mp4,FAKE,382,960,720
NeuralTextures/906_847.mp4,FAKE,301,1920,1080
NeuralTextures/907_795.mp4,FAKE,525,1280,720
NeuralTextures/908_207.mp4,FAKE,346,1920,1080
NeuralTextures/909_857.mp4,FAKE,637,640,480
NeuralTextures/910_911.mp4,FAKE,292,1280,720
NeuralTextures/911_910.mp4,FAKE,292,1280,720
NeuralTextures/912_927.mp4,FAKE,647,640,480
NeuralTextures/913_893.mp4,FAKE,537,608,480
NeuralTextures/914_899.mp4,FAKE,307,640,480
NeuralTextures/915_895.mp4,FAKE,294,1280,720
NeuralTextures/916_783.mp4,FAKE,403,1280,720
NeuralTextures/917_924.mp4,FAKE,448,640,480
NeuralTextures/918_934.mp4,FAKE,377,960,720
NeuralTextures/919_015.mp4,FAKE,437,640,480
NeuralTextures/920_811.mp4,FAKE,371,1920,1080
NeuralTextures/921_569.mp4,FAKE,296,1920,1080
NeuralTextures/922_898.mp4,FAKE,349,640,480
NeuralTextures/923_023.mp4,FAKE,553,1280,720
NeuralTextures/924_917.mp4,FAKE,448,576,480
NeuralTextures/925_933.mp4,FAKE,356,1280,720
NeuralTextures/926_900.mp4,FAKE,333,640,480
NeuralTextures/927_912.mp4,FAKE,647,640,480
NeuralTextures/928_160.mp4,FAKE,376,1280,720
NeuralTextures/929_962.mp4,FAKE,460,640,480
NeuralTextures/930_763.mp4,FAKE,448,640,480
NeuralTextures/931_936.mp4,FAKE,297,640,480
NeuralTextures/932_384.mp4,FAKE,462,1280,720
NeuralTextures/933_925.mp4,FAKE,356,1280,720
NeuralTextures/934_918.mp4,FAKE,377,1280,720
NeuralTextures/935_733.mp4,FAKE,518,1920,1080
NeuralTextures/936_931.mp4,FAKE,297,640,480
NeuralTextures/937_888.mp4,FAKE,307,640,480
NeuralTextures/938_987.mp4,FAKE,369,640,480
NeuralTextures/939_115.mp4,FAKE,320,640,480
NeuralTextures/940_941.mp4,FAKE,309,640,480
NeuralTextures/941_940.mp4,FAKE,309,832,480
NeuralTextures/942_943.mp4,FAKE,470,1280,720
NeuralTextures/943_942.mp4,FAKE,470,1280,720
NeuralTextures/944_032.mp4,FAKE,310,704,480
NeuralTextures/945_044.mp4,FAKE,335,1280,720
NeuralTextures/946_049.mp4,FAKE,360,1280,720
NeuralTextures/947_951.mp4,FAKE,641,1280,720
NeuralTextures/948_965.mp4,FAKE,348,1920,1080
NeuralTextures/949_868.mp4,FAKE,431,640,480
NeuralTextures/950_836.mp4,FAKE,343,1920,1080
NeuralTextures/951_947.mp4,FAKE,641,1280,720
NeuralTextures/952_882.mp4,FAKE,333,1280,720
NeuralTextures/953_974.mp4,FAKE,318,1280,720
NeuralTextures/954_976.mp4,FAKE,328,640,480
NeuralTextures/955_078.mp4,FAKE,523,640,480
NeuralTextures/956_958.mp4,FAKE,392,832,480
NeuralTextures/957_959.mp4,FAKE,418,1920,1080
NeuralTextures/958_956.mp4,FAKE,392,704,480
NeuralTextures/959_957.mp4,FAKE,418,1920,1080
NeuralTextures/960_999.mp4,FAKE,335,1280,720
NeuralTextures/961_069.mp4,FAKE,323,1280,720
NeuralTextures/962_929.mp4,FAKE,460,640,480
NeuralTextures/963_879.mp4,FAKE,692,832,480
NeuralTextures/964_174.mp4,FAKE,414,640,480
NeuralTextures/965_948.mp4,FAKE,348,1920,1080
NeuralTextures/966_988.mp4,FAKE,364,640,480
NeuralTextures/967_984.mp4,FAKE,339,1280,720
NeuralTextures/968_884.mp4,FAKE,300,1280,720
NeuralTextures/969_897.mp4,FAKE,333,640,480
NeuralTextures/970_973.mp4,FAKE,476,640,480
NeuralTextures/971_564.mp4,FAKE,354,1920,1080
NeuralTextures/972_718.mp4,FAKE,311,1920,1080
NeuralTextures/973_970.mp4,FAKE,476,576,480
NeuralTextures/974_953.mp4,FAKE,318,576,480
NeuralTextures/975_978.mp4,FAKE,304,1280,720
NeuralTextures/976_954.mp4,FAKE,328,832,480
NeuralTextures/977_075.mp4,FAKE,613,832,480
NeuralTextures/978_975.mp4,FAKE,304,1280,720
NeuralTextures/979_875.mp4,FAKE,335,1280,720
NeuralTextures/980_992.mp4,FAKE,383,640,480
NeuralTextures/981_985.mp4,FAKE,343,576,480
NeuralTextures/982_004.mp4,FAKE,309,832,480
NeuralTextures/983_113.mp4,FAKE,406,832,480
NeuralTextures/984_967.mp4,FAKE,339,1280,720
NeuralTextures/985_981.mp4,FAKE,343,640,480
NeuralTextures/986_994.mp4,FAKE,316,1280,720
NeuralTextures/987_938.mp4,FAKE,369,576,480
NeuralTextures/988_966.mp4,FAKE,364,576,480
NeuralTextures/989_993.mp4,FAKE,409,640,480
NeuralTextures/990_008.mp4,FAKE,305,832,480
NeuralTextures/991_064.mp4,FAKE,402,640,480
NeuralTextures/992_980.mp4,FAKE,383,576,480
NeuralTextures/993_989.mp4,FAKE,409,640,480
NeuralTextures/994_986.mp4,FAKE,316,640,480
NeuralTextures/995_233.mp4,FAKE,548,640,480
NeuralTextures/996_056.mp4,FAKE,312,704,480
NeuralTextures/997_040.mp4,FAKE,438,576,480
NeuralTextures/998_561.mp4,FAKE,344,1280,720
NeuralTextures/999_960.mp4,FAKE,335,640,480
DeepFakeDetection/01_02__meeting_serious__YVGY8LOK.mp4,FAKE,1044,1920,1080
DeepFakeDetection/01_02__outside_talking_still_laughing__YVGY8LOK.mp4,FAKE,727,1920,1080
DeepFakeDetection/01_02__talking_against_wall__YVGY8LOK.mp4,FAKE,841,1920,1080
DeepFakeDetection/01_02__walk_down_hall_angry__YVGY8LOK.mp4,FAKE,217,1920,1080
DeepFakeDetection/01_02__walking_down_indoor_hall_disgust__YVGY8LOK.mp4,FAKE,773,1920,1080
DeepFakeDetection/01_03__hugging_happy__ISF9SP4G.mp4,FAKE,605,1920,1080
DeepFakeDetection/01_03__kitchen_pan__JZUXXFRB.mp4,FAKE,455,1920,1080
DeepFakeDetection/01_03__podium_speech_happy__480LQD1C.mp4,FAKE,898,1920,1080
DeepFakeDetection/01_03__talking_against_wall__JZUXXFRB.mp4,FAKE,843,1920,1080
DeepFakeDetection/01_04__hugging_happy__GBC7ZGDP.mp4,FAKE,538,1920,1080
DeepFakeDetection/01_04__meeting_serious__0XUW13RW.mp4,FAKE,1045,1920,1080
DeepFakeDetection/01_04__talking_angry_couch__0XUW13RW.mp4,FAKE,1465,1920,1080
DeepFakeDetection/01_04__walk_down_hall_angry__GBC7ZGDP.mp4,FAKE,224,1920,1080
DeepFakeDetection/01_09__talking_angry_couch__P70H1JB0.mp4,FAKE,1463,1920,1080
DeepFakeDetection/01_11__hugging_happy__4OJNJLOO.mp4,FAKE,579,1920,1080
DeepFakeDetection/01_11__meeting_serious__9OM3VE0Y.mp4,FAKE,1045,1920,1080
DeepFakeDetection/01_11__meeting_serious__FCNL2OVP.mp4,FAKE,1045,1920,1080
DeepFakeDetection/01_11__outside_talking_pan_laughing__WIZ7GKOD.mp4,FAKE,506,1920,1080
DeepFakeDetection/01_11__secret_conversation__4OJNJLOO.mp4,FAKE,901,1920,1080
DeepFakeDetection/01_11__talking_against_wall__4OJNJLOO.mp4,FAKE,839,1920,1080
DeepFakeDetection/01_11__talking_against_wall__9229VVZ3.mp4,FAKE,843,1920,1080
DeepFakeDetection/01_11__talking_against_wall__UQ0BOBNO.mp4,FAKE,842,1920,1080
DeepFakeDetection/01_11__walking_outside_cafe_disgusted__FAFWDR4W.mp4,FAKE,240,1920,1080
DeepFakeDetection/01_12__outside_talking_pan_laughing__TNI7KUZ6.mp4,FAKE,292,1920,1080
DeepFakeDetection/01_12__outside_talking_still_laughing__TNI7KUZ6.mp4,FAKE,361,1920,1080
DeepFakeDetection/01_15__exit_phone_room__02HILKYO.mp4,FAKE,208,1920,1080
DeepFakeDetection/01_15__kitchen_still__02HILKYO.mp4,FAKE,551,1920,1080
DeepFakeDetection/01_15__meeting_serious__02HILKYO.mp4,FAKE,1045,1920,1080
DeepFakeDetection/01_15__outside_talking_pan_laughing__02HILKYO.mp4,FAKE,510,1920,1080
DeepFakeDetection/01_20__hugging_happy__FW94AIMJ.mp4,FAKE,540,1920,1080
DeepFakeDetection/01_20__kitchen_pan__6UBMLXK3.mp4,FAKE,471,1920,1080
DeepFakeDetection/01_20__outside_talking_pan_laughing__OTGHOG4Z.mp4,FAKE,504,1920,1080
DeepFakeDetection/01_20__outside_talking_still_laughing__FW94AIMJ.mp4,FAKE,727,1920,1080
DeepFakeDetection/01_20__walk_down_hall_angry__FW94AIMJ.mp4,FAKE,225,1920,1080
DeepFakeDetection/01_21__talking_angry_couch__03X7CELV.mp4,FAKE,1466,1920,1080
DeepFakeDetection/01_21__walk_down_hall_angry__03X7CELV.mp4,FAKE,225,1920,1080
DeepFakeDetection/01_26__outside_talking_pan_laughing__ZMEJ535O.mp4,FAKE,472,1920,1080
DeepFakeDetection/01_27__hugging_happy__ZYCZ30C0.mp4,FAKE,596,1920,1080
DeepFakeDetection/01_27__meeting_serious__ZYCZ30C0.mp4,FAKE,1045,1920,1080
DeepFakeDetection/01_27__outside_talking_pan_laughing__S2YCUY48.mp4,FAKE,511,1920,1080
DeepFakeDetection/01_27__outside_talking_still_laughing__ZYCZ30C0.mp4,FAKE,737,1920,1080
DeepFakeDetection/01_27__walking_outside_cafe_disgusted__ZYCZ30C0.mp4,FAKE,225,1920,1080
DeepFakeDetection/02_01__outside_talking_still_laughing__YVGY8LOK.mp4,FAKE,810,1920,1080
DeepFakeDetection/02_01__secret_conversation__YVGY8LOK.mp4,FAKE,641,1920,1080
DeepFakeDetection/02_01__walking_down_indoor_hall_disgust__YVGY8LOK.mp4,FAKE,821,1920,1080
DeepFakeDetection/02_01__walking_outside_cafe_disgusted__YVGY8LOK.mp4,FAKE,499,1920,1080
DeepFakeDetection/02_03__walking_down_street_outside_angry__QH3Y0IG0.mp4,FAKE,458,1920,1080
DeepFakeDetection/02_03__walking_outside_cafe_disgusted__QH3Y0IG0.mp4,FAKE,499,1920,1080
DeepFakeDetection/02_04__podium_speech_happy__8CH7R4LW.mp4,FAKE,1075,1920,1080
DeepFakeDetection/02_06__exit_phone_room__HZAXM70B.mp4,FAKE,261,1920,1080
DeepFakeDetection/02_06__podium_speech_happy__N8OSN8P6.mp4,FAKE,1076,1920,1080
DeepFakeDetection/02_06__podium_speech_happy__SU4OQCS9.mp4,FAKE,1076,1920,1080
DeepFakeDetection/02_06__talking_angry_couch__GH8TGTBS.mp4,FAKE,1278,1920,1080
DeepFakeDetection/02_06__talking_angry_couch__J1W9R0NG.mp4,FAKE,1269,1920,1080
DeepFakeDetection/02_06__talking_angry_couch__MKZTXQ2T.mp4,FAKE,1279,1920,1080
DeepFakeDetection/02_06__walk_down_hall_angry__0M6JNS5D.mp4,FAKE,227,1920,1080
DeepFakeDetection/02_06__walking_and_outside_surprised__N8OSN8P6.mp4,FAKE,792,1920,1080
DeepFakeDetection/02_06__walking_down_indoor_hall_disgust__U6MDWIHG.mp4,FAKE,821,1920,1080
DeepFakeDetection/02_07__exit_phone_room__9NVRE2KQ.mp4,FAKE,273,1920,1080
DeepFakeDetection/02_07__hugging_happy__1JCLEEBQ.mp4,FAKE,678,1920,1080
DeepFakeDetection/02_07__meeting_serious__1JCLEEBQ.mp4,FAKE,985,1920,1080
DeepFakeDetection/02_07__outside_talking_pan_laughing__O4SXNLRL.mp4,FAKE,633,1920,1080
DeepFakeDetection/02_07__secret_conversation__0IYV5DQ5.mp4,FAKE,648,1920,1080
DeepFakeDetection/02_07__walk_down_hall_angry__U7DEOZNV.mp4,FAKE,208,1920,1080
DeepFakeDetection/02_07__walking_and_outside_surprised__1VMZUH1W.mp4,FAKE,991,1920,1080
DeepFakeDetection/02_07__walking_down_street_outside_angry__O4SXNLRL.mp4,FAKE,484,1920,1080
DeepFakeDetection/02_09__exit_phone_room__HIH8YA82.mp4,FAKE,265,1920,1080
DeepFakeDetection/02_09__kitchen_pan__9TDCEK1Q.mp4,FAKE,573,1920,1080
DeepFakeDetection/02_09__kitchen_pan__HIH8YA82.mp4,FAKE,576,1920,1080
DeepFakeDetection/02_09__outside_talking_pan_laughing__6KUOFMZW.mp4,FAKE,621,1920,1080
DeepFakeDetection/02_09__podium_speech_happy__9TDCEK1Q.mp4,FAKE,1075,1920,1080
DeepFakeDetection/02_09__talking_angry_couch__6KUOFMZW.mp4,FAKE,1277,1920,1080
DeepFakeDetection/02_09__walk_down_hall_angry__6KUOFMZW.mp4,FAKE,208,1920,1080
DeepFakeDetection/02_09__walking_down_street_outside_angry__6KUOFMZW.mp4,FAKE,457,1920,1080
DeepFakeDetection/02_11__meeting_serious__NZJ1YEWE.mp4,FAKE,985,1920,1080
DeepFakeDetection/02_12__podium_speech_happy__9D2ZHEKW.mp4,FAKE,1058,1920,1080
DeepFakeDetection/02_12__walking_and_outside_surprised__9D2ZHEKW.mp4,FAKE,918,1920,1080
DeepFakeDetection/02_13__exit_phone_room__CP5HFV3K.mp4,FAKE,258,1920,1080
DeepFakeDetection/02_13__hugging_happy__PLNVLO74.mp4,FAKE,677,1920,1080
DeepFakeDetection/02_13__kitchen_pan__2YSYT2N3.mp4,FAKE,567,1920,1080
DeepFakeDetection/02_13__meeting_serious__CP5HFV3K.mp4,FAKE,985,1920,1080
DeepFakeDetection/02_13__outside_talking_pan_laughing__2YSYT2N3.mp4,FAKE,633,1920,1080
DeepFakeDetection/02_13__outside_talking_still_laughing__CP5HFV3K.mp4,FAKE,812,1920,1080
DeepFakeDetection/02_13__podium_speech_happy__2YSYT2N3.mp4,FAKE,1075,1920,1080
DeepFakeDetection/02_13__secret_conversation__CP5HFV3K.mp4,FAKE,33,1920,1080
DeepFakeDetection/02_13__secret_conversation__PLNVLO74.mp4,FAKE,640,1920,1080
DeepFakeDetection/02_13__walking_and_outside_surprised__CP5HFV3K.mp4,FAKE,788,1920,1080
DeepFakeDetection/02_14__outside_talking_pan_laughing__3IUBEKCT.mp4,FAKE,634,1920,1080
DeepFakeDetection/02_15__exit_phone_room__I8G2LWD1.mp4,FAKE,262,1920,1080
DeepFakeDetection/02_15__exit_phone_room__MZWH8ATN.mp4,FAKE,259,1920,1080
DeepFakeDetection/02_15__hugging_happy__MZWH8ATN.mp4,FAKE,679,1920,1080
DeepFakeDetection/02_15__hugging_happy__XNJIS4S3.mp4,FAKE,678,1920,1080
DeepFakeDetection/02_15__kitchen_still__XNJIS4S3.mp4,FAKE,855,1920,1080
DeepFakeDetection/02_15__meeting_serious__MZWH8ATN.mp4,FAKE,985,1920,1080
DeepFakeDetection/02_15__outside_talking_pan_laughing__I8G2LWD1.mp4,FAKE,632,1920,1080
DeepFakeDetection/02_15__outside_talking_pan_laughing__SB6PMCO0.mp4,FAKE,627,1920,1080
DeepFakeDetection/02_15__podium_speech_happy__MZWH8ATN.mp4,FAKE,1076,1920,1080
DeepFakeDetection/02_15__secret_conversation__MZWH8ATN.mp4,FAKE,38,1920,1080
DeepFakeDetection/02_15__talking_against_wall__HTG660F8.mp4,FAKE,990,1920,1080
DeepFakeDetection/02_15__talking_angry_couch__HTG660F8.mp4,FAKE,1280,1920,1080
DeepFakeDetection/02_15__talking_angry_couch__I8G2LWD1.mp4,FAKE,1278,1920,1080
DeepFakeDetection/02_15__walk_down_hall_angry__TN2CWM3K.mp4,FAKE,208,1920,1080
DeepFakeDetection/02_15__walking_and_outside_surprised__HTG660F8.mp4,FAKE,995,1920,1080
DeepFakeDetection/02_15__walking_and_outside_surprised__I8G2LWD1.mp4,FAKE,982,1920,1080
DeepFakeDetection/02_15__walking_and_outside_surprised__MZWH8ATN.mp4,FAKE,776,1920,1080
DeepFakeDetection/02_15__walking_outside_cafe_disgusted__MZWH8ATN.mp4,FAKE,517,1920,1080
DeepFakeDetection/02_18__exit_phone_room__OXMEEFUQ.mp4,FAKE,259,1920,1080
DeepFakeDetection/02_18__outside_talking_pan_laughing__OXMEEFUQ.mp4,FAKE,637,1920,1080
DeepFakeDetection/02_18__secret_conversation__B95S4G6F.mp4,FAKE,632,1920,1080
DeepFakeDetection/02_18__walk_down_hall_angry__B95S4G6F.mp4,FAKE,227,1920,1080
DeepFakeDetection/02_18__walking_down_street_outside_angry__21JTDDEL.mp4,FAKE,458,1920,1080
DeepFakeDetection/02_21__kitchen_pan__Z0XHPQAR.mp4,FAKE,574,1920,1080
DeepFakeDetection/02_21__talking_angry_couch__Z0XHPQAR.mp4,FAKE,1269,1920,1080
DeepFakeDetection/02_25__talking_against_wall__Z7FQ69VP.mp4,FAKE,990,1920,1080
DeepFakeDetection/02_27__hugging_happy__GVFLSZD5.mp4,FAKE,685,1920,1080
DeepFakeDetection/02_27__walk_down_hall_angry__78M8S6M6.mp4,FAKE,208,1920,1080
DeepFakeDetection/02_27__walking_down_indoor_hall_disgust__YQX5Z8GN.mp4,FAKE,821,1920,1080
DeepFakeDetection/02_27__walking_down_street_outside_angry__3L1MLH3D.mp4,FAKE,514,1920,1080
DeepFakeDetection/03_01__meeting_serious__JZUXXFRB.mp4,FAKE,959,1920,1080
DeepFakeDetection/03_01__outside_talking_still_laughing__JZUXXFRB.mp4,FAKE,939,1920,1080
DeepFakeDetection/03_01__podium_speech_happy__JZUXXFRB.mp4,FAKE,839,1920,1080
DeepFakeDetection/03_01__walking_and_outside_surprised__JZUXXFRB.mp4,FAKE,1082,1920,1080
DeepFakeDetection/03_02__secret_conversation__GYX5OFTD.mp4,FAKE,18,1920,1080
DeepFakeDetection/03_04__outside_talking_pan_laughing__T04P6ELC.mp4,FAKE,713,1920,1080
DeepFakeDetection/03_04__talking_angry_couch__T04P6ELC.mp4,FAKE,1453,1920,1080
DeepFakeDetection/03_06__exit_phone_room__1IXGY2FK.mp4,FAKE,530,1920,1080
DeepFakeDetection/03_06__hugging_happy__2XWC5JED.mp4,FAKE,814,1920,1080
DeepFakeDetection/03_06__meeting_serious__83ABVHC3.mp4,FAKE,960,1920,1080
DeepFakeDetection/03_06__podium_speech_happy__83ABVHC3.mp4,FAKE,839,1920,1080
DeepFakeDetection/03_07__exit_phone_room__6PHZRQ4H.mp4,FAKE,543,1920,1080
DeepFakeDetection/03_07__hugging_happy__BKLOCI1M.mp4,FAKE,815,1920,1080
DeepFakeDetection/03_07__kitchen_pan__WPT3Z2KN.mp4,FAKE,533,1920,1080
DeepFakeDetection/03_07__talking_against_wall__PWXXULHR.mp4,FAKE,910,1920,1080
DeepFakeDetection/03_07__walk_down_hall_angry__6PHZRQ4H.mp4,FAKE,446,1920,1080
DeepFakeDetection/03_07__walk_down_hall_angry__IFSURI9X.mp4,FAKE,446,1920,1080
DeepFakeDetection/03_07__walking_down_indoor_hall_disgust__PWXXULHR.mp4,FAKE,974,1920,1080
DeepFakeDetection/03_07__walking_outside_cafe_disgusted__CDSNLDQ8.mp4,FAKE,650,1920,1080
DeepFakeDetection/03_07__walking_outside_cafe_disgusted__IFSURI9X.mp4,FAKE,664,1920,1080
DeepFakeDetection/03_07__walking_outside_cafe_disgusted__PWXXULHR.mp4,FAKE,711,1920,1080
DeepFakeDetection/03_09__kitchen_pan__8DTEGQ54.mp4,FAKE,533,1920,1080
DeepFakeDetection/03_09__outside_talking_still_laughing__RCETIXYL.mp4,FAKE,940,1920,1080
DeepFakeDetection/03_09__secret_conversation__RCETIXYL.mp4,FAKE,795,1920,1080
DeepFakeDetection/03_11__exit_phone_room__P08VGHTA.mp4,FAKE,532,1920,1080
DeepFakeDetection/03_11__talking_against_wall__P08VGHTA.mp4,FAKE,910,1920,1080
DeepFakeDetection/03_11__walk_down_hall_angry__P08VGHTA.mp4,FAKE,437,1920,1080
DeepFakeDetection/03_13__exit_phone_room__GBYWJW06.mp4,FAKE,532,1920,1080
DeepFakeDetection/03_13__kitchen_pan__GBYWJW06.mp4,FAKE,533,1920,1080
DeepFakeDetection/03_13__meeting_serious__GBYWJW06.mp4,FAKE,958,1920,1080
DeepFakeDetection/03_13__meeting_serious__T3MZOI8X.mp4,FAKE,960,1920,1080
DeepFakeDetection/03_13__outside_talking_still_laughing__GBYWJW06.mp4,FAKE,940,1920,1080
DeepFakeDetection/03_13__talking_against_wall__GBYWJW06.mp4,FAKE,910,1920,1080
DeepFakeDetection/03_14__exit_phone_room__H0VQHGS3.mp4,FAKE,529,1920,1080
DeepFakeDetection/03_14__meeting_serious__KJ221YN0.mp4,FAKE,960,1920,1080
DeepFakeDetection/03_14__meeting_serious__PLCQJM81.mp4,FAKE,960,1920,1080
DeepFakeDetection/03_14__podium_speech_happy__Q9NSXM88.mp4,FAKE,839,1920,1080
DeepFakeDetection/03_14__talking_against_wall__ZC2KYASW.mp4,FAKE,910,1920,1080
DeepFakeDetection/03_14__walk_down_hall_angry__P1L5PF4I.mp4,FAKE,456,1920,1080
DeepFakeDetection/03_14__walking_down_indoor_hall_disgust__KJ221YN0.mp4,FAKE,1455,1920,1080
DeepFakeDetection/03_14__walking_down_street_outside_angry__H0VQHGS3.mp4,FAKE,943,1920,1080
DeepFakeDetection/03_15__kitchen_pan__AIOM1U5V.mp4,FAKE,534,1920,1080
DeepFakeDetection/03_15__kitchen_pan__DNUJD8M2.mp4,FAKE,533,1920,1080
DeepFakeDetection/03_15__meeting_serious__DNUJD8M2.mp4,FAKE,960,1920,1080
DeepFakeDetection/03_15__meeting_serious__OY4I7ZU8.mp4,FAKE,960,1920,1080
DeepFakeDetection/03_15__outside_talking_pan_laughing__Y11NT1YX.mp4,FAKE,713,1920,1080
DeepFakeDetection/03_15__outside_talking_still_laughing__DNUJD8M2.mp4,FAKE,943,1920,1080
DeepFakeDetection/03_15__podium_speech_happy__DG8ITQO3.mp4,FAKE,839,1920,1080
DeepFakeDetection/03_18__kitchen_pan__22UBC0BS.mp4,FAKE,533,1920,1080
DeepFakeDetection/03_18__walking_and_outside_surprised__8HNSXOBW.mp4,FAKE,764,1920,1080
DeepFakeDetection/03_18__walking_outside_cafe_disgusted__22UBC0BS.mp4,FAKE,710,1920,1080
DeepFakeDetection/03_20__kitchen_still__Z6V05FXO.mp4,FAKE,955,1920,1080
DeepFakeDetection/03_20__walk_down_hall_angry__61SVZ2J7.mp4,FAKE,456,1920,1080
DeepFakeDetection/03_21__exit_phone_room__YCSEBZO4.mp4,FAKE,543,1920,1080
DeepFakeDetection/03_21__kitchen_pan__YCSEBZO4.mp4,FAKE,533,1920,1080
DeepFakeDetection/03_21__meeting_serious__V53E3RVB.mp4,FAKE,960,1920,1080
DeepFakeDetection/03_21__secret_conversation__YCSEBZO4.mp4,FAKE,796,1920,1080
DeepFakeDetection/03_26__kitchen_pan__WBSXBL82.mp4,FAKE,531,1920,1080
DeepFakeDetection/03_26__kitchen_still__WBSXBL82.mp4,FAKE,955,1920,1080
DeepFakeDetection/03_26__talking_against_wall__WBSXBL82.mp4,FAKE,910,1920,1080
DeepFakeDetection/03_26__walk_down_hall_angry__WBSXBL82.mp4,FAKE,438,1920,1080
DeepFakeDetection/03_27__walk_down_hall_angry__IL675GCI.mp4,FAKE,446,1920,1080
DeepFakeDetection/03_27__walking_and_outside_surprised__KWGI1LSZ.mp4,FAKE,1108,1920,1080
DeepFakeDetection/03_27__walking_down_indoor_hall_disgust__IL675GCI.mp4,FAKE,1447,1920,1080
DeepFakeDetection/04_01__exit_phone_room__0XUW13RW.mp4,FAKE,382,1920,1080
DeepFakeDetection/04_01__kitchen_pan__GBC7ZGDP.mp4,FAKE,481,1920,1080
DeepFakeDetection/04_01__kitchen_still__6I623VU9.mp4,FAKE,840,1920,1080
DeepFakeDetection/04_01__kitchen_still__GBC7ZGDP.mp4,FAKE,840,1920,1080
DeepFakeDetection/04_01__outside_talking_still_laughing__0XUW13RW.mp4,FAKE,810,1920,1080
DeepFakeDetection/04_01__outside_talking_still_laughing__6I623VU9.mp4,FAKE,810,1920,1080
DeepFakeDetection/04_01__secret_conversation__6I623VU9.mp4,FAKE,862,1920,1080
DeepFakeDetection/04_01__walk_down_hall_angry__GBC7ZGDP.mp4,FAKE,182,1920,1080
DeepFakeDetection/04_01__walking_down_street_outside_angry__GBC7ZGDP.mp4,FAKE,453,1920,1080
DeepFakeDetection/04_06__kitchen_still__ZK95PQDE.mp4,FAKE,840,1920,1080
DeepFakeDetection/04_07__exit_phone_room__ITC0C48B.mp4,FAKE,328,1920,1080
DeepFakeDetection/04_07__kitchen_pan__XRK7FGZX.mp4,FAKE,481,1920,1080
DeepFakeDetection/04_07__outside_talking_still_laughing__QKCCFKBT.mp4,FAKE,810,1920,1080
DeepFakeDetection/04_07__outside_talking_still_laughing__XRK7FGZX.mp4,FAKE,810,1920,1080
DeepFakeDetection/04_12__walking_down_street_outside_angry__96TQKDFJ.mp4,FAKE,453,1920,1080
DeepFakeDetection/04_13__podium_speech_happy__00T3UYOR.mp4,FAKE,932,1920,1080
DeepFakeDetection/04_13__secret_conversation__00T3UYOR.mp4,FAKE,861,1920,1080
DeepFakeDetection/04_13__walking_down_street_outside_angry__00T3UYOR.mp4,FAKE,434,1920,1080
DeepFakeDetection/04_13__walking_outside_cafe_disgusted__00T3UYOR.mp4,FAKE,367,1920,1080
DeepFakeDetection/04_18__kitchen_still__NAXINA1N.mp4,FAKE,840,1920,1080
DeepFakeDetection/04_21__outside_talking_still_laughing__5Y31RZP8.mp4,FAKE,810,1920,1080
DeepFakeDetection/04_21__talking_angry_couch__5Y31RZP8.mp4,FAKE,1380,1920,1080
DeepFakeDetection/04_21__walking_down_street_outside_angry__5Y31RZP8.mp4,FAKE,471,1920,1080
DeepFakeDetection/04_26__kitchen_pan__MS2MLJP1.mp4,FAKE,480,1920,1080
DeepFakeDetection/04_26__outside_talking_pan_laughing__WX836VLY.mp4,FAKE,787,1920,1080
DeepFakeDetection/04_26__outside_talking_still_laughing__WX836VLY.mp4,FAKE,810,1920,1080
DeepFakeDetection/04_26__walking_outside_cafe_disgusted__MS2MLJP1.mp4,FAKE,378,1920,1080
DeepFakeDetection/04_27__walking_outside_cafe_disgusted__2CCI2ND1.mp4,FAKE,379,1920,1080
DeepFakeDetection/05_08__exit_phone_room__YN1Q9TER.mp4,FAKE,417,1920,1080
DeepFakeDetection/05_08__talking_against_wall__PRBCE28Z.mp4,FAKE,835,1920,1080
DeepFakeDetection/05_16__exit_phone_room__B62WCGUN.mp4,FAKE,405,1920,1080
DeepFakeDetection/05_16__kitchen_still__053HPS1G.mp4,FAKE,875,1920,1080
DeepFakeDetection/05_16__kitchen_still__B62WCGUN.mp4,FAKE,875,1920,1080
DeepFakeDetection/05_16__walk_down_hall_angry__OSXCUOHX.mp4,FAKE,420,1920,1080
DeepFakeDetection/05_16__walk_down_hall_angry__U9WZI5LK.mp4,FAKE,420,1920,1080
DeepFakeDetection/05_16__walking_down_street_outside_angry__OSXCUOHX.mp4,FAKE,630,1920,1080
DeepFakeDetection/05_17__hugging_happy__YTJYYDO9.mp4,FAKE,816,1920,1080
DeepFakeDetection/05_17__walking_down_street_outside_angry__M3H96PDQ.mp4,FAKE,655,1920,1080
DeepFakeDetection/05_17__walking_outside_cafe_disgusted__C4VHXZFY.mp4,FAKE,609,1920,1080
DeepFakeDetection/05_28__exit_phone_room__U9LRLJ6N.mp4,FAKE,405,1920,1080
DeepFakeDetection/05_28__hugging_happy__VR9127O1.mp4,FAKE,819,1920,1080
DeepFakeDetection/05_28__kitchen_still__W3J028UG.mp4,FAKE,875,1920,1080
DeepFakeDetection/05_28__walking_outside_cafe_disgusted__2DK5X0Y0.mp4,FAKE,623,1920,1080
DeepFakeDetection/06_02__podium_speech_happy__N8OSN8P6.mp4,FAKE,1255,1920,1080
DeepFakeDetection/06_02__walk_down_hall_angry__37DH75GQ.mp4,FAKE,301,1920,1080
DeepFakeDetection/06_02__walking_down_indoor_hall_disgust__GH8TGTBS.mp4,FAKE,1291,1920,1080
DeepFakeDetection/06_03__talking_against_wall__4I8LRXWF.mp4,FAKE,845,1920,1080
DeepFakeDetection/06_04__outside_talking_still_laughing__ZK95PQDE.mp4,FAKE,669,1920,1080
DeepFakeDetection/06_04__walking_outside_cafe_disgusted__ZK95PQDE.mp4,FAKE,315,1920,1080
DeepFakeDetection/06_07__exit_phone_room__NMGYPBXE.mp4,FAKE,260,1920,1080
DeepFakeDetection/06_07__kitchen_pan__NMGYPBXE.mp4,FAKE,689,1920,1080
DeepFakeDetection/06_07__outside_talking_pan_laughing__NMGYPBXE.mp4,FAKE,623,1920,1080
DeepFakeDetection/06_07__talking_against_wall__NMGYPBXE.mp4,FAKE,845,1920,1080
DeepFakeDetection/06_07__walking_down_street_outside_angry__NMGYPBXE.mp4,FAKE,565,1920,1080
DeepFakeDetection/06_07__walking_outside_cafe_disgusted__NMGYPBXE.mp4,FAKE,342,1920,1080
DeepFakeDetection/06_11__kitchen_still__C8C4FW99.mp4,FAKE,915,1920,1080
DeepFakeDetection/06_11__walking_and_outside_surprised__C8C4FW99.mp4,FAKE,977,1920,1080
DeepFakeDetection/06_11__walking_outside_cafe_disgusted__MX659QU8.mp4,FAKE,315,1920,1080
DeepFakeDetection/06_12__outside_talking_pan_laughing__3K21NFNM.mp4,FAKE,586,1920,1080
DeepFakeDetection/06_12__outside_talking_still_laughing__3K21NFNM.mp4,FAKE,680,1920,1080
DeepFakeDetection/06_12__podium_speech_happy__0VR4Y891.mp4,FAKE,1239,1920,1080
DeepFakeDetection/06_12__podium_speech_happy__3K21NFNM.mp4,FAKE,1246,1920,1080
DeepFakeDetection/06_12__walking_and_outside_surprised__3K21NFNM.mp4,FAKE,978,1920,1080
DeepFakeDetection/06_14__outside_talking_pan_laughing__8U9ULZDT.mp4,FAKE,621,1920,1080
DeepFakeDetection/06_14__walking_and_outside_surprised__8U9ULZDT.mp4,FAKE,977,1920,1080
DeepFakeDetection/06_14__walking_down_indoor_hall_disgust__8U9ULZDT.mp4,FAKE,1358,1920,1080
DeepFakeDetection/06_15__exit_phone_room__QRCD27P8.mp4,FAKE,262,1920,1080
DeepFakeDetection/06_15__kitchen_pan__E98QYYXO.mp4,FAKE,688,1920,1080
DeepFakeDetection/06_15__kitchen_still__QRCD27P8.mp4,FAKE,915,1920,1080
DeepFakeDetection/06_15__outside_talking_still_laughing__E98QYYXO.mp4,FAKE,746,1920,1080
DeepFakeDetection/06_15__outside_talking_still_laughing__QRCD27P8.mp4,FAKE,720,1920,1080
DeepFakeDetection/06_15__walking_and_outside_surprised__QRCD27P8.mp4,FAKE,986,1920,1080
DeepFakeDetection/06_15__walking_down_indoor_hall_disgust__QRCD27P8.mp4,FAKE,1357,1920,1080
DeepFakeDetection/06_18__kitchen_still__XJ76YU5A.mp4,FAKE,915,1920,1080
DeepFakeDetection/06_18__outside_talking_pan_laughing__DEA1TCLN.mp4,FAKE,625,1920,1080
DeepFakeDetection/06_18__outside_talking_still_laughing__M36D0OJT.mp4,FAKE,661,1920,1080
DeepFakeDetection/06_18__podium_speech_happy__5HNHMK6G.mp4,FAKE,1255,1920,1080
DeepFakeDetection/06_18__podium_speech_happy__DEA1TCLN.mp4,FAKE,1255,1920,1080
DeepFakeDetection/06_18__talking_angry_couch__DEA1TCLN.mp4,FAKE,1181,1920,1080
DeepFakeDetection/06_18__walk_down_hall_angry__LH0KWJKM.mp4,FAKE,301,1920,1080
DeepFakeDetection/06_18__walking_down_indoor_hall_disgust__DEA1TCLN.mp4,FAKE,1290,1920,1080
DeepFakeDetection/06_18__walking_down_street_outside_angry__MVXBDKGB.mp4,FAKE,549,1920,1080
DeepFakeDetection/06_20__kitchen_pan__6SUW7063.mp4,FAKE,686,1920,1080
DeepFakeDetection/06_25__outside_talking_pan_laughing__MI9BDQ7M.mp4,FAKE,593,1920,1080
DeepFakeDetection/06_25__talking_angry_couch__MI9BDQ7M.mp4,FAKE,1177,1920,1080
DeepFakeDetection/06_25__walking_and_outside_surprised__MI9BDQ7M.mp4,FAKE,976,1920,1080
DeepFakeDetection/06_26__kitchen_pan__L5BVR5L9.mp4,FAKE,687,1920,1080
DeepFakeDetection/06_26__kitchen_still__L5BVR5L9.mp4,FAKE,915,1920,1080
DeepFakeDetection/06_26__talking_against_wall__L5BVR5L9.mp4,FAKE,845,1920,1080
DeepFakeDetection/06_26__talking_angry_couch__L5BVR5L9.mp4,FAKE,1178,1920,1080
DeepFakeDetection/06_27__outside_talking_still_laughing__SZWVBWY4.mp4,FAKE,739,1920,1080
DeepFakeDetection/06_27__talking_angry_couch__JOG5PB18.mp4,FAKE,1180,1920,1080
DeepFakeDetection/06_27__walking_and_outside_surprised__O7L5Z9U8.mp4,FAKE,1002,1920,1080
DeepFakeDetection/06_27__walking_and_outside_surprised__SZWVBWY4.mp4,FAKE,997,1920,1080
DeepFakeDetection/06_27__walking_outside_cafe_disgusted__VN14WY2N.mp4,FAKE,317,1920,1080
DeepFakeDetection/07_02__exit_phone_room__1KPVZAAP.mp4,FAKE,387,1920,1080
DeepFakeDetection/07_02__hugging_happy__O4SXNLRL.mp4,FAKE,684,1920,1080
DeepFakeDetection/07_02__kitchen_pan__O4SXNLRL.mp4,FAKE,545,1920,1080
DeepFakeDetection/07_02__talking_against_wall__34PVT42V.mp4,FAKE,734,1920,1080
DeepFakeDetection/07_02__talking_angry_couch__1H07DFQJ.mp4,FAKE,1567,1920,1080
DeepFakeDetection/07_02__walk_down_hall_angry__O4SXNLRL.mp4,FAKE,552,1920,1080
DeepFakeDetection/07_02__walking_down_street_outside_angry__O4SXNLRL.mp4,FAKE,580,1920,1080
DeepFakeDetection/07_03__hugging_happy__7NGMD8FT.mp4,FAKE,729,1920,1080
DeepFakeDetection/07_03__hugging_happy__WPT3Z2KN.mp4,FAKE,752,1920,1080
DeepFakeDetection/07_03__kitchen_pan__WPT3Z2KN.mp4,FAKE,545,1920,1080
DeepFakeDetection/07_03__outside_talking_pan_laughing__6PHZRQ4H.mp4,FAKE,702,1920,1080
DeepFakeDetection/07_03__outside_talking_pan_laughing__IFSURI9X.mp4,FAKE,703,1920,1080
DeepFakeDetection/07_03__outside_talking_still_laughing__IFSURI9X.mp4,FAKE,852,1920,1080
DeepFakeDetection/07_03__podium_speech_happy__6PHZRQ4H.mp4,FAKE,1079,1920,1080
DeepFakeDetection/07_03__secret_conversation__IFSURI9X.mp4,FAKE,684,1920,1080
DeepFakeDetection/07_03__talking_against_wall__IFSURI9X.mp4,FAKE,743,1920,1080
DeepFakeDetection/07_03__talking_angry_couch__WPT3Z2KN.mp4,FAKE,1544,1920,1080
DeepFakeDetection/07_03__walk_down_hall_angry__W3MXGEU9.mp4,FAKE,568,1920,1080
DeepFakeDetection/07_03__walking_outside_cafe_disgusted__F0YYEA5W.mp4,FAKE,477,1920,1080
DeepFakeDetection/07_04__exit_phone_room__QKCCFKBT.mp4,FAKE,395,1920,1080
DeepFakeDetection/07_04__kitchen_pan__XRK7FGZX.mp4,FAKE,549,1920,1080
DeepFakeDetection/07_04__kitchen_still__M2NBCLFR.mp4,FAKE,814,1920,1080
DeepFakeDetection/07_04__outside_talking_still_laughing__XRK7FGZX.mp4,FAKE,855,1920,1080
DeepFakeDetection/07_06__kitchen_pan__NMGYPBXE.mp4,FAKE,532,1920,1080
DeepFakeDetection/07_06__outside_talking_still_laughing__NMGYPBXE.mp4,FAKE,855,1920,1080
DeepFakeDetection/07_06__walking_down_street_outside_angry__NMGYPBXE.mp4,FAKE,563,1920,1080
DeepFakeDetection/07_09__outside_talking_still_laughing__N9CWME71.mp4,FAKE,857,1920,1080
DeepFakeDetection/07_09__secret_conversation__N9CWME71.mp4,FAKE,634,1920,1080
DeepFakeDetection/07_09__walk_down_hall_angry__N9CWME71.mp4,FAKE,560,1920,1080
DeepFakeDetection/07_12__outside_talking_pan_laughing__0VN0A2T3.mp4,FAKE,510,1920,1080
DeepFakeDetection/07_12__outside_talking_still_laughing__0VN0A2T3.mp4,FAKE,613,1920,1080
DeepFakeDetection/07_12__talking_against_wall__0VN0A2T3.mp4,FAKE,311,1920,1080
DeepFakeDetection/07_13__walking_outside_cafe_disgusted__RVQCPCJF.mp4,FAKE,422,1920,1080
DeepFakeDetection/07_14__exit_phone_room__P9QFO50U.mp4,FAKE,395,1920,1080
DeepFakeDetection/07_14__outside_talking_pan_laughing__P9QFO50U.mp4,FAKE,703,1920,1080
DeepFakeDetection/07_14__podium_speech_happy__VOX29AK0.mp4,FAKE,1076,1920,1080
DeepFakeDetection/07_14__talking_against_wall__P9QFO50U.mp4,FAKE,759,1920,1080
DeepFakeDetection/07_14__walking_down_street_outside_angry__VOX29AK0.mp4,FAKE,557,1920,1080
DeepFakeDetection/07_15__hugging_happy__9Z2MLKVX.mp4,FAKE,723,1920,1080
DeepFakeDetection/07_15__outside_talking_still_laughing__KM6M2TBT.mp4,FAKE,859,1920,1080
DeepFakeDetection/07_15__walking_down_street_outside_angry__NYPO7U50.mp4,FAKE,564,1920,1080
DeepFakeDetection/07_20__outside_talking_pan_laughing__KV6Q7D6C.mp4,FAKE,704,1920,1080
DeepFakeDetection/07_20__talking_against_wall__KV6Q7D6C.mp4,FAKE,744,1920,1080
DeepFakeDetection/07_21__exit_phone_room__K7KXUHMU.mp4,FAKE,403,1920,1080
DeepFakeDetection/07_21__outside_talking_still_laughing__K7KXUHMU.mp4,FAKE,834,1920,1080
DeepFakeDetection/07_21__secret_conversation__CRGVSDBI.mp4,FAKE,391,1920,1080
DeepFakeDetection/07_21__talking_against_wall__MKU99DVX.mp4,FAKE,652,1920,1080
DeepFakeDetection/07_21__walking_down_street_outside_angry__K7KXUHMU.mp4,FAKE,531,1920,1080
DeepFakeDetection/07_25__exit_phone_room__IKMKYKPG.mp4,FAKE,390,1920,1080
DeepFakeDetection/07_25__walk_down_hall_angry__PAE9HCA8.mp4,FAKE,432,1920,1080
DeepFakeDetection/07_25__walking_down_street_outside_angry__IKMKYKPG.mp4,FAKE,552,1920,1080
DeepFakeDetection/07_26__walk_down_hall_angry__FGNGC2GT.mp4,FAKE,543,1920,1080
DeepFakeDetection/07_26__walking_down_street_outside_angry__FGNGC2GT.mp4,FAKE,541,1920,1080
DeepFakeDetection/07_27__walking_down_street_outside_angry__3RH5PR6S.mp4,FAKE,579,1920,1080
DeepFakeDetection/08_05__kitchen_still__LVIZ2X8P.mp4,FAKE,881,1920,1080
DeepFakeDetection/08_05__walk_down_hall_angry__FBICSP2C.mp4,FAKE,276,1920,1080
DeepFakeDetection/08_05__walk_down_hall_angry__PRBCE28Z.mp4,FAKE,228,1920,1080
DeepFakeDetection/08_16__podium_speech_happy__8Q7JCS95.mp4,FAKE,1071,1920,1080
DeepFakeDetection/08_16__talking_against_wall__8Q7JCS95.mp4,FAKE,1022,1920,1080
DeepFakeDetection/08_17__kitchen_pan__JZYRLJ8T.mp4,FAKE,577,1920,1080
DeepFakeDetection/08_17__kitchen_still__ZCEYWYTC.mp4,FAKE,915,1920,1080
DeepFakeDetection/08_17__walk_down_hall_angry__QOX5NWIJ.mp4,FAKE,245,1920,1080
DeepFakeDetection/08_28__kitchen_pan__LVT0XNQG.mp4,FAKE,581,1920,1080
DeepFakeDetection/08_28__outside_talking_pan_laughing__8BC35RFU.mp4,FAKE,591,1920,1080
DeepFakeDetection/08_28__outside_talking_still_laughing__8BC35RFU.mp4,FAKE,736,1920,1080
DeepFakeDetection/09_01__talking_against_wall__O8HNNX43.mp4,FAKE,975,1920,1080
DeepFakeDetection/09_01__walk_down_hall_angry__6TSGVLHA.mp4,FAKE,335,1920,1080
DeepFakeDetection/09_02__exit_phone_room__6KUOFMZW.mp4,FAKE,339,1920,1080
DeepFakeDetection/09_02__walk_down_hall_angry__6KUOFMZW.mp4,FAKE,307,1920,1080
DeepFakeDetection/09_02__walking_down_street_outside_angry__6KUOFMZW.mp4,FAKE,387,1920,1080
DeepFakeDetection/09_02__walking_down_street_outside_angry__9TDCEK1Q.mp4,FAKE,425,1920,1080
DeepFakeDetection/09_03__kitchen_pan__8DTEGQ54.mp4,FAKE,663,1920,1080
DeepFakeDetection/09_03__talking_against_wall__8DTEGQ54.mp4,FAKE,975,1920,1080
DeepFakeDetection/09_03__talking_angry_couch__RCETIXYL.mp4,FAKE,1318,1920,1080
DeepFakeDetection/09_07__kitchen_pan__N9CWME71.mp4,FAKE,656,1920,1080
DeepFakeDetection/09_11__talking_against_wall__INNOT5UE.mp4,FAKE,975,1920,1080
DeepFakeDetection/09_13__exit_phone_room__YP7MGDQ6.mp4,FAKE,312,1920,1080
DeepFakeDetection/09_13__kitchen_pan__21H6XSPE.mp4,FAKE,647,1920,1080
DeepFakeDetection/09_13__outside_talking_pan_laughing__6K90KFOQ.mp4,FAKE,723,1920,1080
DeepFakeDetection/09_13__outside_talking_pan_laughing__LPT427RY.mp4,FAKE,707,1920,1080
DeepFakeDetection/09_13__outside_talking_still_laughing__NDMHWBT1.mp4,FAKE,818,1920,1080
DeepFakeDetection/09_13__walk_down_hall_angry__BVZGDFD8.mp4,FAKE,308,1920,1080
DeepFakeDetection/09_13__walking_down_street_outside_angry__NDMHWBT1.mp4,FAKE,408,1920,1080
DeepFakeDetection/09_14__outside_talking_still_laughing__FRY0IZ4R.mp4,FAKE,855,1920,1080
DeepFakeDetection/09_14__talking_angry_couch__6TEK3ZX0.mp4,FAKE,1324,1920,1080
DeepFakeDetection/09_18__outside_talking_pan_laughing__3VP8836C.mp4,FAKE,733,1920,1080
DeepFakeDetection/09_18__walking_down_street_outside_angry__3VP8836C.mp4,FAKE,408,1920,1080
DeepFakeDetection/09_20__kitchen_pan__98NUQ3E6.mp4,FAKE,652,1920,1080
DeepFakeDetection/09_20__outside_talking_still_laughing__MKEWB4SM.mp4,FAKE,853,1920,1080
DeepFakeDetection/09_20__podium_speech_happy__O5X0AWR9.mp4,FAKE,1023,1920,1080
DeepFakeDetection/09_20__podium_speech_happy__RAGUKRMK.mp4,FAKE,1023,1920,1080
DeepFakeDetection/09_20__talking_angry_couch__0IRM5ADD.mp4,FAKE,1324,1920,1080
DeepFakeDetection/09_20__talking_angry_couch__98NUQ3E6.mp4,FAKE,1317,1920,1080
DeepFakeDetection/09_20__walk_down_hall_angry__MKEWB4SM.mp4,FAKE,309,1920,1080
DeepFakeDetection/09_25__talking_angry_couch__5041ODBN.mp4,FAKE,1297,1920,1080
DeepFakeDetection/09_25__walking_down_street_outside_angry__5041ODBN.mp4,FAKE,408,1920,1080
DeepFakeDetection/09_26__exit_phone_room__XXGYLT82.mp4,FAKE,337,1920,1080
DeepFakeDetection/09_26__talking_against_wall__C3K20JOL.mp4,FAKE,975,1920,1080
DeepFakeDetection/09_26__walk_down_hall_angry__QSE5A0GF.mp4,FAKE,336,1920,1080
DeepFakeDetection/09_27__walking_down_street_outside_angry__RC9KATOO.mp4,FAKE,387,1920,1080
DeepFakeDetection/10_19__kitchen_still__IDX76N5R.mp4,FAKE,874,1920,1080
DeepFakeDetection/10_19__outside_talking_still_laughing__O2IKR6YM.mp4,FAKE,760,1920,1080
DeepFakeDetection/10_19__walking_down_street_outside_angry__IDX76N5R.mp4,FAKE,849,1920,1080
DeepFakeDetection/10_22__exit_phone_room__G48B2EQ2.mp4,FAKE,293,1920,1080
DeepFakeDetection/10_22__kitchen_pan__EHARPYBT.mp4,FAKE,670,1920,1080
DeepFakeDetection/10_22__kitchen_pan__PUJR4HJ1.mp4,FAKE,672,1920,1080
DeepFakeDetection/10_22__kitchen_still__EHARPYBT.mp4,FAKE,867,1920,1080
DeepFakeDetection/10_22__outside_talking_pan_laughing__8YQ2EUQP.mp4,FAKE,741,1920,1080
DeepFakeDetection/10_22__outside_talking_pan_laughing__G48B2EQ2.mp4,FAKE,738,1920,1080
DeepFakeDetection/10_22__podium_speech_happy__EHARPYBT.mp4,FAKE,953,1920,1080
DeepFakeDetection/10_23__kitchen_pan__GYY4VANY.mp4,FAKE,669,1920,1080
DeepFakeDetection/10_23__outside_talking_pan_laughing__CU6SNBFZ.mp4,FAKE,737,1920,1080
DeepFakeDetection/10_23__outside_talking_pan_laughing__ZHJO34DY.mp4,FAKE,741,1920,1080
DeepFakeDetection/10_23__talking_against_wall__W02WYPCX.mp4,FAKE,981,1920,1080
DeepFakeDetection/10_24__exit_phone_room__356HPS7R.mp4,FAKE,223,1920,1080
DeepFakeDetection/11_01__podium_speech_happy__WIZ7GKOD.mp4,FAKE,1176,1920,1080
DeepFakeDetection/11_01__secret_conversation__WIZ7GKOD.mp4,FAKE,66,1920,1080
DeepFakeDetection/11_01__talking_against_wall__4OJNJLOO.mp4,FAKE,880,1920,1080
DeepFakeDetection/11_01__talking_against_wall__EKE2KNRE.mp4,FAKE,880,1920,1080
DeepFakeDetection/11_01__talking_angry_couch__LL4RUKZA.mp4,FAKE,1590,1920,1080
DeepFakeDetection/11_03__outside_talking_pan_laughing__P08VGHTA.mp4,FAKE,688,1920,1080
DeepFakeDetection/11_03__talking_against_wall__P08VGHTA.mp4,FAKE,880,1920,1080
DeepFakeDetection/11_03__walking_outside_cafe_disgusted__P08VGHTA.mp4,FAKE,711,1920,1080
DeepFakeDetection/11_04__talking_angry_couch__JRQWOV1G.mp4,FAKE,1590,1920,1080
DeepFakeDetection/11_06__outside_talking_pan_laughing__C8C4FW99.mp4,FAKE,686,1920,1080
DeepFakeDetection/11_06__outside_talking_pan_laughing__MX659QU8.mp4,FAKE,683,1920,1080
DeepFakeDetection/11_06__outside_talking_still_laughing__C8C4FW99.mp4,FAKE,738,1920,1080
DeepFakeDetection/11_07__exit_phone_room__PGC20QSY.mp4,FAKE,765,1920,1080
DeepFakeDetection/11_07__kitchen_still__R7R86Z62.mp4,FAKE,786,1920,1080
DeepFakeDetection/11_13__outside_talking_still_laughing__61T622EK.mp4,FAKE,735,1920,1080
DeepFakeDetection/11_13__talking_angry_couch__61T622EK.mp4,FAKE,1542,1920,1080
DeepFakeDetection/11_18__secret_conversation__PT4YKO2R.mp4,FAKE,65,1920,1080
DeepFakeDetection/11_18__walking_outside_cafe_disgusted__R1NMCHKG.mp4,FAKE,739,1920,1080
DeepFakeDetection/11_21__kitchen_pan__T7DK03O1.mp4,FAKE,686,1920,1080
DeepFakeDetection/11_21__kitchen_still__N6YQW2AP.mp4,FAKE,774,1920,1080
DeepFakeDetection/11_21__podium_speech_happy__T7DK03O1.mp4,FAKE,1181,1920,1080
DeepFakeDetection/11_26__kitchen_still__7C0VKV43.mp4,FAKE,787,1920,1080
DeepFakeDetection/11_26__walk_down_hall_angry__7C0VKV43.mp4,FAKE,718,1920,1080
DeepFakeDetection/12_02__podium_speech_happy__9D2ZHEKW.mp4,FAKE,973,1920,1080
DeepFakeDetection/12_06__hugging_happy__3K21NFNM.mp4,FAKE,889,1920,1080
DeepFakeDetection/12_06__outside_talking_pan_laughing__0VR4Y891.mp4,FAKE,825,1920,1080
DeepFakeDetection/12_06__outside_talking_still_laughing__3K21NFNM.mp4,FAKE,772,1920,1080
DeepFakeDetection/12_06__podium_speech_happy__0VR4Y891.mp4,FAKE,971,1920,1080
DeepFakeDetection/12_06__walk_down_hall_angry__3K21NFNM.mp4,FAKE,393,1920,1080
DeepFakeDetection/12_06__walking_and_outside_surprised__3K21NFNM.mp4,FAKE,778,1920,1080
DeepFakeDetection/12_06__walking_down_street_outside_angry__F3I4PDYF.mp4,FAKE,526,1920,1080
DeepFakeDetection/12_07__outside_talking_pan_laughing__KAG65PEE.mp4,FAKE,831,1920,1080
DeepFakeDetection/12_07__outside_talking_still_laughing__KAG65PEE.mp4,FAKE,767,1920,1080
DeepFakeDetection/12_07__walking_down_indoor_hall_disgust__KAG65PEE.mp4,FAKE,1263,1920,1080
DeepFakeDetection/12_13__podium_speech_happy__BFH4F0N8.mp4,FAKE,972,1920,1080
DeepFakeDetection/12_13__podium_speech_happy__N8IGC93J.mp4,FAKE,972,1920,1080
DeepFakeDetection/12_13__secret_conversation__DJ7MF331.mp4,FAKE,481,1920,1080
DeepFakeDetection/12_13__walk_down_hall_angry__6G44TDN4.mp4,FAKE,403,1920,1080
DeepFakeDetection/12_13__walking_and_outside_surprised__DJ7MF331.mp4,FAKE,768,1920,1080
DeepFakeDetection/12_14__outside_talking_pan_laughing__Z7EWFA0P.mp4,FAKE,825,1920,1080
DeepFakeDetection/12_14__walk_down_hall_angry__Z7EWFA0P.mp4,FAKE,402,1920,1080
DeepFakeDetection/12_15__hugging_happy__N0SRODQD.mp4,FAKE,885,1920,1080
DeepFakeDetection/12_15__kitchen_pan__N0SRODQD.mp4,FAKE,684,1920,1080
DeepFakeDetection/12_15__kitchen_still__RK17XFJ9.mp4,FAKE,714,1920,1080
DeepFakeDetection/12_15__outside_talking_still_laughing__RK17XFJ9.mp4,FAKE,777,1920,1080
DeepFakeDetection/12_15__talking_angry_couch__N0SRODQD.mp4,FAKE,1261,1920,1080
DeepFakeDetection/12_15__talking_angry_couch__RK17XFJ9.mp4,FAKE,1263,1920,1080
DeepFakeDetection/12_15__walking_and_outside_surprised__N0SRODQD.mp4,FAKE,782,1920,1080
DeepFakeDetection/12_15__walking_down_street_outside_angry__N0SRODQD.mp4,FAKE,552,1920,1080
DeepFakeDetection/12_18__outside_talking_pan_laughing__IKH1LBBY.mp4,FAKE,828,1920,1080
DeepFakeDetection/12_18__talking_against_wall__IKH1LBBY.mp4,FAKE,867,1920,1080
DeepFakeDetection/12_18__walking_outside_cafe_disgusted__IKH1LBBY.mp4,FAKE,570,1920,1080
DeepFakeDetection/12_20__outside_talking_pan_laughing__GHPWDH3C.mp4,FAKE,828,1920,1080
DeepFakeDetection/12_20__secret_conversation__B0X1CGG2.mp4,FAKE,5,1920,1080
DeepFakeDetection/12_20__talking_against_wall__GHPWDH3C.mp4,FAKE,865,1920,1080
DeepFakeDetection/12_20__walking_outside_cafe_disgusted__B0X1CGG2.mp4,FAKE,661,1920,1080
DeepFakeDetection/12_21__kitchen_pan__ME7E3R1D.mp4,FAKE,678,1920,1080
DeepFakeDetection/12_21__outside_talking_still_laughing__J54W3PV1.mp4,FAKE,769,1920,1080
DeepFakeDetection/12_21__talking_against_wall__J54W3PV1.mp4,FAKE,865,1920,1080
DeepFakeDetection/12_25__walk_down_hall_angry__I2X1XTCC.mp4,FAKE,391,1920,1080
DeepFakeDetection/12_25__walking_and_outside_surprised__FQE07ND1.mp4,FAKE,564,1920,1080
DeepFakeDetection/12_25__walking_outside_cafe_disgusted__0SA36BZ5.mp4,FAKE,685,1920,1080
DeepFakeDetection/12_25__walking_outside_cafe_disgusted__G26LG5N7.mp4,FAKE,650,1920,1080
DeepFakeDetection/12_26__podium_speech_happy__BFBNM8FR.mp4,FAKE,976,1920,1080
DeepFakeDetection/12_26__talking_angry_couch__LI63E4TS.mp4,FAKE,1269,1920,1080
DeepFakeDetection/12_26__walking_outside_cafe_disgusted__OTKIGGFE.mp4,FAKE,688,1920,1080
DeepFakeDetection/12_26__walking_outside_cafe_disgusted__OVOQACG8.mp4,FAKE,699,1920,1080
DeepFakeDetection/13_02__exit_phone_room__CP5HFV3K.mp4,FAKE,442,1920,1080
DeepFakeDetection/13_02__kitchen_pan__2YSYT2N3.mp4,FAKE,594,1920,1080
DeepFakeDetection/13_02__kitchen_pan__CP5HFV3K.mp4,FAKE,596,1920,1080
DeepFakeDetection/13_02__outside_talking_still_laughing__CP5HFV3K.mp4,FAKE,627,1920,1080
DeepFakeDetection/13_02__walking_and_outside_surprised__CP5HFV3K.mp4,FAKE,381,1920,1080
DeepFakeDetection/13_02__walking_down_indoor_hall_disgust__AROBAY8R.mp4,FAKE,1242,1920,1080
DeepFakeDetection/13_02__walking_down_street_outside_angry__2YSYT2N3.mp4,FAKE,512,1920,1080
DeepFakeDetection/13_03__exit_phone_room__GBYWJW06.mp4,FAKE,424,1920,1080
DeepFakeDetection/13_03__outside_talking_still_laughing__GBYWJW06.mp4,FAKE,637,1920,1080
DeepFakeDetection/13_03__talking_against_wall__GBYWJW06.mp4,FAKE,864,1920,1080
DeepFakeDetection/13_03__walking_down_indoor_hall_disgust__GBYWJW06.mp4,FAKE,1248,1920,1080
DeepFakeDetection/13_04__talking_angry_couch__00T3UYOR.mp4,FAKE,1110,1920,1080
DeepFakeDetection/13_04__walking_outside_cafe_disgusted__00T3UYOR.mp4,FAKE,329,1920,1080
DeepFakeDetection/13_07__exit_phone_room__RVQCPCJF.mp4,FAKE,440,1920,1080
DeepFakeDetection/13_07__secret_conversation__RVQCPCJF.mp4,FAKE,105,1920,1080
DeepFakeDetection/13_09__hugging_happy__BVZGDFD8.mp4,FAKE,784,1920,1080
DeepFakeDetection/13_09__hugging_happy__LPT427RY.mp4,FAKE,275,1920,1080
DeepFakeDetection/13_09__outside_talking_still_laughing__30N46VHZ.mp4,FAKE,607,1920,1080
DeepFakeDetection/13_09__walking_down_indoor_hall_disgust__3GQ49P2J.mp4,FAKE,1234,1920,1080
DeepFakeDetection/13_09__walking_down_indoor_hall_disgust__BVZGDFD8.mp4,FAKE,1246,1920,1080
DeepFakeDetection/13_09__walking_down_street_outside_angry__B41GFUV2.mp4,FAKE,528,1920,1080
DeepFakeDetection/13_11__hugging_happy__61T622EK.mp4,FAKE,788,1920,1080
DeepFakeDetection/13_11__outside_talking_still_laughing__61T622EK.mp4,FAKE,622,1920,1080
DeepFakeDetection/13_11__podium_speech_happy__XXKQ4XM0.mp4,FAKE,984,1920,1080
DeepFakeDetection/13_12__outside_talking_still_laughing__2TM4IFSF.mp4,FAKE,570,1920,1080
DeepFakeDetection/13_12__podium_speech_happy__2TM4IFSF.mp4,FAKE,952,1920,1080
DeepFakeDetection/13_12__secret_conversation__6G44TDN4.mp4,FAKE,219,1920,1080
DeepFakeDetection/13_12__secret_conversation__DJ7MF331.mp4,FAKE,294,1920,1080
DeepFakeDetection/13_12__talking_against_wall__2TM4IFSF.mp4,FAKE,837,1920,1080
DeepFakeDetection/13_12__walk_down_hall_angry__Q442U52P.mp4,FAKE,423,1920,1080
DeepFakeDetection/13_12__walking_down_street_outside_angry__2TM4IFSF.mp4,FAKE,520,1920,1080
DeepFakeDetection/13_14__hugging_happy__KMQ3AW6A.mp4,FAKE,793,1920,1080
DeepFakeDetection/13_14__outside_talking_pan_laughing__KMQ3AW6A.mp4,FAKE,466,1920,1080
DeepFakeDetection/13_14__talking_against_wall__KMQ3AW6A.mp4,FAKE,851,1920,1080
DeepFakeDetection/13_20__kitchen_still__LXLR1B6N.mp4,FAKE,768,1920,1080
DeepFakeDetection/13_20__kitchen_still__NJEO6L5O.mp4,FAKE,773,1920,1080
DeepFakeDetection/13_20__podium_speech_happy__C50CSOEX.mp4,FAKE,984,1920,1080
DeepFakeDetection/13_20__walking_down_indoor_hall_disgust__NJEO6L5O.mp4,FAKE,984,1920,1080
DeepFakeDetection/13_20__walking_down_indoor_hall_disgust__VO2YZXLN.mp4,FAKE,985,1920,1080
DeepFakeDetection/13_25__exit_phone_room__7YMTAF29.mp4,FAKE,423,1920,1080
DeepFakeDetection/13_25__hugging_happy__7YMTAF29.mp4,FAKE,761,1920,1080
DeepFakeDetection/13_25__outside_talking_still_laughing__PBM86HKZ.mp4,FAKE,611,1920,1080
DeepFakeDetection/13_25__walking_and_outside_surprised__PBM86HKZ.mp4,FAKE,652,1920,1080
DeepFakeDetection/13_25__walking_down_street_outside_angry__IW9OFVMG.mp4,FAKE,483,1920,1080
DeepFakeDetection/13_26__talking_against_wall__U5ELHUN5.mp4,FAKE,858,1920,1080
DeepFakeDetection/13_26__walking_down_street_outside_angry__CJALTDKT.mp4,FAKE,476,1920,1080
DeepFakeDetection/13_26__walking_outside_cafe_disgusted__SU8J9CBG.mp4,FAKE,332,1920,1080
DeepFakeDetection/13_27__talking_against_wall__A1OSUJE9.mp4,FAKE,873,1920,1080
DeepFakeDetection/13_27__walking_outside_cafe_disgusted__A1OSUJE9.mp4,FAKE,359,1920,1080
DeepFakeDetection/14_01__hugging_happy__0S0NS5C6.mp4,FAKE,128,1920,1080
DeepFakeDetection/14_01__kitchen_pan__0S0NS5C6.mp4,FAKE,631,1920,1080
DeepFakeDetection/14_01__outside_talking_still_laughing__01YF7VQM.mp4,FAKE,920,1920,1080
DeepFakeDetection/14_01__talking_angry_couch__0S0NS5C6.mp4,FAKE,1558,1920,1080
DeepFakeDetection/14_01__walking_and_outside_surprised__01YF7VQM.mp4,FAKE,807,1920,1080
DeepFakeDetection/14_02__exit_phone_room__3IUBEKCT.mp4,FAKE,589,1920,1080
DeepFakeDetection/14_02__outside_talking_pan_laughing__3IUBEKCT.mp4,FAKE,710,1920,1080
DeepFakeDetection/14_02__podium_speech_happy__3IUBEKCT.mp4,FAKE,1319,1920,1080
DeepFakeDetection/14_03__exit_phone_room__0O9TTCJT.mp4,FAKE,606,1920,1080
DeepFakeDetection/14_03__exit_phone_room__KJ221YN0.mp4,FAKE,612,1920,1080
DeepFakeDetection/14_03__hugging_happy__PLCQJM81.mp4,FAKE,110,1920,1080
DeepFakeDetection/14_03__kitchen_still__Q9NSXM88.mp4,FAKE,889,1920,1080
DeepFakeDetection/14_03__outside_talking_still_laughing__KJ221YN0.mp4,FAKE,919,1920,1080
DeepFakeDetection/14_03__talking_angry_couch__L0GHYIFS.mp4,FAKE,1552,1920,1080
DeepFakeDetection/14_03__walking_and_outside_surprised__P1L5PF4I.mp4,FAKE,810,1920,1080
DeepFakeDetection/14_03__walking_down_indoor_hall_disgust__KJ221YN0.mp4,FAKE,1158,1920,1080
DeepFakeDetection/14_06__outside_talking_pan_laughing__8U9ULZDT.mp4,FAKE,710,1920,1080
DeepFakeDetection/14_06__podium_speech_happy__8U9ULZDT.mp4,FAKE,1319,1920,1080
DeepFakeDetection/14_06__secret_conversation__8U9ULZDT.mp4,FAKE,913,1920,1080
DeepFakeDetection/14_06__walking_and_outside_surprised__8U9ULZDT.mp4,FAKE,809,1920,1080
DeepFakeDetection/14_07__walk_down_hall_angry__P9QFO50U.mp4,FAKE,560,1920,1080
DeepFakeDetection/14_09__walking_down_indoor_hall_disgust__6TEK3ZX0.mp4,FAKE,1098,1920,1080
DeepFakeDetection/14_09__walking_down_street_outside_angry__6TEK3ZX0.mp4,FAKE,1284,1920,1080
DeepFakeDetection/14_12__podium_speech_happy__Z7EWFA0P.mp4,FAKE,1178,1920,1080
DeepFakeDetection/14_13__hugging_happy__KMQ3AW6A.mp4,FAKE,125,1920,1080
DeepFakeDetection/14_13__kitchen_still__KMQ3AW6A.mp4,FAKE,853,1920,1080
DeepFakeDetection/14_13__outside_talking_pan_laughing__KMQ3AW6A.mp4,FAKE,702,1920,1080
DeepFakeDetection/14_13__talking_against_wall__KMQ3AW6A.mp4,FAKE,970,1920,1080
DeepFakeDetection/14_13__talking_angry_couch__KMQ3AW6A.mp4,FAKE,1520,1920,1080
DeepFakeDetection/14_13__walk_down_hall_angry__KMQ3AW6A.mp4,FAKE,552,1920,1080
DeepFakeDetection/14_15__hugging_happy__3FRJCJ0V.mp4,FAKE,134,1920,1080
DeepFakeDetection/14_15__kitchen_pan__RF38N10R.mp4,FAKE,633,1920,1080
DeepFakeDetection/14_15__talking_angry_couch__RF38N10R.mp4,FAKE,1547,1920,1080
DeepFakeDetection/14_15__walking_and_outside_surprised__OMLZILK3.mp4,FAKE,778,1920,1080
DeepFakeDetection/14_15__walking_down_street_outside_angry__OMLZILK3.mp4,FAKE,1294,1920,1080
DeepFakeDetection/14_18__exit_phone_room__0YRBHIKG.mp4,FAKE,571,1920,1080
DeepFakeDetection/14_18__hugging_happy__0YRBHIKG.mp4,FAKE,112,1920,1080
DeepFakeDetection/14_18__kitchen_still__0YRBHIKG.mp4,FAKE,886,1920,1080
DeepFakeDetection/14_18__kitchen_still__A5A1Q467.mp4,FAKE,885,1920,1080
DeepFakeDetection/14_18__outside_talking_still_laughing__6SB2BR0A.mp4,FAKE,920,1920,1080
DeepFakeDetection/14_18__podium_speech_happy__0YRBHIKG.mp4,FAKE,1320,1920,1080
DeepFakeDetection/14_18__talking_angry_couch__A5A1Q467.mp4,FAKE,1516,1920,1080
DeepFakeDetection/14_18__walking_down_indoor_hall_disgust__0YRBHIKG.mp4,FAKE,699,1920,1080
DeepFakeDetection/14_20__hugging_happy__B014BKVO.mp4,FAKE,110,1920,1080
DeepFakeDetection/14_20__kitchen_pan__R7SPX6OK.mp4,FAKE,626,1920,1080
DeepFakeDetection/14_20__podium_speech_happy__R7SPX6OK.mp4,FAKE,1319,1920,1080
DeepFakeDetection/14_20__walking_and_outside_surprised__B014BKVO.mp4,FAKE,810,1920,1080
DeepFakeDetection/14_20__walking_down_street_outside_angry__3HWOJRAM.mp4,FAKE,1273,1920,1080
DeepFakeDetection/14_20__walking_outside_cafe_disgusted__3HWOJRAM.mp4,FAKE,696,1920,1080
DeepFakeDetection/14_21__exit_phone_room__IRKML4J0.mp4,FAKE,608,1920,1080
DeepFakeDetection/14_21__podium_speech_happy__IRKML4J0.mp4,FAKE,1316,1920,1080
DeepFakeDetection/14_21__walk_down_hall_angry__N0WM4GSV.mp4,FAKE,553,1920,1080
DeepFakeDetection/14_21__walking_and_outside_surprised__N0WM4GSV.mp4,FAKE,799,1920,1080
DeepFakeDetection/14_21__walking_down_street_outside_angry__N0WM4GSV.mp4,FAKE,1273,1920,1080
DeepFakeDetection/14_26__kitchen_still__ILLP29ZH.mp4,FAKE,878,1920,1080
DeepFakeDetection/14_26__outside_talking_still_laughing__ILLP29ZH.mp4,FAKE,921,1920,1080
DeepFakeDetection/14_26__podium_speech_happy__ILLP29ZH.mp4,FAKE,1320,1920,1080
DeepFakeDetection/14_26__secret_conversation__SU8SAHTT.mp4,FAKE,795,1920,1080
DeepFakeDetection/14_26__talking_angry_couch__ILLP29ZH.mp4,FAKE,1541,1920,1080
DeepFakeDetection/14_26__talking_angry_couch__SU8SAHTT.mp4,FAKE,1440,1920,1080
DeepFakeDetection/15_01__kitchen_still__02HILKYO.mp4,FAKE,865,1920,1080
DeepFakeDetection/15_01__outside_talking_still_laughing__02HILKYO.mp4,FAKE,857,1920,1080
DeepFakeDetection/15_02__hugging_happy__SB6PMCO0.mp4,FAKE,667,1920,1080
DeepFakeDetection/15_02__kitchen_still__HTG660F8.mp4,FAKE,865,1920,1080
DeepFakeDetection/15_02__kitchen_still__SB6PMCO0.mp4,FAKE,865,1920,1080
DeepFakeDetection/15_02__outside_talking_pan_laughing__MCRFMYAE.mp4,FAKE,680,1920,1080
DeepFakeDetection/15_02__talking_against_wall__HTG660F8.mp4,FAKE,840,1920,1080
DeepFakeDetection/15_02__talking_against_wall__MZWH8ATN.mp4,FAKE,843,1920,1080
DeepFakeDetection/15_02__talking_against_wall__TSRK8QS4.mp4,FAKE,849,1920,1080
DeepFakeDetection/15_02__walking_down_indoor_hall_disgust__HTG660F8.mp4,FAKE,1357,1920,1080
DeepFakeDetection/15_02__walking_outside_cafe_disgusted__P2FAY3DR.mp4,FAKE,509,1920,1080
DeepFakeDetection/15_03__exit_phone_room__GZNLO4X9.mp4,FAKE,356,1920,1080
DeepFakeDetection/15_03__kitchen_pan__DG8ITQO3.mp4,FAKE,591,1920,1080
DeepFakeDetection/15_03__podium_speech_happy__OY4I7ZU8.mp4,FAKE,1422,1920,1080
DeepFakeDetection/15_03__podium_speech_happy__Y11NT1YX.mp4,FAKE,1422,1920,1080
DeepFakeDetection/15_03__talking_angry_couch__5C1OMK8W.mp4,FAKE,1290,1920,1080
DeepFakeDetection/15_03__talking_angry_couch__DNUJD8M2.mp4,FAKE,1304,1920,1080
DeepFakeDetection/15_03__talking_angry_couch__T5SHH2UL.mp4,FAKE,1304,1920,1080
DeepFakeDetection/15_04__kitchen_pan__46TJ9IOJ.mp4,FAKE,590,1920,1080
DeepFakeDetection/15_04__kitchen_still__46TJ9IOJ.mp4,FAKE,865,1920,1080
DeepFakeDetection/15_04__outside_talking_pan_laughing__7NW4Z6WZ.mp4,FAKE,677,1920,1080
DeepFakeDetection/15_04__talking_against_wall__46TJ9IOJ.mp4,FAKE,857,1920,1080
DeepFakeDetection/15_04__walking_and_outside_surprised__46TJ9IOJ.mp4,FAKE,865,1920,1080
DeepFakeDetection/15_06__exit_phone_room__E98QYYXO.mp4,FAKE,354,1920,1080
DeepFakeDetection/15_06__kitchen_still__E98QYYXO.mp4,FAKE,865,1920,1080
DeepFakeDetection/15_06__outside_talking_pan_laughing__QRCD27P8.mp4,FAKE,684,1920,1080
DeepFakeDetection/15_06__talking_against_wall__QRCD27P8.mp4,FAKE,852,1920,1080
DeepFakeDetection/15_06__walking_down_indoor_hall_disgust__QRCD27P8.mp4,FAKE,1348,1920,1080
DeepFakeDetection/15_06__walking_down_street_outside_angry__YDX3GHFS.mp4,FAKE,330,1920,1080
DeepFakeDetection/15_06__walking_outside_cafe_disgusted__QRCD27P8.mp4,FAKE,509,1920,1080
DeepFakeDetection/15_07__kitchen_still__9Z2MLKVX.mp4,FAKE,865,1920,1080
DeepFakeDetection/15_07__podium_speech_happy__KM6M2TBT.mp4,FAKE,1417,1920,1080
DeepFakeDetection/15_07__walking_down_indoor_hall_disgust__NYPO7U50.mp4,FAKE,1131,1920,1080
DeepFakeDetection/15_12__hugging_happy__N0SRODQD.mp4,FAKE,567,1920,1080
DeepFakeDetection/15_12__outside_talking_still_laughing__RK17XFJ9.mp4,FAKE,800,1920,1080
DeepFakeDetection/15_12__talking_angry_couch__N0SRODQD.mp4,FAKE,972,1920,1080
DeepFakeDetection/15_12__talking_angry_couch__RK17XFJ9.mp4,FAKE,1218,1920,1080
DeepFakeDetection/15_12__walking_down_indoor_hall_disgust__RK17XFJ9.mp4,FAKE,1337,1920,1080
DeepFakeDetection/15_12__walking_down_street_outside_angry__N0SRODQD.mp4,FAKE,349,1920,1080
DeepFakeDetection/15_13__kitchen_pan__X0EIIJF7.mp4,FAKE,588,1920,1080
DeepFakeDetection/15_14__exit_phone_room__OMLZILK3.mp4,FAKE,382,1920,1080
DeepFakeDetection/15_14__exit_phone_room__RNHLLKSQ.mp4,FAKE,380,1920,1080
DeepFakeDetection/15_14__talking_against_wall__4SO1CSAM.mp4,FAKE,852,1920,1080
DeepFakeDetection/15_18__kitchen_still__V5VHLCOW.mp4,FAKE,865,1920,1080
DeepFakeDetection/15_18__talking_angry_couch__V5VHLCOW.mp4,FAKE,1270,1920,1080
DeepFakeDetection/15_18__walking_down_indoor_hall_disgust__V5VHLCOW.mp4,FAKE,1349,1920,1080
DeepFakeDetection/15_20__kitchen_pan__99NHTFBM.mp4,FAKE,590,1920,1080
DeepFakeDetection/15_20__outside_talking_pan_laughing__99NHTFBM.mp4,FAKE,682,1920,1080
DeepFakeDetection/15_20__outside_talking_still_laughing__99NHTFBM.mp4,FAKE,841,1920,1080
DeepFakeDetection/15_20__walking_down_indoor_hall_disgust__CYD62VPP.mp4,FAKE,1140,1920,1080
DeepFakeDetection/15_21__kitchen_pan__87WSBJP3.mp4,FAKE,590,1920,1080
DeepFakeDetection/15_25__talking_angry_couch__FF95NMIQ.mp4,FAKE,1293,1920,1080
DeepFakeDetection/15_27__outside_talking_still_laughing__WZ4MLUAV.mp4,FAKE,860,1920,1080
DeepFakeDetection/15_27__podium_speech_happy__2ERUWYH8.mp4,FAKE,1417,1920,1080
DeepFakeDetection/16_05__kitchen_still__053HPS1G.mp4,FAKE,770,1920,1080
DeepFakeDetection/16_05__outside_talking_pan_laughing__053HPS1G.mp4,FAKE,687,1920,1080
DeepFakeDetection/16_05__walking_down_street_outside_angry__BY646B4R.mp4,FAKE,675,1920,1080
DeepFakeDetection/16_05__walking_outside_cafe_disgusted__053HPS1G.mp4,FAKE,1168,1920,1080
DeepFakeDetection/16_08__kitchen_still__8Q7JCS95.mp4,FAKE,772,1920,1080
DeepFakeDetection/16_17__exit_phone_room__S7UMSIQV.mp4,FAKE,509,1920,1080
DeepFakeDetection/16_17__walking_outside_cafe_disgusted__S7UMSIQV.mp4,FAKE,1125,1920,1080
DeepFakeDetection/16_28__hugging_happy__X5FNCYON.mp4,FAKE,728,1920,1080
DeepFakeDetection/16_28__outside_talking_pan_laughing__X5FNCYON.mp4,FAKE,699,1920,1080
DeepFakeDetection/17_05__walk_down_hall_angry__YTJYYDO9.mp4,FAKE,147,1920,1080
DeepFakeDetection/17_08__exit_phone_room__CFIY1YEQ.mp4,FAKE,738,1920,1080
DeepFakeDetection/17_08__hugging_happy__05AN86QA.mp4,FAKE,328,1920,1080
DeepFakeDetection/17_08__outside_talking_still_laughing__PBVFRHF5.mp4,FAKE,530,1920,1080
DeepFakeDetection/17_08__podium_speech_happy__ISS1V0B1.mp4,FAKE,1116,1920,1080
DeepFakeDetection/17_08__talking_against_wall__QOX5NWIJ.mp4,FAKE,688,1920,1080
DeepFakeDetection/17_08__talking_angry_couch__05AN86QA.mp4,FAKE,1300,1920,1080
DeepFakeDetection/17_08__walking_down_indoor_hall_disgust__JZYRLJ8T.mp4,FAKE,917,1920,1080
DeepFakeDetection/17_16__exit_phone_room__S7UMSIQV.mp4,FAKE,724,1920,1080
DeepFakeDetection/17_16__hugging_happy__S7UMSIQV.mp4,FAKE,343,1920,1080
DeepFakeDetection/17_16__podium_speech_happy__EWJJTZHY.mp4,FAKE,1122,1920,1080
DeepFakeDetection/17_16__walk_down_hall_angry__EWJJTZHY.mp4,FAKE,118,1920,1080
DeepFakeDetection/17_16__walk_down_hall_angry__P141P1QH.mp4,FAKE,142,1920,1080
DeepFakeDetection/17_16__walking_down_indoor_hall_disgust__S7UMSIQV.mp4,FAKE,898,1920,1080
DeepFakeDetection/18_02__exit_phone_room__B95S4G6F.mp4,FAKE,421,1920,1080
DeepFakeDetection/18_02__kitchen_still__B95S4G6F.mp4,FAKE,857,1920,1080
DeepFakeDetection/18_02__secret_conversation__B95S4G6F.mp4,FAKE,1041,1920,1080
DeepFakeDetection/18_03__exit_phone_room__22UBC0BS.mp4,FAKE,421,1920,1080
DeepFakeDetection/18_03__exit_phone_room__32DBR8L4.mp4,FAKE,387,1920,1080
DeepFakeDetection/18_03__kitchen_still__22UBC0BS.mp4,FAKE,857,1920,1080
DeepFakeDetection/18_03__secret_conversation__32DBR8L4.mp4,FAKE,236,1920,1080
DeepFakeDetection/18_03__walking_down_street_outside_angry__22UBC0BS.mp4,FAKE,583,1920,1080
DeepFakeDetection/18_04__talking_against_wall__6J3ZFEJQ.mp4,FAKE,840,1920,1080
DeepFakeDetection/18_04__walking_outside_cafe_disgusted__6J3ZFEJQ.mp4,FAKE,405,1920,1080
DeepFakeDetection/18_06__kitchen_pan__XJ76YU5A.mp4,FAKE,768,1920,1080
DeepFakeDetection/18_06__outside_talking_pan_laughing__DEA1TCLN.mp4,FAKE,755,1920,1080
DeepFakeDetection/18_06__podium_speech_happy__M36D0OJT.mp4,FAKE,1183,1920,1080
DeepFakeDetection/18_06__walking_down_street_outside_angry__MVXBDKGB.mp4,FAKE,550,1920,1080
DeepFakeDetection/18_06__walking_outside_cafe_disgusted__OWJY9LQU.mp4,FAKE,388,1920,1080
DeepFakeDetection/18_09__exit_phone_room__3VP8836C.mp4,FAKE,399,1920,1080
DeepFakeDetection/18_09__kitchen_still__3VP8836C.mp4,FAKE,841,1920,1080
DeepFakeDetection/18_09__walk_down_hall_angry__3VP8836C.mp4,FAKE,347,1920,1080
DeepFakeDetection/18_09__walking_outside_cafe_disgusted__3VP8836C.mp4,FAKE,387,1920,1080
DeepFakeDetection/18_11__secret_conversation__JJ1YREUN.mp4,FAKE,1038,1920,1080
DeepFakeDetection/18_11__secret_conversation__PT4YKO2R.mp4,FAKE,235,1920,1080
DeepFakeDetection/18_11__walking_down_street_outside_angry__PT4YKO2R.mp4,FAKE,549,1920,1080
DeepFakeDetection/18_11__walking_outside_cafe_disgusted__TRJUIS24.mp4,FAKE,372,1920,1080
DeepFakeDetection/18_12__outside_talking_pan_laughing__IKH1LBBY.mp4,FAKE,683,1920,1080
DeepFakeDetection/18_12__outside_talking_still_laughing__IKH1LBBY.mp4,FAKE,820,1920,1080
DeepFakeDetection/18_14__exit_phone_room__0YRBHIKG.mp4,FAKE,387,1920,1080
DeepFakeDetection/18_14__outside_talking_still_laughing__6SB2BR0A.mp4,FAKE,884,1920,1080
DeepFakeDetection/18_14__podium_speech_happy__0YRBHIKG.mp4,FAKE,1183,1920,1080
DeepFakeDetection/18_14__secret_conversation__HYMNQ00Q.mp4,FAKE,1040,1920,1080
DeepFakeDetection/18_14__talking_against_wall__0YRBHIKG.mp4,FAKE,840,1920,1080
DeepFakeDetection/18_15__kitchen_pan__V5VHLCOW.mp4,FAKE,775,1920,1080
DeepFakeDetection/18_15__kitchen_still__V5VHLCOW.mp4,FAKE,858,1920,1080
DeepFakeDetection/18_15__outside_talking_still_laughing__V5VHLCOW.mp4,FAKE,875,1920,1080
DeepFakeDetection/18_15__walking_down_street_outside_angry__V5VHLCOW.mp4,FAKE,582,1920,1080
DeepFakeDetection/18_25__exit_phone_room__AUC0HY5T.mp4,FAKE,395,1920,1080
DeepFakeDetection/18_25__outside_talking_pan_laughing__AUC0HY5T.mp4,FAKE,750,1920,1080
DeepFakeDetection/18_25__walk_down_hall_angry__AUC0HY5T.mp4,FAKE,346,1920,1080
DeepFakeDetection/18_25__walking_outside_cafe_disgusted__SEGFKFJG.mp4,FAKE,371,1920,1080
DeepFakeDetection/18_26__kitchen_still__UMEX6HWU.mp4,FAKE,855,1920,1080
DeepFakeDetection/18_26__outside_talking_still_laughing__UMEX6HWU.mp4,FAKE,867,1920,1080
DeepFakeDetection/18_26__secret_conversation__UMEX6HWU.mp4,FAKE,1049,1920,1080
DeepFakeDetection/18_26__walk_down_hall_angry__AI94QW74.mp4,FAKE,359,1920,1080
DeepFakeDetection/18_26__walking_outside_cafe_disgusted__UMEX6HWU.mp4,FAKE,405,1920,1080
DeepFakeDetection/18_27__kitchen_still__NYHE8D0J.mp4,FAKE,854,1920,1080
DeepFakeDetection/18_27__outside_talking_still_laughing__G7OOOUCX.mp4,FAKE,884,1920,1080
DeepFakeDetection/18_27__walking_outside_cafe_disgusted__NYHE8D0J.mp4,FAKE,387,1920,1080
DeepFakeDetection/19_10__exit_phone_room__IDX76N5R.mp4,FAKE,333,1920,1080
DeepFakeDetection/19_10__podium_speech_happy__FFXB67PI.mp4,FAKE,734,1920,1080
DeepFakeDetection/19_10__talking_against_wall__O2IKR6YM.mp4,FAKE,767,1920,1080
DeepFakeDetection/19_10__walk_down_hall_angry__BVVPN5D5.mp4,FAKE,446,1920,1080
DeepFakeDetection/19_22__outside_talking_pan_laughing__VK6BF5NV.mp4,FAKE,623,1920,1080
DeepFakeDetection/19_22__talking_against_wall__VK6BF5NV.mp4,FAKE,735,1920,1080
DeepFakeDetection/19_23__kitchen_pan__H4SUVFTL.mp4,FAKE,695,1920,1080
DeepFakeDetection/19_23__kitchen_pan__WHQ1229T.mp4,FAKE,711,1920,1080
DeepFakeDetection/19_23__outside_talking_pan_laughing__H4SUVFTL.mp4,FAKE,629,1920,1080
DeepFakeDetection/19_23__talking_angry_couch__F7U8UY7V.mp4,FAKE,1429,1920,1080
DeepFakeDetection/19_23__walk_down_hall_angry__F7U8UY7V.mp4,FAKE,447,1920,1080
DeepFakeDetection/19_23__walking_outside_cafe_disgusted__F7U8UY7V.mp4,FAKE,342,1920,1080
DeepFakeDetection/19_23__walking_outside_cafe_disgusted__WHQ1229T.mp4,FAKE,358,1920,1080
DeepFakeDetection/19_24__kitchen_pan__NPZW2Z9L.mp4,FAKE,691,1920,1080
DeepFakeDetection/19_24__kitchen_pan__QD5K7BP2.mp4,FAKE,690,1920,1080
DeepFakeDetection/19_24__kitchen_still__GNHYZ84G.mp4,FAKE,859,1920,1080
DeepFakeDetection/19_24__outside_talking_pan_laughing__59PN7WZ2.mp4,FAKE,632,1920,1080
DeepFakeDetection/19_24__outside_talking_pan_laughing__OF8LF68K.mp4,FAKE,631,1920,1080
DeepFakeDetection/19_24__outside_talking_still_laughing__59PN7WZ2.mp4,FAKE,840,1920,1080
DeepFakeDetection/19_24__outside_talking_still_laughing__DL7X7M6I.mp4,FAKE,837,1920,1080
DeepFakeDetection/19_24__secret_conversation__59PN7WZ2.mp4,FAKE,164,1920,1080
DeepFakeDetection/19_24__talking_angry_couch__W1DEM0XM.mp4,FAKE,1388,1920,1080
DeepFakeDetection/19_24__walk_down_hall_angry__59PN7WZ2.mp4,FAKE,455,1920,1080
DeepFakeDetection/19_24__walk_down_hall_angry__OF8LF68K.mp4,FAKE,450,1920,1080
DeepFakeDetection/19_24__walk_down_hall_angry__RKQTC50P.mp4,FAKE,443,1920,1080
DeepFakeDetection/19_24__walk_down_hall_angry__W1DEM0XM.mp4,FAKE,441,1920,1080
DeepFakeDetection/20_01__kitchen_pan__6UBMLXK3.mp4,FAKE,640,1920,1080
DeepFakeDetection/20_01__kitchen_still__FW94AIMJ.mp4,FAKE,898,1920,1080
DeepFakeDetection/20_01__outside_talking_still_laughing__FW94AIMJ.mp4,FAKE,834,1920,1080
DeepFakeDetection/20_01__talking_angry_couch__FW94AIMJ.mp4,FAKE,1619,1920,1080
DeepFakeDetection/20_01__walking_and_outside_surprised__6UBMLXK3.mp4,FAKE,880,1920,1080
DeepFakeDetection/20_03__hugging_happy__Z6V05FXO.mp4,FAKE,747,1920,1080
DeepFakeDetection/20_03__talking_angry_couch__61SVZ2J7.mp4,FAKE,1620,1920,1080
DeepFakeDetection/20_03__walk_down_hall_angry__61SVZ2J7.mp4,FAKE,429,1920,1080
DeepFakeDetection/20_06__outside_talking_pan_laughing__6SUW7063.mp4,FAKE,725,1920,1080
DeepFakeDetection/20_06__podium_speech_happy__6SUW7063.mp4,FAKE,1108,1920,1080
DeepFakeDetection/20_07__outside_talking_pan_laughing__5VT4USF9.mp4,FAKE,725,1920,1080
DeepFakeDetection/20_09__kitchen_pan__HG1S0KHA.mp4,FAKE,646,1920,1080
DeepFakeDetection/20_09__kitchen_pan__MKEWB4SM.mp4,FAKE,642,1920,1080
DeepFakeDetection/20_09__outside_talking_pan_laughing__MKEWB4SM.mp4,FAKE,724,1920,1080
DeepFakeDetection/20_09__outside_talking_still_laughing__98NUQ3E6.mp4,FAKE,837,1920,1080
DeepFakeDetection/20_09__podium_speech_happy__RAGUKRMK.mp4,FAKE,1109,1920,1080
DeepFakeDetection/20_09__walk_down_hall_angry__RAGUKRMK.mp4,FAKE,411,1920,1080
DeepFakeDetection/20_09__walking_down_indoor_hall_disgust__0IRM5ADD.mp4,FAKE,1368,1920,1080
DeepFakeDetection/20_09__walking_down_indoor_hall_disgust__RAGUKRMK.mp4,FAKE,1359,1920,1080
DeepFakeDetection/20_12__kitchen_still__VD7BCF1U.mp4,FAKE,897,1920,1080
DeepFakeDetection/20_12__outside_talking_pan_laughing__VD7BCF1U.mp4,FAKE,722,1920,1080
DeepFakeDetection/20_12__walk_down_hall_angry__B0X1CGG2.mp4,FAKE,401,1920,1080
DeepFakeDetection/20_13__hugging_happy__C50CSOEX.mp4,FAKE,731,1920,1080
DeepFakeDetection/20_13__hugging_happy__HQHYKNGK.mp4,FAKE,693,1920,1080
DeepFakeDetection/20_13__kitchen_pan__4SAX54BT.mp4,FAKE,641,1920,1080
DeepFakeDetection/20_13__kitchen_still__NJEO6L5O.mp4,FAKE,892,1920,1080
DeepFakeDetection/20_13__outside_talking_still_laughing__LXLR1B6N.mp4,FAKE,826,1920,1080
DeepFakeDetection/20_13__walk_down_hall_angry__4SAX54BT.mp4,FAKE,428,1920,1080
DeepFakeDetection/20_13__walk_down_hall_angry__HQHYKNGK.mp4,FAKE,402,1920,1080
DeepFakeDetection/20_13__walking_down_indoor_hall_disgust__NJEO6L5O.mp4,FAKE,946,1920,1080
DeepFakeDetection/20_13__walking_down_indoor_hall_disgust__VO2YZXLN.mp4,FAKE,949,1920,1080
DeepFakeDetection/20_14__outside_talking_pan_laughing__R7SPX6OK.mp4,FAKE,725,1920,1080
DeepFakeDetection/20_14__podium_speech_happy__B014BKVO.mp4,FAKE,1108,1920,1080
DeepFakeDetection/20_14__talking_angry_couch__R7SPX6OK.mp4,FAKE,1616,1920,1080
DeepFakeDetection/20_15__outside_talking_pan_laughing__99NHTFBM.mp4,FAKE,724,1920,1080
DeepFakeDetection/20_15__podium_speech_happy__99NHTFBM.mp4,FAKE,1108,1920,1080
DeepFakeDetection/20_15__secret_conversation__99NHTFBM.mp4,FAKE,979,1920,1080
DeepFakeDetection/20_15__walking_down_indoor_hall_disgust__99NHTFBM.mp4,FAKE,1373,1920,1080
DeepFakeDetection/20_15__walking_down_indoor_hall_disgust__CYD62VPP.mp4,FAKE,954,1920,1080
DeepFakeDetection/20_15__walking_outside_cafe_disgusted__99NHTFBM.mp4,FAKE,960,1920,1080
DeepFakeDetection/20_18__outside_talking_pan_laughing__8BMQOD7S.mp4,FAKE,724,1920,1080
DeepFakeDetection/20_18__walking_down_indoor_hall_disgust__8BMQOD7S.mp4,FAKE,1372,1920,1080
DeepFakeDetection/20_21__kitchen_still__ZCB5OMEW.mp4,FAKE,665,1920,1080
DeepFakeDetection/20_21__secret_conversation__ZCB5OMEW.mp4,FAKE,32,1920,1080
DeepFakeDetection/20_21__walking_down_indoor_hall_disgust__ZCB5OMEW.mp4,FAKE,953,1920,1080
DeepFakeDetection/20_21__walking_down_street_outside_angry__ZCB5OMEW.mp4,FAKE,885,1920,1080
DeepFakeDetection/20_25__exit_phone_room__M86GQTHK.mp4,FAKE,574,1920,1080
DeepFakeDetection/20_25__exit_phone_room__MUS0X71T.mp4,FAKE,591,1920,1080
DeepFakeDetection/20_25__outside_talking_pan_laughing__M86GQTHK.mp4,FAKE,725,1920,1080
DeepFakeDetection/20_25__outside_talking_still_laughing__DW2L6D2V.mp4,FAKE,831,1920,1080
DeepFakeDetection/20_25__outside_talking_still_laughing__M786RTSM.mp4,FAKE,829,1920,1080
DeepFakeDetection/20_25__outside_talking_still_laughing__RSCD7KXO.mp4,FAKE,801,1920,1080
DeepFakeDetection/20_25__talking_against_wall__AMY6M1KL.mp4,FAKE,1109,1920,1080
DeepFakeDetection/20_25__walk_down_hall_angry__DW2L6D2V.mp4,FAKE,387,1920,1080
DeepFakeDetection/20_25__walking_and_outside_surprised__RSCD7KXO.mp4,FAKE,878,1920,1080
DeepFakeDetection/20_25__walking_down_street_outside_angry__ZG0SRZOA.mp4,FAKE,842,1920,1080
DeepFakeDetection/20_26__outside_talking_pan_laughing__2VS0S1P5.mp4,FAKE,725,1920,1080
DeepFakeDetection/20_26__outside_talking_pan_laughing__KGFLR0PH.mp4,FAKE,723,1920,1080
DeepFakeDetection/20_26__talking_angry_couch__01OJA93K.mp4,FAKE,1613,1920,1080
DeepFakeDetection/20_26__talking_angry_couch__34DJQS3E.mp4,FAKE,1618,1920,1080
DeepFakeDetection/20_27__kitchen_pan__LM907ECA.mp4,FAKE,650,1920,1080
DeepFakeDetection/21_01__kitchen_pan__03X7CELV.mp4,FAKE,640,1920,1080
DeepFakeDetection/21_01__walk_down_hall_angry__03X7CELV.mp4,FAKE,375,1920,1080
DeepFakeDetection/21_02__kitchen_pan__Z0XHPQAR.mp4,FAKE,643,1920,1080
DeepFakeDetection/21_02__talking_angry_couch__Z0XHPQAR.mp4,FAKE,1269,1920,1080
DeepFakeDetection/21_03__hugging_happy__TEV3HIHZ.mp4,FAKE,875,1920,1080
DeepFakeDetection/21_03__kitchen_still__V53E3RVB.mp4,FAKE,844,1920,1080
DeepFakeDetection/21_03__outside_talking_still_laughing__V53E3RVB.mp4,FAKE,710,1920,1080
DeepFakeDetection/21_03__walk_down_hall_angry__TEV3HIHZ.mp4,FAKE,374,1920,1080
DeepFakeDetection/21_03__walking_down_street_outside_angry__YCSEBZO4.mp4,FAKE,477,1920,1080
DeepFakeDetection/21_04__talking_angry_couch__HY1VWEJK.mp4,FAKE,1267,1920,1080
DeepFakeDetection/21_06__walking_down_indoor_hall_disgust__058I9NIZ.mp4,FAKE,1105,1920,1080
DeepFakeDetection/21_06__walking_outside_cafe_disgusted__058I9NIZ.mp4,FAKE,350,1920,1080
DeepFakeDetection/21_07__exit_phone_room__K7KXUHMU.mp4,FAKE,479,1920,1080
DeepFakeDetection/21_07__exit_phone_room__MKU99DVX.mp4,FAKE,523,1920,1080
DeepFakeDetection/21_07__kitchen_pan__K7KXUHMU.mp4,FAKE,651,1920,1080
DeepFakeDetection/21_07__kitchen_still__K7KXUHMU.mp4,FAKE,846,1920,1080
DeepFakeDetection/21_07__talking_against_wall__CRGVSDBI.mp4,FAKE,906,1920,1080
DeepFakeDetection/21_07__talking_angry_couch__MKU99DVX.mp4,FAKE,1272,1920,1080
DeepFakeDetection/21_07__walking_down_street_outside_angry__MKU99DVX.mp4,FAKE,492,1920,1080
DeepFakeDetection/21_09__hugging_happy__O9ER29Z6.mp4,FAKE,863,1920,1080
DeepFakeDetection/21_09__kitchen_pan__Z8H2TRCI.mp4,FAKE,653,1920,1080
DeepFakeDetection/21_09__kitchen_still__LBQF8ZN1.mp4,FAKE,845,1920,1080
DeepFakeDetection/21_09__outside_talking_still_laughing__O9ER29Z6.mp4,FAKE,660,1920,1080
DeepFakeDetection/21_09__talking_against_wall__JEELOMN2.mp4,FAKE,906,1920,1080
DeepFakeDetection/21_09__talking_against_wall__LBQF8ZN1.mp4,FAKE,905,1920,1080
DeepFakeDetection/21_09__walking_down_street_outside_angry__JEELOMN2.mp4,FAKE,477,1920,1080
DeepFakeDetection/21_09__walking_outside_cafe_disgusted__J7SQKGUR.mp4,FAKE,349,1920,1080
DeepFakeDetection/21_09__walking_outside_cafe_disgusted__JEELOMN2.mp4,FAKE,374,1920,1080
DeepFakeDetection/21_09__walking_outside_cafe_disgusted__Z8H2TRCI.mp4,FAKE,346,1920,1080
DeepFakeDetection/21_11__podium_speech_happy__T7DK03O1.mp4,FAKE,1578,1920,1080
DeepFakeDetection/21_11__walking_down_indoor_hall_disgust__T7DK03O1.mp4,FAKE,968,1920,1080
DeepFakeDetection/21_11__walking_down_street_outside_angry__USLHUQDI.mp4,FAKE,459,1920,1080
DeepFakeDetection/21_11__walking_outside_cafe_disgusted__T7DK03O1.mp4,FAKE,372,1920,1080
DeepFakeDetection/21_14__exit_phone_room__IRKML4J0.mp4,FAKE,518,1920,1080
DeepFakeDetection/21_14__hugging_happy__N0WM4GSV.mp4,FAKE,876,1920,1080
DeepFakeDetection/21_14__kitchen_still__IRKML4J0.mp4,FAKE,843,1920,1080
DeepFakeDetection/21_14__podium_speech_happy__N0WM4GSV.mp4,FAKE,1577,1920,1080
DeepFakeDetection/21_15__kitchen_pan__87WSBJP3.mp4,FAKE,655,1920,1080
DeepFakeDetection/21_15__outside_talking_pan_laughing__87WSBJP3.mp4,FAKE,506,1920,1080
DeepFakeDetection/21_15__walking_down_indoor_hall_disgust__87WSBJP3.mp4,FAKE,912,1920,1080
DeepFakeDetection/21_15__walking_outside_cafe_disgusted__87WSBJP3.mp4,FAKE,375,1920,1080
DeepFakeDetection/21_18__walking_down_indoor_hall_disgust__PQFTWVRQ.mp4,FAKE,1087,1920,1080
DeepFakeDetection/21_25__walk_down_hall_angry__NFBISHIN.mp4,FAKE,363,1920,1080
DeepFakeDetection/21_25__walking_down_street_outside_angry__NFBISHIN.mp4,FAKE,477,1920,1080
DeepFakeDetection/22_10__exit_phone_room__8YQ2EUQP.mp4,FAKE,773,1920,1080
DeepFakeDetection/22_10__outside_talking_pan_laughing__8YQ2EUQP.mp4,FAKE,601,1920,1080
DeepFakeDetection/22_10__walk_down_hall_angry__FY7YI0AJ.mp4,FAKE,420,1920,1080
DeepFakeDetection/22_10__walking_and_outside_surprised__C1U7OY5M.mp4,FAKE,642,1920,1080
DeepFakeDetection/22_19__walk_down_hall_angry__VK6BF5NV.mp4,FAKE,398,1920,1080
DeepFakeDetection/22_23__exit_phone_room__X2ZN5Q31.mp4,FAKE,772,1920,1080
DeepFakeDetection/22_23__kitchen_pan__TU7RHG0S.mp4,FAKE,656,1920,1080
DeepFakeDetection/22_23__outside_talking_pan_laughing__J671JKCH.mp4,FAKE,579,1920,1080
DeepFakeDetection/22_23__outside_talking_pan_laughing__TU7RHG0S.mp4,FAKE,594,1920,1080
DeepFakeDetection/22_23__outside_talking_still_laughing__10R2HRAU.mp4,FAKE,535,1920,1080
DeepFakeDetection/22_23__outside_talking_still_laughing__W9MT3Q5K.mp4,FAKE,584,1920,1080
DeepFakeDetection/22_23__walking_and_outside_surprised__NUTQ0HJ5.mp4,FAKE,753,1920,1080
DeepFakeDetection/22_24__kitchen_pan__XL557XC6.mp4,FAKE,677,1920,1080
DeepFakeDetection/22_24__outside_talking_still_laughing__XL557XC6.mp4,FAKE,565,1920,1080
DeepFakeDetection/22_24__walking_and_outside_surprised__7E3GY85F.mp4,FAKE,738,1920,1080
DeepFakeDetection/22_24__walking_and_outside_surprised__XL557XC6.mp4,FAKE,740,1920,1080
DeepFakeDetection/22_24__walking_down_street_outside_angry__7E3GY85F.mp4,FAKE,899,1920,1080
DeepFakeDetection/22_24__walking_down_street_outside_angry__XL557XC6.mp4,FAKE,849,1920,1080
DeepFakeDetection/23_10__outside_talking_pan_laughing__ZHJO34DY.mp4,FAKE,577,1920,1080
DeepFakeDetection/23_19__hugging_happy__H4SUVFTL.mp4,FAKE,1018,1920,1080
DeepFakeDetection/23_19__secret_conversation__H4SUVFTL.mp4,FAKE,939,1920,1080
DeepFakeDetection/23_19__talking_angry_couch__WHQ1229T.mp4,FAKE,1155,1920,1080
DeepFakeDetection/23_19__walk_down_hall_angry__H4SUVFTL.mp4,FAKE,539,1920,1080
DeepFakeDetection/23_19__walking_and_outside_surprised__F7U8UY7V.mp4,FAKE,801,1920,1080
DeepFakeDetection/23_19__walking_and_outside_surprised__H4SUVFTL.mp4,FAKE,1074,1920,1080
DeepFakeDetection/23_19__walking_down_indoor_hall_disgust__H4SUVFTL.mp4,FAKE,1215,1920,1080
DeepFakeDetection/23_19__walking_outside_cafe_disgusted__WHQ1229T.mp4,FAKE,584,1920,1080
DeepFakeDetection/23_22__kitchen_still__X2ZN5Q31.mp4,FAKE,1035,1920,1080
DeepFakeDetection/23_22__talking_against_wall__AKZRL2QD.mp4,FAKE,1025,1920,1080
DeepFakeDetection/23_22__walking_and_outside_surprised__J671JKCH.mp4,FAKE,800,1920,1080
DeepFakeDetection/23_24__kitchen_pan__YR5OVD4S.mp4,FAKE,782,1920,1080
DeepFakeDetection/23_24__kitchen_still__YR5OVD4S.mp4,FAKE,1035,1920,1080
DeepFakeDetection/23_24__talking_angry_couch__MDSDXSNU.mp4,FAKE,1155,1920,1080
DeepFakeDetection/23_24__talking_angry_couch__YR5OVD4S.mp4,FAKE,1155,1920,1080
DeepFakeDetection/24_10__walking_down_street_outside_angry__356HPS7R.mp4,FAKE,941,1920,1080
DeepFakeDetection/24_19__exit_phone_room__0ZFOV5ZE.mp4,FAKE,494,1920,1080
DeepFakeDetection/24_19__exit_phone_room__QD5K7BP2.mp4,FAKE,516,1920,1080
DeepFakeDetection/24_19__kitchen_pan__QD5K7BP2.mp4,FAKE,721,1920,1080
DeepFakeDetection/24_19__outside_talking_pan_laughing__LVZNRK9S.mp4,FAKE,651,1920,1080
DeepFakeDetection/24_19__outside_talking_still_laughing__NPZW2Z9L.mp4,FAKE,837,1920,1080
DeepFakeDetection/24_19__outside_talking_still_laughing__RKQTC50P.mp4,FAKE,844,1920,1080
DeepFakeDetection/24_19__secret_conversation__LVZNRK9S.mp4,FAKE,415,1920,1080
DeepFakeDetection/24_19__secret_conversation__NPZW2Z9L.mp4,FAKE,11,1920,1080
DeepFakeDetection/24_19__secret_conversation__QD5K7BP2.mp4,FAKE,13,1920,1080
DeepFakeDetection/24_19__talking_against_wall__QD5K7BP2.mp4,FAKE,1072,1920,1080
DeepFakeDetection/24_19__walk_down_hall_angry__OF8LF68K.mp4,FAKE,398,1920,1080
DeepFakeDetection/24_19__walk_down_hall_angry__QD5K7BP2.mp4,FAKE,400,1920,1080
DeepFakeDetection/24_19__walking_down_street_outside_angry__GNHYZ84G.mp4,FAKE,924,1920,1080
DeepFakeDetection/24_19__walking_down_street_outside_angry__QD5K7BP2.mp4,FAKE,924,1920,1080
DeepFakeDetection/24_19__walking_outside_cafe_disgusted__GNHYZ84G.mp4,FAKE,731,1920,1080
DeepFakeDetection/24_19__walking_outside_cafe_disgusted__NPZW2Z9L.mp4,FAKE,745,1920,1080
DeepFakeDetection/24_22__kitchen_pan__XL557XC6.mp4,FAKE,741,1920,1080
DeepFakeDetection/24_22__walk_down_hall_angry__7E3GY85F.mp4,FAKE,399,1920,1080
DeepFakeDetection/24_22__walking_outside_cafe_disgusted__XL557XC6.mp4,FAKE,721,1920,1080
DeepFakeDetection/24_23__kitchen_still__YR5OVD4S.mp4,FAKE,784,1920,1080
DeepFakeDetection/24_23__outside_talking_still_laughing__YR5OVD4S.mp4,FAKE,849,1920,1080
DeepFakeDetection/24_23__podium_speech_happy__YR5OVD4S.mp4,FAKE,1122,1920,1080
DeepFakeDetection/24_23__walking_down_street_outside_angry__YR5OVD4S.mp4,FAKE,906,1920,1080
DeepFakeDetection/25_02__talking_against_wall__Z7FQ69VP.mp4,FAKE,234,1920,1080
DeepFakeDetection/25_02__walking_outside_cafe_disgusted__Z7FQ69VP.mp4,FAKE,304,1920,1080
DeepFakeDetection/25_06__outside_talking_pan_laughing__MI9BDQ7M.mp4,FAKE,291,1920,1080
DeepFakeDetection/25_06__outside_talking_still_laughing__MI9BDQ7M.mp4,FAKE,354,1920,1080
DeepFakeDetection/25_09__outside_talking_still_laughing__ODAQ7BZL.mp4,FAKE,317,1920,1080
DeepFakeDetection/25_09__secret_conversation__ODAQ7BZL.mp4,FAKE,489,1920,1080
DeepFakeDetection/25_09__talking_against_wall__ODAQ7BZL.mp4,FAKE,227,1920,1080
DeepFakeDetection/25_12__secret_conversation__0SA36BZ5.mp4,FAKE,59,1920,1080
DeepFakeDetection/25_12__secret_conversation__MA71PDNV.mp4,FAKE,143,1920,1080
DeepFakeDetection/25_12__walking_down_street_outside_angry__MA71PDNV.mp4,FAKE,264,1920,1080
DeepFakeDetection/25_15__walk_down_hall_angry__BXVA6VQB.mp4,FAKE,456,1920,1080
DeepFakeDetection/25_15__walking_down_street_outside_angry__FF95NMIQ.mp4,FAKE,394,1920,1080
DeepFakeDetection/25_18__outside_talking_pan_laughing__SEGFKFJG.mp4,FAKE,295,1920,1080
DeepFakeDetection/25_18__talking_against_wall__SEGFKFJG.mp4,FAKE,240,1920,1080
DeepFakeDetection/25_18__walk_down_hall_angry__AUC0HY5T.mp4,FAKE,432,1920,1080
DeepFakeDetection/25_20__outside_talking_still_laughing__NPM0ENKD.mp4,FAKE,345,1920,1080
DeepFakeDetection/25_20__talking_against_wall__CYKLS79C.mp4,FAKE,220,1920,1080
DeepFakeDetection/25_20__talking_against_wall__MUS0X71T.mp4,FAKE,242,1920,1080
DeepFakeDetection/25_20__talking_against_wall__ZG0SRZOA.mp4,FAKE,233,1920,1080
DeepFakeDetection/25_20__walking_outside_cafe_disgusted__AMY6M1KL.mp4,FAKE,273,1920,1080
DeepFakeDetection/25_20__walking_outside_cafe_disgusted__RSCD7KXO.mp4,FAKE,289,1920,1080
DeepFakeDetection/25_21__outside_talking_pan_laughing__2R46UX3R.mp4,FAKE,286,1920,1080
DeepFakeDetection/25_21__talking_against_wall__NFBISHIN.mp4,FAKE,215,1920,1080
DeepFakeDetection/25_21__walking_outside_cafe_disgusted__2R46UX3R.mp4,FAKE,294,1920,1080
DeepFakeDetection/25_26__exit_phone_room__7ZRKCFMS.mp4,FAKE,331,1920,1080
DeepFakeDetection/25_26__outside_talking_still_laughing__0UFFR3U1.mp4,FAKE,343,1920,1080
DeepFakeDetection/25_26__podium_speech_happy__PQ41U3IJ.mp4,FAKE,1521,1920,1080
DeepFakeDetection/25_26__walking_outside_cafe_disgusted__7ZRKCFMS.mp4,FAKE,278,1920,1080
DeepFakeDetection/25_27__outside_talking_pan_laughing__1KU29EUL.mp4,FAKE,292,1920,1080
DeepFakeDetection/25_27__outside_talking_pan_laughing__GNIMW95Z.mp4,FAKE,288,1920,1080
DeepFakeDetection/25_27__talking_against_wall__ZTV6TUQ9.mp4,FAKE,238,1920,1080
DeepFakeDetection/25_27__walk_down_hall_angry__1KU29EUL.mp4,FAKE,426,1920,1080
DeepFakeDetection/26_01__secret_conversation__BTVMWLG6.mp4,FAKE,1125,1920,1080
DeepFakeDetection/26_03__kitchen_pan__WBSXBL82.mp4,FAKE,660,1920,1080
DeepFakeDetection/26_03__talking_angry_couch__WBSXBL82.mp4,FAKE,1452,1920,1080
DeepFakeDetection/26_03__walk_down_hall_angry__WBSXBL82.mp4,FAKE,352,1920,1080
DeepFakeDetection/26_04__kitchen_still__WX836VLY.mp4,FAKE,836,1920,1080
DeepFakeDetection/26_04__outside_talking_still_laughing__WX836VLY.mp4,FAKE,485,1920,1080
DeepFakeDetection/26_04__talking_against_wall__WX836VLY.mp4,FAKE,1295,1920,1080
DeepFakeDetection/26_04__walking_down_street_outside_angry__WX836VLY.mp4,FAKE,431,1920,1080
DeepFakeDetection/26_04__walking_outside_cafe_disgusted__MS2MLJP1.mp4,FAKE,508,1920,1080
DeepFakeDetection/26_06__kitchen_still__L5BVR5L9.mp4,FAKE,857,1920,1080
DeepFakeDetection/26_06__podium_speech_happy__L5BVR5L9.mp4,FAKE,1087,1920,1080
DeepFakeDetection/26_06__walk_down_hall_angry__L5BVR5L9.mp4,FAKE,360,1920,1080
DeepFakeDetection/26_07__kitchen_pan__FGNGC2GT.mp4,FAKE,660,1920,1080
DeepFakeDetection/26_09__talking_against_wall__C3K20JOL.mp4,FAKE,1295,1920,1080
DeepFakeDetection/26_09__walk_down_hall_angry__XXGYLT82.mp4,FAKE,351,1920,1080
DeepFakeDetection/26_11__outside_talking_pan_laughing__ALJ0OHNM.mp4,FAKE,328,1920,1080
DeepFakeDetection/26_12__exit_phone_room__HEKDCIHW.mp4,FAKE,283,1920,1080
DeepFakeDetection/26_12__outside_talking_still_laughing__FWFQ5YB8.mp4,FAKE,369,1920,1080
DeepFakeDetection/26_12__podium_speech_happy__BFBNM8FR.mp4,FAKE,1087,1920,1080
DeepFakeDetection/26_12__walking_down_street_outside_angry__OVOQACG8.mp4,FAKE,437,1920,1080
DeepFakeDetection/26_13__outside_talking_pan_laughing__WK3NZ3UV.mp4,FAKE,357,1920,1080
DeepFakeDetection/26_13__podium_speech_happy__U5ELHUN5.mp4,FAKE,1086,1920,1080
DeepFakeDetection/26_13__secret_conversation__XRS5W2NC.mp4,FAKE,1113,1920,1080
DeepFakeDetection/26_14__kitchen_pan__SU8SAHTT.mp4,FAKE,675,1920,1080
DeepFakeDetection/26_15__walk_down_hall_angry__JHMUZFIJ.mp4,FAKE,352,1920,1080
DeepFakeDetection/26_18__kitchen_pan__C9VUQS9O.mp4,FAKE,694,1920,1080
DeepFakeDetection/26_18__outside_talking_still_laughing__AI94QW74.mp4,FAKE,446,1920,1080
DeepFakeDetection/26_18__walk_down_hall_angry__UMEX6HWU.mp4,FAKE,372,1920,1080
DeepFakeDetection/26_20__kitchen_pan__C8GN41DU.mp4,FAKE,687,1920,1080
DeepFakeDetection/26_20__outside_talking_pan_laughing__01OJA93K.mp4,FAKE,377,1920,1080
DeepFakeDetection/26_20__secret_conversation__34DJQS3E.mp4,FAKE,775,1920,1080
DeepFakeDetection/26_20__talking_angry_couch__2VS0S1P5.mp4,FAKE,1448,1920,1080
DeepFakeDetection/26_20__talking_angry_couch__34DJQS3E.mp4,FAKE,1455,1920,1080
DeepFakeDetection/26_20__walk_down_hall_angry__XWMKFMF6.mp4,FAKE,360,1920,1080
DeepFakeDetection/26_25__exit_phone_room__7ZRKCFMS.mp4,FAKE,286,1920,1080
DeepFakeDetection/26_25__outside_talking_pan_laughing__157Z8P8P.mp4,FAKE,305,1920,1080
DeepFakeDetection/26_25__outside_talking_pan_laughing__GJT740J9.mp4,FAKE,327,1920,1080
DeepFakeDetection/26_25__outside_talking_still_laughing__7ZRKCFMS.mp4,FAKE,388,1920,1080
DeepFakeDetection/26_25__secret_conversation__0UFFR3U1.mp4,FAKE,713,1920,1080
DeepFakeDetection/26_25__talking_against_wall__PQ41U3IJ.mp4,FAKE,1290,1920,1080
DeepFakeDetection/26_25__walk_down_hall_angry__XKQAYTLI.mp4,FAKE,352,1920,1080
DeepFakeDetection/26_25__walking_down_street_outside_angry__PQ41U3IJ.mp4,FAKE,430,1920,1080
DeepFakeDetection/26_25__walking_outside_cafe_disgusted__0UFFR3U1.mp4,FAKE,515,1920,1080
DeepFakeDetection/26_27__outside_talking_still_laughing__IE9N0ZI9.mp4,FAKE,480,1920,1080
DeepFakeDetection/26_27__talking_against_wall__IE9N0ZI9.mp4,FAKE,1295,1920,1080
DeepFakeDetection/26_27__talking_angry_couch__IE9N0ZI9.mp4,FAKE,1454,1920,1080
DeepFakeDetection/27_01__hugging_happy__ZYCZ30C0.mp4,FAKE,852,1920,1080
DeepFakeDetection/27_01__meeting_serious__ZYCZ30C0.mp4,FAKE,910,1920,1080
DeepFakeDetection/27_01__talking_against_wall__ZYCZ30C0.mp4,FAKE,940,1920,1080
DeepFakeDetection/27_01__walking_and_outside_surprised__S2YCUY48.mp4,FAKE,1139,1920,1080
DeepFakeDetection/27_01__walking_outside_cafe_disgusted__S2YCUY48.mp4,FAKE,259,1920,1080
DeepFakeDetection/27_01__walking_outside_cafe_disgusted__ZYCZ30C0.mp4,FAKE,259,1920,1080
DeepFakeDetection/27_02__kitchen_pan__3L1MLH3D.mp4,FAKE,525,1920,1080
DeepFakeDetection/27_02__podium_speech_happy__XFSH3BW7.mp4,FAKE,1054,1920,1080
DeepFakeDetection/27_02__talking_angry_couch__FV8M8O2C.mp4,FAKE,1461,1920,1080
DeepFakeDetection/27_02__walk_down_hall_angry__FV8M8O2C.mp4,FAKE,259,1920,1080
DeepFakeDetection/27_02__walking_down_street_outside_angry__78M8S6M6.mp4,FAKE,405,1920,1080
DeepFakeDetection/27_03__podium_speech_happy__72BPN7A1.mp4,FAKE,1053,1920,1080
DeepFakeDetection/27_03__walking_and_outside_surprised__KWGI1LSZ.mp4,FAKE,1140,1920,1080
DeepFakeDetection/27_13__kitchen_still__A1OSUJE9.mp4,FAKE,905,1920,1080
DeepFakeDetection/27_13__outside_talking_pan_laughing__A1OSUJE9.mp4,FAKE,662,1920,1080
DeepFakeDetection/27_14__kitchen_pan__0KSONKQ2.mp4,FAKE,523,1920,1080
DeepFakeDetection/27_18__kitchen_pan__BSOLX3SI.mp4,FAKE,526,1920,1080
DeepFakeDetection/27_18__kitchen_still__NYHE8D0J.mp4,FAKE,905,1920,1080
DeepFakeDetection/27_18__outside_talking_pan_laughing__NYHE8D0J.mp4,FAKE,668,1920,1080
DeepFakeDetection/27_18__talking_against_wall__3GLHD5MH.mp4,FAKE,940,1920,1080
DeepFakeDetection/27_25__exit_phone_room__1KU29EUL.mp4,FAKE,360,1920,1080
DeepFakeDetection/27_25__meeting_serious__GNIMW95Z.mp4,FAKE,910,1920,1080
DeepFakeDetection/27_25__outside_talking_pan_laughing__1KU29EUL.mp4,FAKE,664,1920,1080
DeepFakeDetection/27_25__walk_down_hall_angry__1KU29EUL.mp4,FAKE,233,1920,1080
DeepFakeDetection/27_25__walking_outside_cafe_disgusted__1KU29EUL.mp4,FAKE,229,1920,1080
DeepFakeDetection/27_26__meeting_serious__IE9N0ZI9.mp4,FAKE,910,1920,1080
DeepFakeDetection/27_26__outside_talking_still_laughing__IE9N0ZI9.mp4,FAKE,833,1920,1080
DeepFakeDetection/27_26__talking_against_wall__IE9N0ZI9.mp4,FAKE,940,1920,1080
DeepFakeDetection/28_05__kitchen_pan__W3J028UG.mp4,FAKE,586,1920,1080
DeepFakeDetection/28_05__talking_angry_couch__V20UNLJ5.mp4,FAKE,1182,1920,1080
DeepFakeDetection/28_05__walking_down_street_outside_angry__W3J028UG.mp4,FAKE,1157,1920,1080
DeepFakeDetection/28_05__walking_outside_cafe_disgusted__U9LRLJ6N.mp4,FAKE,373,1920,1080
DeepFakeDetection/28_08__exit_phone_room__5DCAESDA.mp4,FAKE,466,1920,1080
DeepFakeDetection/28_08__exit_phone_room__KXO8S7OP.mp4,FAKE,426,1920,1080
DeepFakeDetection/28_08__kitchen_pan__GQN9WHLD.mp4,FAKE,609,1920,1080
DeepFakeDetection/28_08__kitchen_still__8BC35RFU.mp4,FAKE,781,1920,1080
DeepFakeDetection/28_08__outside_talking_pan_laughing__GGCUYQA4.mp4,FAKE,626,1920,1080
DeepFakeDetection/28_08__podium_speech_happy__KXO8S7OP.mp4,FAKE,949,1920,1080
DeepFakeDetection/28_08__talking_angry_couch__KXO8S7OP.mp4,FAKE,1279,1920,1080
DeepFakeDetection/28_16__podium_speech_happy__6DWLCU6T.mp4,FAKE,951,1920,1080
DeepFakeDetection/28_16__walking_down_street_outside_angry__6DWLCU6T.mp4,FAKE,1198,1920,1080
DeepFakeDetection/28_16__walking_down_street_outside_angry__U757192N.mp4,FAKE,1157,1920,1080
